{"title":"Macaroni &amp; Cheesy","tags":[],"image":null,"description":"Once I discovered my secret technique I fell in love with macaroni & cheese all over again. True cheese lovers will LOVE it!!!","ingredients":["Already included"],"directions":["\nUse less noodles! At least that’s MY favorite way.","\nIn a bowl, use desired amount of noodles and cheese. stir. microwave 25 seconds. stir. Put the rest of the cheese from the pouch in a plastic baggie for later that day.","\nThis way macaroni & cheese is an individule thing, if a person likes more cheese or more noodles whatever they desire!"]}