{"title":"Chocolate Cheesecake Bars","tags":["Cheesecake","Christmas","Baking","Dessert","Dinner Party","Picnic","Chocolate","Eggs","Butter","Vanilla Extract","Lunch","Cookies","Kid Friendly","Make Ahead","Party Planning","Flour","Sugar","Cream","Comfort Food","Easy"],"image":null,"servings":64,"rating":5.1,"description":"Committing to baking a beautiful cheesecake and having the patience to let it cool properly so it doesn’t crack can be a challenge. These cheesecake bars don’t require a special baking pan and only take about an hour to make and bake. Let them cool a couple of hours, then stow in the fridge. They’re an excellent treat to make ahead, and when you’re ready to serve them, cut them into cute 1-inch squares or make the bars larger if you want a more substantial dessert.\nGame plan: Slicing these bars perfectly can be difficult. Watch the CHOW Test Kitchen’s Lisa Lavery demonstrate a technique for how to get a perfect cake slice here—it works beautifully for cheesecake, too.\nSee more bar cookie recipes from CHOW.","totalTime":70,"ingredients":["1 cup all-purpose flour, plus more as needed","1/4 cup plus 2/3 cup granulated sugar","1/2 cup almond meal or almond flour","8 tablespoons unsalted butter (1 stick), at room temperature, plus more to coat the baking pan","1 (8-ounce) package cream cheese, at room temperature","2/3 cup semisweet chocolate chips, melted and cooled slightly","2 large eggs","1/2 teaspoon vanilla extract or 1/4 teaspoon almond extract","1/4 teaspoon fine salt","2/3 cup heavy cream"],"directions":["\nHeat the oven to 350°F and arrange a rack in the middle. Cut a 22-inch-long piece of parchment paper and fold over the edges so it measures 8 inches wide; set it aside. Coat an 8-by-8-inch metal baking pan with butter and line it with the parchment seam-side down (the 2 long ends will hang over the edges). Be sure to fit the parchment as smoothly as possible into the pan, snugly creasing it into the corners.\nSet the pan aside.","\nPlace the flour, 1/4 cup of the sugar, and the almond flour or meal in the bowl of a stand mixer fitted with a paddle attachment and mix on low speed until combined. Add the measured butter and mix until combined and crumbly, about 2 minutes. Transfer the mixture to the prepared pan and, using the bottom of a measuring cup dipped in flour, press it firmly and evenly into the pan.","\nBake until the crust is golden around the edges and springs back gently to the touch, about 20 minutes. Meanwhile, make the chocolate cheesecake topping.","\nWash and dry the bowl and paddle of the stand mixer. Place the cream cheese in the bowl and, using the paddle attachment, beat it on low speed until smooth, about 1 minute. Add the remaining 2/3 cup of sugar, melted chocolate, eggs, vanilla or almond extract, and salt and beat until combined and smooth, stopping to scrape down the bowl and paddle with a rubber spatula once, about 1 minute total.","\nReturn the mixer to low speed, slowly add the cream, and mix until almost completely combined. Increase the speed to medium-low and mix until well combined and smooth, about 1 minute; set aside.","\nWhen the crust is ready, remove the pan from the oven to a wire rack. Pour the chocolate cheesecake mixture over the crust (no need for the crust to be cool) and smooth the top.","\nBake until the top is just set, about 35 minutes. Transfer to the wire rack and let sit at room temperature until completely cooled, about 2 hours. (At this point you can slice and serve the bars, but we recommend letting them chill thoroughly in the refrigerator, about 2 hours more, before slicing and serving.) Cover with plastic wrap and refrigerate until ready to serve, up to 3 days.","\nTo remove the cheesecake bars from the pan, grip the parchment hanging over the edges and pull it out of the pan. Transfer to a cutting board, slide out and discard the parchment, and, using a long knife, cut 64 (1-inch) pieces, wiping the knife clean between slices."],"nutrition":{"calories":68,"fat":4.72,"saturatedFat":2.57,"transFat":0.06,"carbs":5.9,"fiber":0.25,"sugar":4.07,"protein":0.95,"cholesterol":16.92,"sodium":25.66}}