{"title":"Chicken curry with mango. ","tags":["Easy"],"image":null,"servings":4,"description":"It’s one of my favorite recipes. I adapted the recipe for chicken curry from the island of Réunion (Indian Ocean) I then modified so that it becomes chicken curry with mango.","totalTime":35,"ingredients":["500 g chicken breasts","1 large mango","2 small leeks","1 small fresh chilli","10 cl coconut milk","10 ml water + 1 cube chicken","2 tablespoon oil","3 tablespoon curry","1 teaspoon cornstarch","salt, pepper"],"directions":["\n\nCreole cuisine from island of Réunion.","\n2) Cut chicken into cubes, sprinkle with curry, salt and pepper. The brown in the wok in oil 3 minutes. Add leeks, coconut milk and cornstarch dissolved in water and chicken broth. Cover and simmer 5 minutes.","\n3) Peel the mango and cut into cubes. Add it to the wok along with the chili world. Cook 3 minutes.","\n4) Serve hot with white rice (Thai according to taste).","\nI hope you enjoy this recipe."]}