{"title":"Benedictine Dip","tags":["Dip","Super Bowl","New Year's Eve","4th of July","Thanksgiving","Academy Awards","Kentucky Derby","March Madness","Southern","Dinner Party","Vegetarian","Cucumbers","Appetizer","Make Ahead","Party Planning","Cheese","Summer","Easy"],"image":null,"servings":4,"rating":5.1,"description":"Concocted by Jennie Carter Benedict at her Louisville, Kentucky, restaurant Benedict’s, this sandwich filling is easily transformed into a dip using a little sour cream. Our version sticks pretty close to the original but does not contain green food coloring, instead using green jalapeño sauce.\nThis recipe was featured as part of our Kentucky Derby Day menu.","totalTime":10,"ingredients":["1 large English cucumber, peeled, halved lengthwise, and seeded","1/4 medium white onion","8 ounces cream cheese, at room temperature","1/4 cup sour cream","1 tablespoon Tabasco Green Jalapeño Pepper Sauce","1 1/2 teaspoons kosher salt"],"directions":["\nGrate cucumber and onion on the large holes of a box grater. Squeeze both with your hands to remove as much moisture as possible. Place in a fine mesh strainer over a bowl and press several times with a rubber spatula to drain the last of the water; set aside for 5 minutes.","\nPlace cream cheese in a medium bowl and whisk until smooth, about 1 minute. Press on cucumber-onion mixture once more to drain out any remaining water, then add to cream cheese. Add remaining ingredients, season with freshly ground black pepper, and stir until well combined. Refrigerate until chilled, at least 30 minutes or up to 24 hours. Serve with pumpernickel toast points or crudités."],"nutrition":{"calories":236,"fat":22.36,"saturatedFat":12.63,"carbs":6.24,"fiber":0.52,"sugar":3.88,"protein":4.26,"cholesterol":69.84,"sodium":364.98}}