{"title":"Moist Yellow Cake with Bittersweet Chocolate Frosting","tags":["Baking","Dessert","Birthday","Chocolate","Vegetarian","Milk","Cakes","Make Ahead","Easy"],"image":null,"servings":1,"rating":4.1,"description":"A yellow cake with chocolate frosting is the staple for birthdays, and though the simplicity of a box mix is alluring, homemade is just as easy. Here, tender cake pairs with slightly bitter chocolate frosting for a classic combo.\nGame plan: You’ll need to make the Bittersweet Chocolate Frosting before you begin.\nIf you don’t have two 8-inch cake pans, you can make this in a single 13-by-9-inch pan. To frost, use one batch of frosting instead of two. Baking time will be the same.\nThis recipe was featured as part of our Easy-Bake Birthday Cakes story and our Baked Sweets photo gallery.","totalTime":195,"ingredients":["2 1/2 cups all-purpose flour","1 1/2 teaspoons baking powder","1 teaspoon kosher salt","1/4 teaspoon baking soda","12 tablespoons unsalted butter (1 1/2 sticks), at room temperature","1 3/4 cups granulated sugar","2 teaspoons vanilla extract","3 large egg yolks","3 large eggs","1 cup whole milk","2 recipes Bittersweet Chocolate Frosting (see Game Plan note)"],"directions":["\nHeat the oven to 350°F and arrange the rack in the middle. Coat 2 (8-inch) cake pans with butter and flour, and tap out any excess flour. Set aside.","\nCombine flour, baking powder, salt, and baking soda in a small bowl and whisk to aerate and break up any lumps. Set aside.","\nPlace butter in the bowl of a stand mixer fitted with a paddle attachment and mix on medium-high speed until fluffy and light in color, about 3 minutes. Add sugar and vanilla, and continue to beat another 5 minutes. Add yolks one at a time, letting each incorporate fully before adding the next. Stop the mixer and scrape down the sides of the bowl and the paddle.","\nReturn the mixer to medium-high speed and add whole eggs in the same manner, allowing 1 minute between additions. Stop the mixer again and scrape down the sides of the bowl and the paddle. (The mixture should be very pale in color.)","\nAdd 1/3 of the flour mixture, and turn the mixer to low speed, mixing until the flour is just incorporated. Add 1/2 of the milk, and mix until just incorporated. Continue with remaining flour mixture and milk, alternating between each, until all ingredients are incorporated and smooth.","\nDivide batter evenly between the prepared pans. Bake until cake edges slightly pull away from the pans and a cake tester inserted in the center comes out dry with just a few crumbs, about 35 to 40 minutes.","\nRemove the pans from the oven and let cool on a wire rack, about 10 to 15 minutes. Run a knife around the perimeter of each cake, and turn out onto the rack to cool completely (at least 1 1/2 hours) before frosting.","\nTo frost, place a cake layer on an 8-inch cardboard round, a tart-pan bottom, or a cake plate. Evenly spread about 1/3 of the frosting over the top of the layer. Stack the second layer, and evenly spread another 1/3 of the frosting over the top and sides of the whole cake. (Don’t worry about looks at this point—this is just a basecoat, a.k.a. a crumb layer, and it will be covered up later.) Place in the refrigerator until frosting is set up and slightly hard, about 15 minutes. Remove from the refrigerator and spread remaining frosting over the top and sides of the cake, ensuring it’s as even as possible. Serve."]}