{"title":"Allergy-Friendly Vegan Apple Cinnamon &amp; Raisin Muffins","tags":["Easy"],"image":null,"servings":null,"description":"I just don’t think you can go wrong with the combination of apples, cinnamon and raisins. In fact, if you are baking egg-free sweet breads, cakes and muffins, apples are one of your best culinary friends. They help to bind and add texture and flavor that is not too overpowering (you could use an extra pinch of cinnamon if you wanted more of a kick) and create a light springy texture. If you need to whip up a treat for anyone with food allergies, these are fantastic. I have to say, though, I served these up to a ton of my toxic omnivore friends and they gobbled them up with glee.","totalTime":30,"ingredients":["1 cup buckwheat flour","1 cup garbanzo bean / chickpea flour","3/4 cup brown rice flour","3/4 cup tapioca flour","1 1/2 tsp xanthan","2 tsp gluten free baking powder","1 tsp Celtic sea salt","1 cup organic rice milk","1/2 cup grapeseed oil","1 1/4 cups agave nectar","1 1/2 cups unsweetened apple sauce","2 Tbsp pure vanilla extract","2 cups raisins / sultanas","1 Tbsp cinnamon"],"directions":["\nPreheat oven to 180 C / 325 F.","\nMix together all of the wet ingredients in your stand mixer.","\nSift together all of the dry ingredients then add to the wet ingredients and mix until smooth and well combined.","\nCook for about 30–40 minutes until a skewer comes out clean.","\nAllow to cool completely."]}