{"title":"Fresh Herb and Cream Cheese Scramble","tags":["Herbs","Christmas","Mother's Day","Breakfast","Bridal Shower","Gluten Free","Vegetarian","Milk","Dairy","Eggs","Chives","Parsley","Brunch","Comfort Food","Easy","Scrambling"],"image":null,"servings":4,"rating":5.1,"description":"Cream cheese can be used for more than just smearing on a toasted bagel in the morning. Here, we stir it into classic scrambled eggs to add creaminess and tang. Just before serving, sprinkle in lots of fresh herbs for an elegant breakfast option that takes no time to put together. Serve this scramble with toast and a fresh melon salad on the side.\nSee more recipes for scrambled eggs.","totalTime":25,"ingredients":["10 large eggs","1/4 cup milk (not nonfat)","1 teaspoon kosher salt","1/4 teaspoon freshly ground black pepper","2 tablespoons unsalted butter (1/4 stick)","2 ounces cream cheese, cut into small pieces","1/4 cup coarsely chopped fresh herbs, such as dill, chives, parsley, chervil, or a combination"],"directions":["\nPlace the eggs, milk, salt, and pepper in a large bowl and whisk until the eggs are broken up and the mixture is thoroughly combined; set aside.","\nMelt the butter in a large nonstick frying pan over medium-low heat until foaming.","\nPour in the egg mixture. Let sit undisturbed until the eggs just start to set around the edges, about 1 to 2 minutes. Using a rubber spatula, push the eggs from the edges into the center. Scatter the cream cheese pieces over the eggs and gently stir to combine. Let sit again until the edges start to set, then spread back into an even layer. Repeat, pushing the eggs from the edges into the center every 30 seconds, until the eggs are almost set and the cheese is melted and combined, for a total cooking time of about 4 to 5 minutes. (The top of the eggs should still be slightly wet.) Remove the pan from the heat.","\nSprinkle in the herbs and gently stir to combine. Serve immediately."],"nutrition":{"calories":292,"fat":23.09,"saturatedFat":10.59,"transFat":0.28,"carbs":2.95,"fiber":0.37,"sugar":1.81,"protein":17.44,"cholesterol":497.38,"sodium":401.67}}