{"title":"Herb Roasted Pheasant with Wild Rice Stuffing ","tags":["Pheasant","Lunch","Main Dish"],"image":null,"servings":22,"description":"This beautiful roasted bird was served at the Obama inaugural luncheon.\nGame plan: Pheasant can be substituted with chicken.","ingredients":["10 pheasant breast, boneless, remove tenders and reserve for stuffing, cut small pocket in side of breast for stuffing","1⁄2 cup olive oil with chopped rosemary, thyme and sage","1 lb. wild rice, long grain","2 quarts chicken stock or canned chicken broth","2 carrots, diced","1⁄2 onion, diced","1⁄2 cup dried apricot, small diced","1 tablespoon salt and pepper mix","2 tablespoons garlic, roasted"],"directions":["\nBoil the rice with the chicken stock, cook until soft and most of the liquid is gone.","\nAdd the onion, carrot, garlic and apricot. Cook until the vegetables are soft and all liquid has been absorbed. Refrigerate rice mixture until cold.","\nIn a food processor, puree pheasant tenders to a paste consistency to use as a binder for rice mix.","\nWhen rice is cool, add the pheasant puree to the rice until well mixed. Adjust seasoning with salt and pepper and return to refrigerator until ready to stuff.","\nPreheat oven to 400 degrees F.","\nMake 10 small football shaped patties of the rice mix, stuff inside the pheasant, being careful not to overstuff the pheasant. Rub herb/oil mixture on top and bottom of the pheasant, season with salt and pepper. Place the pheasant on a heavy gauge roasting pan and then in a preheated oven for approximately 8-10 minutes. Remove from oven and cover with lid or foil and allow to rest for 10 minutes. Serve over sauté of spinach."],"nutrition":{"calories":320,"fat":6.25,"saturatedFat":2.1,"carbs":20.56,"fiber":3.1,"sugar":2.53,"protein":44.55,"cholesterol":97.77,"sodium":680.56}}