{"title":"Lemon-Chive Biscuits","tags":["Lemons","Chives","Christmas","Mother's Day","Thanksgiving","Breakfast","Dinner Party","Bridal Shower","Vegetarian","Baking Powder","Baking Soda","Milk","Dairy","Butter","Herbs","Brunch","Bread","Biscuits","Flour","Comfort Food","Easy"],"image":null,"servings":6,"description":"Cutting out biscuits is messy, and it’s hard to find the extra time to clean up first thing in the morning. These biscuits are formed right out of the bowl so there’s no need to roll and stamp out the dough on a flour-dusted counter. Just whisk the dry ingredients together, cut in a cold stick of butter, and stir in milk, fresh lemon zest, and chives. Divide the dough into 6 portions, pat them into rounds, drop on a baking sheet, and after about 15 minutes, you’ll have buttery, flaky biscuits to slather with more butter, stuff with smoked salmon, or serve as part of a fancy Crab Benedict.\nFor more, see our buttermilk biscuits recipe.","totalTime":50,"ingredients":["2 cups all-purpose flour","2 teaspoons baking powder","1 teaspoon fine salt","1/2 teaspoon baking soda","8 tablespoons cold unsalted butter (1 stick), cut into 1/2-inch pieces","1 cup cold whole milk","1/4 cup finely chopped chives (from about 2 bunches)","2 teaspoons finely grated lemon zest (from about 2 medium lemons)"],"directions":["\nHeat the oven to 425°F and arrange a rack in the middle. Line a baking sheet with parchment paper and set it aside.","\nWhisk the flour, baking powder, salt, and baking soda together in a large bowl to aerate and combine. Add the butter pieces and toss to just coat them in the flour mixture. Place the bowl in the freezer for 10 minutes.","\nUsing a pastry blender or 2 knives, and working quickly so as not to soften the butter, cut the butter into the dry ingredients until it’s in pea-size pieces. Drizzle in the milk, add the chives and lemon zest, and stir with a wooden spoon just until a moist, shaggy dough comes together.","\nPat the dough into a disk and divide it into 6 equal portions (about 1/2 cup each). Pat each portion into a 2-1/2-inch-wide disk and place them on the prepared baking sheet, spacing them about 2 inches apart.","\nBake until the biscuits have risen and are golden brown on top, about 15 to 16 minutes. Transfer to a wire rack to cool slightly before serving."],"nutrition":{"calories":314,"fat":17.1,"saturatedFat":10.55,"transFat":0.62,"carbs":34.32,"fiber":1.25,"sugar":2.24,"protein":5.82,"cholesterol":44.77,"sodium":246.41}}