{"title":"Peppermint Hot Chocolate","tags":["Christmas","Breakfast","Dessert","Dinner Party","Chocolate","Gluten Free","Vegetarian","Dairy","Drink","Snack","Hot Chocolate","Winter","Comfort Food","Easy"],"image":null,"servings":2,"description":"Lacing hot chocolate with peppermint candies gives it an instant holiday twist. But we’d turn to it anytime a hot chocolate craving sets in.\nWhat to buy: For this recipe, use high-end chocolate, such as El Rey 41 percent milk chocolate.\nWe recommend our pfeffernusse cookies for dunking in this warm treat.","totalTime":10,"ingredients":["1/2 cup whole milk","1/4 cup heavy cream","6 peppermint candies, crushed (about 4 teaspoons)","5 ounces good-quality milk chocolate, coarsely chopped"],"directions":["\nCombine milk, cream, and candies in a small saucepan and bring to a simmer over medium heat. Whisk occasionally until candies are dissolved, about 4 minutes.","\nAdd chocolate and whisk until it is completely melted and well incorporated, about 2 minutes. Serve immediately."]}