{"title":"Beet Horseradish","tags":["Horseradish","Beets","Passover","Jewish","Dinner Party","Condiments","Side Dish","Easy"],"image":null,"servings":2,"rating":3.6,"description":"We adapted this recipe from former Chowhound Editor in Chief Jane Goldman’s mother’s The Jewish Festival Cookbook, which is sadly out of print. It’s the perfect accompaniment to our homemade version of gefilte fish from Firefly Restaurant in San Francisco.\nGame plan: While the authors of the recipe suggest bottling this relish, it’s much easier to simply store it in an airtight container in the refrigerator.\nThis dish was featured as part of our Recipes for Passover photo gallery.","totalTime":20,"ingredients":["1 cup finely grated fresh horseradish","1 cup finely grated raw beet (from about 1 medium)","1/2 teaspoon kosher salt","Pinch sugar","2 to 3 tablespoons white or cider vinegar"],"directions":[],"nutrition":{"calories":90,"fat":0.93,"saturatedFat":0.12,"carbs":20.16,"fiber":5.81,"sugar":14.25,"protein":2.49,"sodium":550.81}}