{"title":"Spiced Wine ~ Vin Brule'","tags":["Easy"],"image":null,"servings":4,"description":"Add a little spice to those cold winter nights – Spiced Wine or Vin Brule’. Recipes vary from region to region – but this is our favorite!","totalTime":5,"ingredients":["1 liter of red wine","100 grams of sugar","a few cloves","a stick of cinnamon","a bit of nutmeg","lemon peel grated (or half lemon, half orange peel)"],"directions":["\nBring all ingredients to a low boil & add the sugar.","\nOnce the sugar is dissolved–lower flame.","\nFilter or strain. Serve warm & enjoy!"]}