{"title":"Turkey Basted with Coffee Liqueur","tags":["Easy"],"image":null,"servings":20,"description":"This is far and away the best turkey recipe I have; I have tried many others but I always return to this one. I got it from www.GourmetKosherCooking.com – amazing website.","totalTime":300,"ingredients":["1 large (20 pounds and up) turkey","1 teaspoon pepper","2 teaspoons granulated garlic","2 tablespoons paprika","½ cup coffee liqueur (I use Starbucks)"],"directions":["\nPreheat oven to 350 degrees.","\nPlace turkey in large roasting pan and sprinkle with spices.","\nRoast, uncovered, for ½ hour.","\nPour liqueur over turkey, cover, and return to oven. Cook for an additional 3 to 4 hours, basting along the way.","\nLet sit at least 10 minutes before carving."]}