{"title":"Key Lime Pie","tags":["Limes","Miami","Easter","Baking","Dessert","Condensed Milk","Eggs","Butter","Pies","Summer","Easy"],"image":null,"servings":8,"rating":4.1,"description":"This key lime pie recipe is a favorite of a lot of people around here, so we thought we’d share it. You will need unsalted butter, sugar, milk, eggs, limes, and lime juice. If you want to do it really fast, use a prepared graham-cracker crust.\nFind out the difference between key limes and regular limes. And for another dessert using them, get this Rum Butter Cake with Key Lime Cream and Tropical Fruit recipe.","totalTime":90,"ingredients":["2 cups graham-cracker crumbs","8 tablespoons (1 stick) unsalted butter, melted and cooled","1/4 cup sugar","2 cups sweetened condensed milk, from 2 (14-ounce) cans","8 large egg yolks","3/4 cup freshly squeezed Key lime juice","2 tablespoons grated Key lime zest"],"directions":["\nHeat oven to 375°F. Combine graham-cracker crumbs, butter, and sugar in a medium bowl; mix well. Press into a 9-1/2-inch deep-dish pie plate, and bake until lightly browned, about 12 minutes. Remove from oven, and transfer to a wire rack until completely cooled.","\nLower oven to 325°F. In a medium bowl, gently whisk together condensed milk and egg yolks. Add Key lime juice and zest and mix until smooth. Pour into the prepared, cooled crust to the top edge. Shake to even if needed.","\nReturn pie to oven, and bake until the center is set but still quivers when the pan is nudged, 15 to 17 minutes. Let cool completely on a wire rack.","\nChill before serving, using the freezer to quick-chill for 10–15 minutes if in a hurry. Garnish with whipped cream (about 2 cups liquid).","#Beverage Pairing: King Estate Vin Glace Pinot Gris, Oregon. Good Key lime pie is punchy, sharp, sweet, and fresh—thus the wine needs to match that. Those are all good adjectives to describe ice wine, and this one from cool Oregon has a nice mix of tropical fruit flavors and honeyed richness. The acidity and sweetness are astounding."],"nutrition":{"calories":523,"fat":24.93,"saturatedFat":13.46,"transFat":0.48,"carbs":66.94,"fiber":0.96,"sugar":53.62,"protein":10.39,"cholesterol":240.99,"sodium":203.87}}