{"title":"She-Crab Soup","tags":["Soup","Sherry","Worcestershire Sauce","Milk","Eggs","Crab","Roe","Celery","Dinner","Flour","Easy"],"image":"https://search.chow.com/thumbnail/1200/0/www.chowstatic.com/assets/models/promotions/photos/28951/original/SheCrabSoup_012.jpg","servings":8,"description":"This rich and creamy soup punctuated with dry sherry is similar to bisque except for those sweet chunks of lump crab meat. It’s a staple of natives of South Carolina’s coast and one example of celebrated Chef Mario Batali’s new cookbook, The Big American Cookbook, featuring 250 recipes from all corners of the country.\nStay with the Southern theme and start off with this Bourbon cocktail recipe.","totalTime":45,"ingredients":["4 tablespoons unsalted butter","1 small onion, finely chopped","2 stalks celery, finely chopped","1 teaspoon kosher salt","½ teaspoon black pepper, freshly ground","¼ cup all-purpose flour","1 cup brown chicken stock","2 tablespoons Worcestershire sauce","3 cups milk","2 cups picked crab meat (about 1 pound), any mix of lump, jumbo lump, or back fin","3 tablespoons dry sherry","2 tablespoons crab roe, or 2 hard-boiled egg yolks, grated, for garnish","paprika for garnish"],"directions":["In a large saucepan over medium heat, melt the butter. Add the onion and celery and sauté until softened, about 5 minutes. Season with the salt and pepper.","Add the flour, whisk to create a roux, and cook for 4 minutes (the roux should not brown).","Add the stock and Worcestershire and whisk, then add the milk and continue to whisk. Reduce the heat to low, add 1½ cups of the crab meat, and simmer for 20 minutes.","Stir in the sherry and simmer for 5 minutes longer. Serve in wide, shallow bowls. Garnish with the remaining crab meat, roe or egg yolk, and dust with paprika."],"nutrition":{"calories":188,"fat":9.58,"saturatedFat":5.58,"transFat":0.24,"carbs":10.54,"fiber":0.45,"sugar":6.07,"protein":14.44,"cholesterol":80.31,"sodium":507.08}}