{"title":"Vanilla Bean–Ricotta Cheesecake","tags":["Cheesecake","Italian","Dessert","Ricotta","Dairy","Spices","Almonds","Cheese"],"image":null,"servings":12,"description":"A creamy, rich, and decadent dessert. For more, see also our classic cheesecake recipe.","ingredients":["#For the graham cracker crust:","2 cups graham cracker crumbs","1 cup finely ground almonds","1/2 cup melted butter","1/2 cup dark brown sugar","2 teaspoons ground cinnamon","","#For the ricotta filling:","3 tablespoons flour","3 tablespoons cornstarch","1 pound cream cheese, at room temperature","1 1/2 cups sugar","1 (15-ounce) container whole-milk ricotta cheese","4 large eggs","1 1/2 tablespoons lemon juice","1 tablespoon lemon zest","1 vanilla bean","1 tablespoon vanilla extract","1/2 cup melted and cooled butter","2 cups sour cream"],"directions":["#For the graham cracker crust:","\nHeat oven to 350°F. Mix together 2 cups graham cracker crumbs, 1 cup finely ground almonds, 1/2 cup melted butter, 1/2 cup dark brown sugar, and 2 teaspoons cinnamon. Press mixture into the bottom of a 9-by-2-inch springform pan. Bake 15 minutes, or until lightly browned. Cool.","#For the ricotta filling:","\nReduce oven temperature to 325°F. Sift together 3 tablespoons each flour and cornstarch, and set aside.","\nUsing an electric mixer, beat 1 pound room-temperature cream cheese and 1 1/2 cups sugar until smooth. Beat in 1 (15-ounce) container whole-milk ricotta cheese. When smooth, beat in 4 eggs, one at a time.","\nBeat in 1 1/2 tablespoons lemon juice; 1 tablespoon lemon zest; the scrapings from inside 1 vanilla bean, split lengthwise; 1 tablespoon vanilla extract; 1/2 cup melted and cooled butter; and 2 cups sour cream. Beat in the flour mix just long enough to combine.","\nPour batter over prebaked graham cracker crust. Surround the cake pan with heavy-duty aluminum foil. Place the pan in a larger pan filled with hot water to about 1 inch up the sides. Bake the cheesecake 1 hour or until barely set in the center. Turn off the oven, leaving the cheesecake inside for 1 hour longer. Cool on a rack and then refrigerate before removing from the pan and slicing into 12 portions.","#Beverage pairing: Tintero Moscato d’Asti, Italy. To end a meal with this creamy and intense dessert suggests that the wine should be the opposite—light and fresh. This Moscato offers that along with some nice, contrasting bubbles. The flavors of each work together, with the vanilla and lemon of the cheesecake playing off the pear and citrus notes of the wine."],"nutrition":{"calories":671,"fat":47.5,"saturatedFat":25.42,"transFat":0.64,"carbs":51.45,"fiber":1.83,"sugar":37.39,"protein":12.14,"cholesterol":182.26,"sodium":278.23}}