{"title":"Pear Pork","tags":["Pears","Pork","French","Healthy","Fruit","Herbs","Fall","Winter","Main Dish"],"image":null,"servings":4,"description":"Especially in autumn this dish becomes desirable, when the crunch of the leaves is underfoot and your breath puffs out in frosty clouds before your face. Pork chops work here, too, if you want a cheaper cut of meat, and browned to amber they look just as lovely with the gilt-shouldered pears and the evergreen sprigs of rosemary tucked in. Serve with chopped endives cooked in butter, onion tarts, or perhaps with caramelized parsnips.","ingredients":["2 pork tenderloins (about 3/4 pound each)","Salt and pepper","3 tablespoons olive oil","1/4 pound bacon, diced","2 large pears, firm and ripe, of any variety, halved, cored, and thinly sliced","4 garlic cloves, peeled and sliced","1-inch piece of fresh ginger, peeled and minced","2 branches rosemary, cut into pieces","1/4 cup white wine or apple juice","1/4 cup meat stock"],"directions":["\nPreheat the oven to 325°F.","\nCut the tenderloins in half to make 4 equal logs. Fold the tapering ends under a bit and tie with string to secure, so that you have four even pieces. Season with salt and pepper.","\nPreheat a skillet until quite hot. Add 1 tablespoon of the olive oil and fry the bacon dice until cooked, about 2 minutes.","\nRemove, leaving the fat behind, and toss together with the pears, garlic, ginger, rosemary, and another tablespoon of oil in a baking dish.","\nAdd the remaining oil to the skillet, if needed. When sizzling, brown the pork well on all sides, about 10 minutes total. Remove and nestle in the baking dish.","\nDeglaze the skillet with the wine, scraping up the good bits on the bottom, and boil until only about 1 tablespoon remains.","\nAdd the stock and boil to reduce to 3 to 4 tablespoons. Pour over the meat.","\nTransfer to the oven and roast until the pears and garlic are soft and the meat is cooked through, about 30 minutes.","#Beverage pairing: J Pinot Noir, Russian River Valley, California. Pork and Pinot Noir are natural complements for each other. This dish, with its sweet, rich, herbed flavors, would go well with a generously fruited, bright Russian River Pinot. This one from J Winery has a little cherry, blackberry, and vanilla, all of which will go beautifully with the pork."],"nutrition":{"calories":503,"fat":27.97,"saturatedFat":7.35,"transFat":0.1,"carbs":23.03,"fiber":4.36,"sugar":13.32,"protein":39.97,"cholesterol":129.72,"sodium":847.43}}