{"title":"Fesenjan Redux (Roast Duck Breasts with Quince, Pomegranate, and Walnut Sauce)","tags":["Sauces","Duck","Rosh Hashanah ","Hanukkah","Jewish","Nuts","Winter","Comfort Food","Poultry","Main Dish"],"image":null,"servings":6,"description":"The jewel in the crown of khoreshes (traditional Persian saucy stews), fesenjan is a Rosh Hashanah treasure on many Iranian-Jewish tables. A blend of pomegranate and walnut giving way to an exquisite tango of tart and sweet, the sauce is served with duck—and less often, other poultry, veal, lamb, or meatballs, too—always accompanied by copious amounts of rice.\nOlder recipes usually call for cooking the meat in the sauce, but I prefer to roast the duck separately; the flavors taste cleaner and there’s no fat to skim. Instead I add quinces to turn meltingly tender infused with the sauce, which is subtly sweetened with dates.\nIf you can’t find duck breasts, fesenjan is also delicious served with grilled or roasted chicken thighs or whole ducklings; it can also stand up to grilled steak or roasted beef. This recipe makes quite a bit of the rich sauce, so you can dish it up Iranian-Jewish style: a generous amount of rice topped with sauce, along with a modest amount of duck. Or present it in typical American fashion to fewer guests, with more meat and less rice; freeze leftover sauce and pair it with grilled poultry or meat for a quick, celebratory meal in the future.\nCook’s Note: I always taste nuts first to make sure they have not turned rancid. Once, as I started to prepare this fesenjan, I found out too late that my walnuts were stale, and had to substitute pecans. Their rich, slightly sweet edge married beautifully with the other ingredients, and even guests who find walnuts a tad too bitter for their tastes, especially children, loved the sauce. Though purists may scoff, I usually make fesenjan with pecans now.\nThis dish was featured as part of our Hanukkah Recipes photo gallery.","ingredients":["#For the duck breasts:","3 to 4 pounds boneless duck breasts, skin-on","3/4 teaspoon coriander seeds","1 teaspoon black peppercorns","1 tablespoon chopped garlic","Salt","Olive oil","","#For the sauce:","3 ripe medium quinces","2 cups walnuts, lightly toasted (see Cook’s Note)","3 tablespoons olive oil","3 cups chopped onion","1 tablespoon chopped garlic","Salt and freshly ground black pepper","2 cups pure, unsweetened pomegranate juice","3 tablespoons pomegranate molasses","1 cup chicken broth, preferably homemade, or good-quality, low-sodium purchased","3/4 cup chopped pitted dates","About 2 teaspoons fresh lemon juice","","#","Accompaniment: freshly cooked rice","#","Optional garnish: fresh pomegranate seeds"],"directions":["\nPrepare the duck breasts: rinse and pat them dry. Using a sharp knife, score the duck skin in a crisscross pattern, taking care to cut only through the skin and fat, avoiding the duck flesh. Grind the coriander and peppercorns in a spice grinder or coffee mill, or crush well using a mortar and pestle. Add the garlic and salt, spin or mash to a coarse puree, and rub into both sides of the duck, working some of the paste into the flesh between the score marks. Set aside while you start the sauce.","\nPreheat the oven to 300°F.","\nPrepare the sauce: rinse, quarter, and peel the quinces. Using a very sharp knife, cut out the core, seeds, and any other hard bits. Cut the quinces into large chunks. Pulse the walnuts in a food processor to a mixture of fine and coarse crumbs.","\nIn a large heavy Dutch oven or casserole, heat the oil over medium heat until it shimmers. Add the onions and sauté, turning occasionally as they soften and then turn golden. Adjust the heat to medium-high and add the quinces. Cook until the fruit begins to speckle a deep caramel in places, lifting and tossing to avoid burning. Add the garlic, sprinkle with salt and pepper, and cook for 3 minutes to blend the flavors. Stir in the ground walnuts and briefly sauté, stirring, until their aroma arises.","\nStir together the pomegranate juice and pomegranate molasses, and add along with the broth and dates. Bring the mixture to a boil, then cover and transfer to the oven, occasionally giving it a stir as it cooks. (You can simmer the sauce on top of the stove, if you prefer. I find the oven heat gentler and more even, causing less evaporation, and besides, I usually need the extra burner space on the stove.)","\nWhen the sauce has been in the oven for about 45 minutes, choose a very large, heavy, ovenproof skillet (cast-iron is ideal here; if necessary, use 2 skillets or work in batches) and film it with oil. Place the skillet over medium heat until hot. Add the duck breasts, skin side down. Cook, shaking the pan occasionally or sliding a spatula under the breasts if they threaten to stick. Press down on the breasts with a spatula now and then to release more fat, and pour out the rendered fat as it accumulates; if the fat rises up to the duck flesh, its high temperature may toughen the meat. Continue cooking until the skin is well bronzed, about 10 minutes. Pour off any remaining fat from the pan, turn the duck skin side up, and put the skillet in the oven alongside the sauce. (Or, if you sautéed the duck breasts in batches or in 2 skillets, you can place all of them in one large baking pan.)","\nSlow-roast until the duck breasts are cooked to the desired doneness, 10 to 15 minutes, or until they feel springy to the touch and a thermometer inserted horizontally into the center of a breast registers 135°F for medium-rare or 140°F for medium. Transfer the duck to a cutting board and let rest for 5 minutes.","\nRemove the sauce from the oven and place the pot over medium heat. Add the lemon juice and cook for 2 minutes to blend the flavors. Taste and adjust the lemon, salt, and pepper.","\nCut the duck on the diagonal into 1/2-inch-thick slices. It is easiest to do this if the thick skin side is on the bottom and you cut directly into the duck flesh.","0\nSpoon fluffy cooked rice onto a serving platter and nap with plenty of sauce and chunks of quince. Fan the duck slices decoratively on top, ladle some additional sauce over, and scatter the pomegranate seeds, if using."],"nutrition":{"calories":750,"fat":32.91,"saturatedFat":6.34,"carbs":59.26,"fiber":5.54,"sugar":41.02,"protein":57.09,"cholesterol":204.94,"sodium":1354.87}}