{"title":"Tropical Fruit Cooler","tags":["Cooler","Easter","Dinner Party","Nonalcoholic","Punch","Cocktails","Drink","Batch Cocktail","Summer","Easy"],"image":null,"servings":6,"description":"Sunny afternoons are meant for lounging under shady trees with cool drinks, like this fruity punch. So find a tree, make a batch, and unwind.\nWhat to buy: Guava and peach nectars can be found in many Latin grocery stores, and some supermarkets carry these by R.W. Knudsen.\nIf you’ve made your own ginger beer (and we think you should), then go ahead and use it here. Otherwise, look for a ginger beer that suits your taste. We prefer one with a nice note of sweet and a good kick of ginger, like Regatta.\nThis recipe was featured as part of our Punch Recipes photo gallery.","totalTime":5,"ingredients":["2 cups peach nectar","1 cup guava nectar","1/2 cup pineapple juice","1/4 cup freshly squeezed lime juice (from about 2 limes)","10 whole mint leaves","2 cups ice","1 (12-ounce) bottle ginger beer"],"directions":["\nCombine peach nectar, guava nectar, pineapple juice, lime juice, and mint leaves in a large pitcher.","\nAdd ice and top with ginger beer. Stir to combine, and serve."],"nutrition":{"calories":104,"fat":0.08,"saturatedFat":0.01,"carbs":26.88,"fiber":1.02,"sugar":23.66,"protein":0.39,"sodium":16.14}}