{"title":"Jezebel Spread ","tags":["Southern","Healthy","Vegetarian","Condiments","Fruit","Horseradish","Sub / Sandwich","Easy"],"image":null,"servings":2,"rating":5.1,"description":"Sure, the ingredient list sounds a bit bizarre, but Jezebel spread (or sauce, as it’s also known) is a standard in the South and for good reason: It’s tasty. Try it on any bit of ham you can get your hands on.\nThis recipe was featured as part of our Sandwich Spreads photo gallery.","totalTime":5,"ingredients":["1/2 cup apricot preserves","1/2 teaspoon horseradish cream","3/4 teaspoon ground mustard","1/4 teaspoon freshly ground black pepper"],"directions":[],"nutrition":{"calories":197,"fat":0.7,"saturatedFat":0.31,"carbs":51.12,"fiber":0.38,"sugar":34.28,"protein":0.68,"cholesterol":1.73,"sodium":52.78}}