{"title":"Chai Frozen Milkshakes","tags":["Dessert","Chai","Ice Cream","Drink","Fusion","Milkshake","Easy"],"image":"https://search.chow.com/thumbnail/1200/0/www.chowstatic.com/assets/2014/08/chai_milkshake_620x413.jpg","servings":6,"rating":5.2,"description":"Indian spiced tea—masala chai—has a lovely delicacy and a fortifying strength. We harnessed both qualities for these refreshing milkshakes that should help you get through the muggiest summer afternoon.\nChai tea bags are handy, but we suggest making your own sachet, using cheesecloth and a good-quality masala chai, a blend of loose-leaf black tea with whole spices such as cardamom pods, cloves, fennel seeds, black peppercorns, cinnamon, and dried ginger (one of our favorite blends is from The Chai Cart in San Francisco).","totalTime":20,"ingredients":["3 cups whole milk","1/4 cup loose masala chai tied in cheesecloth, or 4 chai tea bags","4 slices peeled fresh ginger","12 whole black peppercorns","1 cinnamon stick","2 tablespoons sugar","Whipped cream","1 pint vanilla ice cream","Ground cinnamon, for garnish"],"directions":["Place 4 tall glasses in the freezer to chill. In a saucepan, warm the milk over medium heat just until it begins to steam and bubble around the edge.","Remove the saucepan from the heat and add the chai sachet (or tea bags), ginger, peppercorns, cinnamon stick, and sugar. Stir briefly to dissolve the sugar.   ","Cover and set aside to cool to room temperature. Transfer to an airtight container and chill in the refrigerator for at least 2 hours or (preferably) overnight.","Just before serving, make the whipped cream. ","Pour the steeped chai through a fine-mesh strainer and discard the solids.","Add the ice cream to a blender, then pour in the cold chai and process until smooth. ","Pour into the chilled glasses, top each with a big dollop of whipped cream, and dust with a little ground cinnamon. Serve immediately."],"nutrition":{"calories":186,"fat":8.84,"saturatedFat":5.28,"carbs":21.46,"fiber":0.72,"sugar":19.73,"protein":5.49,"cholesterol":31.56,"sodium":88.35}}