{"title":"Broken Spur","tags":["Dinner Party","Cocktails","Drink","Cocktail Party","Easy","Triple Sec"],"image":null,"servings":1,"description":"Never use exceptional, vintage wines for cocktails, even if you are feeling extremely flush. Fine wines will suddenly forget who they are and diminish into the unrecognizable. Besides, younger wines will simply taste better.","totalTime":5,"ingredients":["2 ounces port","2/3 ounce sweet vermouth","1/2 teaspoon Cointreau or triple sec","Twist of lemon peel"],"directions":["\nShake the port, sweet vermouth, and Cointreau with ice; then strain over ice into a chilled cocktail glass. Garnish with lemon peel."],"nutrition":{"calories":116,"fat":0.01,"carbs":9.54,"fiber":0.21,"sugar":5.59,"protein":0.16,"sodium":6.4}}