{"title":"Bahama Mama","tags":["Cocktails","Drink","Easy"],"image":null,"servings":1,"description":"An island drink made with three types of rum.","totalTime":5,"ingredients":["1/2 ounce dark rum","1/2 ounce light rum","1/2 ounce 151-proof rum","1/2 ounce Kahlúa","1 ounce fresh lemon juice","3 ounces unsweetened pineapple juice","Wedge of pineapple and a maraschino cherry"],"directions":["\nShake the three rums, Kahlúa, lemon juice, and pineapple juice with ice; then strain over ice into a chilled highball glass. Garnish with a pineapple wedge and a maraschino cherry."],"nutrition":{"calories":271,"fat":1.46,"saturatedFat":0.97,"carbs":39.91,"fiber":2.77,"sugar":26.6,"protein":1.47,"sodium":14.13}}