{"title":"Elderflower Sidecar","tags":["No-Cook","Dinner Party","Liqueur","Cocktails","Appetizer","Drink","Spring","Easy"],"image":null,"servings":1,"rating":5.1,"description":"Adding elderflower liqueur to the classic Sidecar cocktail gives it a nice floral note.\nWhat to buy: St-Germain is an elderflower liqueur that has won over bartenders. It can be found at high-end liquor stores and online.","totalTime":5,"ingredients":["1 1/2 ounces St-Germain elderflower liqueur","1 ounce brandy","1/2 ounce Cointreau or other orange-flavored liqueur","1/2 ounce freshly squeezed lemon juice","Ice"],"directions":["\nCombine all ingredients in a cocktail shaker. Shake vigorously and strain over fresh ice into a chilled cocktail glass. Serve."],"nutrition":{"calories":259,"fat":0.2,"saturatedFat":0.07,"carbs":27.51,"fiber":0.04,"sugar":22.07,"protein":0.11,"sodium":4.96}}