{"title":"Elder Fashion","tags":["Dinner Party","Gin","Dairy Free","Gluten Free","Vegetarian","Grapefruit","Cocktails","Drink","DIY","Easy"],"image":null,"servings":1,"rating":1,"description":"New York City’s Death & Co serves this gin and elderflower concoction, and we’re big fans. It’s simple to make and addictive enough that you’ll end up throwing back a few rounds.\nWhat to buy: Plymouth is an English gin. It can be found at high-end liquor stores and online.\nSt-Germain is an elderflower liqueur that has won over bartenders. It can also be found at high-end liquor stores and online.\nThis recipe was featured as part of our DIY Home Bar recipe slideshow.","totalTime":5,"ingredients":["2 ounces Plymouth gin","1/2 ounce St-Germain elderflower liqueur","Dash orange bitters","Ice","Grapefruit twist"],"directions":[]}