{"title":"Harvest Bowl Punch","tags":["Punch","Super Bowl","New Year's Eve","Christmas","Thanksgiving","Halloween","Dinner Party","Vodka","Champagne","Apples","Fruit","Cocktails","Drink","Holidays","Batch Cocktail","Cocktail Party","Easy"],"image":null,"servings":40,"rating":5.1,"description":"This light, refreshing punch starts with a mix of apple cider, vodka, orange liqueur, apples, and lemons, which is then topped with sparkling apple juice and sparkling wine. Serve this not-too-boozy-tasting punch at a Halloween, Thanksgiving, Christmas, or New Year’s party.","totalTime":10,"ingredients":["4 cups (1 quart) apple cider or unfiltered apple juice, chilled","2 cups vodka, chilled","1 cup orange liqueur, such as Cointreau, chilled","2 medium apples, thinly sliced","2 medium lemons, thinly sliced","2 (750-milliliter) bottles sparkling apple juice, chilled","2 (750-milliliter) bottles brut sparkling wine or champagne, chilled","1 ice block"],"directions":["\nPlace the apple cider, vodka, orange liqueur, apples, and lemons in a 7-quart punch bowl and stir gently to combine.","\nGently stir in the sparkling apple juice and sparkling wine or champagne (do not overmix or your punch will be flat). Float the ice block in the punch and serve immediately."],"nutrition":{"calories":91,"fat":0.07,"saturatedFat":0.01,"carbs":6.56,"fiber":0.57,"sugar":4.71,"protein":0.13,"sodium":3.27}}