{"title":"Between the Sheets","tags":["Dinner Party","Cocktails","Drink","Cocktail Party","Easy","Triple Sec"],"image":null,"servings":1,"description":"A variation on the traditional Sidecar that adds rum.","totalTime":5,"ingredients":["Sugar for rimming","3/4 ounce brandy","3/4 ounce light rum","3/4 ounce Cointreau or triple sec","3/4 ounce fresh lemon juice","Twist of lemon peel"],"directions":["\nRim a chilled cocktail glass with sugar. Shake the brandy, rum, Cointreau, and lemon juice with ice; then strain into the cocktail glass. Garnish with lemon peel."],"nutrition":{"calories":172,"fat":0.11,"saturatedFat":0.03,"carbs":9.33,"fiber":0.06,"sugar":8.4,"protein":0.1,"sodium":2.35}}