{"title":"Blueberry Coconut Shake","tags":["Easy"],"image":null,"servings":1,"description":"riday is here, and I am soooo ready for the weekend. With Halloween coming up, there’s bound to be some fun events here in the city, so I’m really looking forward to getting out of the house and away from my computer. Here’s a recipe for a shake I made this morning for breakfast. I used a young coconut I bought in Chinatown. It was so refreshing! …more of Blueberry Coconut Shake at http://www.laurelonhealthfood.com/2010/10/blueberry-coconut-shake/","totalTime":20,"ingredients":["½ cup frozen blueberries","½ cup young coconut meat","1 cup coconut water","1 tsp. agave nectar (optional)","½ tsp. vanilla extract","2-3 ice cubes"],"directions":["\nAdd all the ingredients in a blender, and mix on high speed until smooth. Enjoy!"]}