{"title":"Chocolate Cake Baked in an Orange","tags":["Dessert","Camping","Chocolate","Easy"],"image":"https://search.chow.com/thumbnail/1200/0/www.chowstatic.com/assets/2014/09/31071_chocolate_cake_orange_3000.jpg","servings":10,"description":"Think baking a cake is impossible while camping? Think again. With this recipe you don’t even need cake pans—each cake is baked individually in an orange, infusing the chocolate with citrus flavor. So grab your cake batter and tinfoil and start baking!\nThis recipe was featured as part of our Step Up the S’more: 7 Ideas for Campfire Treats.\nMore more creative brownie ideas, see Chowhound’s brownie in a mug recipe.","totalTime":45,"ingredients":["10 oranges","1 recipe chocolate cake batter, prepared in advance (box mix is fine)"],"directions":["Cut the tops off the oranges and scoop out the pulp.","Fill the oranges three-quarters of the way with the chocolate cake batter (or cake mix) of your choice, then put the orange tops back on and wrap each orange in aluminum foil.","Place directly onto the smoldering coals of the campfire, avoiding any intense flames, and cook for about 30 minutes, turning once or twice."],"nutrition":{"calories":128,"fat":2.88,"saturatedFat":1,"carbs":25,"fiber":3.43,"sugar":12.25,"protein":2.19,"cholesterol":10.44,"sodium":56.7}}