{"title":"Rhubarb Muffins with Cardamom Streusel","tags":["Rhubarb","Cardamom","Easter","Mother's Day","Breakfast","Dinner Party","Bridal Shower","Brunch","Pastries","Make Ahead","Spring","Muffins","Easy"],"image":null,"servings":12,"rating":2,"description":"Better known for its appearances in crisps and compotes, rhubarb also deserves a place at the breakfast table. Cardamom, vanilla, and sugar tame the sour stalks in these delicate muffins, to give you a sweet start to your day.\nWhat to buy: Plain whole-milk yogurt is fine in these muffins, but we prefer thicker Greek yogurt—such as the Fage brand—which can be found in most grocery stores.\nGame plan: These muffins are best warm out of the oven but can be stored covered at room temperature for up to 2 days.","totalTime":55,"ingredients":["#For the streusel:","6 tablespoons all-purpose flour","3 tablespoons granulated sugar","1/2 teaspoon ground cardamom","1/8 teaspoon fine salt","2 tablespoons cold unsalted butter (1/4 stick), cut into small pieces","#For the muffins:","1 1/2 cups small-dice rhubarb (about 8 ounces)","3/4 cup granulated sugar","1 1/3 cups all-purpose flour","1 1/4 teaspoons baking powder","1/2 teaspoon baking soda","1/4 teaspoon fine salt","1/4 teaspoon ground cardamom","5 tablespoons unsalted butter, melted and cooled","1 large egg","1 teaspoon vanilla extract","3/4 cup plain whole-milk Greek yogurt"],"directions":["#For the streusel:","\nWhisk the flour, sugar, cardamom, and salt in a medium bowl until combined. Add the butter and combine with your fingers, rubbing the butter into the flour until mostly incorporated but some small pieces remain. (The streusel is ready when it holds together in large clumps when squeezed—it will still be fairly dry.) Refrigerate until ready to use.","#For the muffins:","\nHeat the oven to 375°F and arrange a rack in the middle. Coat a 12-well muffin pan with butter or line it with paper cupcake liners.","\nToss the rhubarb with 1/4 cup of the sugar in a medium bowl and let the mixture sit until the rhubarb releases some juice, about 5 minutes.","\nWhisk together the flour, baking powder, baking soda, salt, and cardamom in a large bowl until evenly combined. Place the remaining 1/2 cup sugar, butter, egg, vanilla, and yogurt in a separate medium bowl and whisk until smooth. Add the wet ingredients to the dry and mix just until combined, about 25 to 30 strokes. Stir in the reserved rhubarb, about another 10 to 15 strokes. (The mixture will be thick.)","\nPlace a rounded 1/4 cup of batter into each muffin well (the wells will be full) and evenly sprinkle the streusel over top. Bake until a toothpick comes out clean, about 20 to 25 minutes. Place the muffin pan on a wire rack and let the muffins cool for 15 minutes in the pan. Remove the muffins from the pan and serve warm or let cool to room temperature."],"nutrition":{"calories":212,"fat":8.29,"saturatedFat":5.02,"transFat":0.27,"carbs":30.95,"fiber":0.86,"sugar":16.53,"protein":3.93,"cholesterol":35.7,"sodium":179.48}}