{"title":"Painkiller","tags":["Rum","Tiki","Cocktails","Summer","Cocktail Party","Easy"],"image":null,"servings":1,"rating":5.1,"description":"This is Richard Boccato and Giuseppe Gonzalez’s take on a classic tiki cocktail, and is the namesake for their neo-tiki bar Painkiller in New York City (now closed).\nThis recipe was featured as part of our Tiki Cocktails photo gallery.","totalTime":5,"ingredients":["1/4 medium orange, cut into 2 wedges","1 ounce coconut cream","2 ounces fresh pineapple juice","2 ounces Pusser’s Rum","Crushed ice","Whole nutmeg, for garnish","Pineapple stick, for garnish"],"directions":["\nMuddle orange wedges in a shaker until broken up. Add cream of coconut, pineapple juice, and rum.","\nDry shake (without ice) and pour into a double Old Fashioned glass over crushed ice.","\nGrate a generous amount of nutmeg over top and garnish with a pineapple stick."],"nutrition":{"calories":269,"fat":9.94,"saturatedFat":8.73,"carbs":13.03,"fiber":1.52,"sugar":8.72,"protein":1.54,"sodium":2.83}}