{"title":"\"1929 Gateau au Chocolat\" aka Depression Chocolate Cake\n\n","tags":["Easy"],"image":null,"servings":12,"description":"This a recipe from one of my oldest books, by Lida M. Touzalin, 1929. It’s a very inexpensive cake to make, yet, it’s moist and wonderfully light, like a big cocoa muffin. This is a wonderful recipe.","totalTime":50,"ingredients":["1 whole egg","1 cup sugar","1 cup milk","1 1/2 cup all-purpose flour","1 teaspoon baking soda","3 oz bittersweet chocolate (70 g)","2 tablespoons unsalted butter"],"directions":["\nSeparate the egg yolk from the egg white.","\nBeat the egg white to stiff peaks, set a aside for a moment.","\nBeat the yolk with the sugar for a couple of minutes, add the milk and keep beating.","\nMix the flour with the baking soda and add to the previous mixture. Beat until the batter is nice and smooth.","\nMeanwhile, melt the butter with the chocolate (I did it in the microwave, 30 seconds at the time and stirring–800W) and mix until the chocolate is perfectly melted and blended with the butter.","\nNow add the chocolate to the previous batter and mix well. Fold the egg whites into the batter, carefully.","\nPour into a well buttered mold and cook at 180 degrees Celsius (356 F) for about 35 minutes."]}