{"title":"Dixon Apple Pie Tamales","tags":["Apples","Mexican","Southwestern","Dessert","Vegetarian","Fruit","Fall"],"image":null,"servings":6,"description":"Normally savory tamales go sweet for dessert.\nThis was featured as part of our Fruits of Fall story.","ingredients":["2 eggs plus 1 yolk","1/2 cup brown sugar","3/4 cup heavy cream","1 loaf French bread, cubed","6 Dixon or tart cooking apples, peeled and diced","1/4 cup plus 1 tablespoon brown sugar","1 teaspoon ground canela","1 tablespoon cornstarch","3 tablespoons sour cream","6 to 8 corn husks, soaked and drained"],"directions":["\nMix eggs, yolk, sugar, and cream until sugar is dissolved. Add cubed bread and toss until well soaked.","\nToss apples, sugar, canela, cornstarch, and sour cream.","\nCombine and mix the bread and apple mixtures.","\nPlace in a parchment-lined pan and bake at 350°F for 50 to 60 minutes. Turn onto work surface and cut into rectangles 1 1/2 inches by 3 inches. Place in husks and garnish with powdered sugar or crème anglaise."],"nutrition":{"calories":445,"fat":15.07,"saturatedFat":8.31,"transFat":0.01,"carbs":72.7,"fiber":5.48,"sugar":41.35,"protein":8.41,"cholesterol":97.2,"sodium":342.92}}