{"title":"Ddeokjjim (떡찜) [Stuffed Rice Cake]  A Korean Royal treat","tags":["Medium"],"image":null,"servings":4,"description":"Legend has it that Ddeokjjim was created by a royal chef as a way for the king to eat beef without burdening his digestion. (Many kings suffered from indigestion apparently due to lack of exercise) Whether this really was food of the kings or not, it is a tasty treat.","totalTime":90,"ingredients":["6 (approximately eight inches long) ddeok (slender cylindrical white rice-cakes, sometimes called rice noodle)","1/4 pound chopped beef","50 watercress stems","1 Cup water","1 Onion","#Marinade","1 tablespoon soy sauce","1 teaspoon sesame seeds, ground","1 teaspoon pure toasted sesame oil","1 teaspoon chopped garlic","1 teaspoon chopped spring onion","2 tablespoon pine nuts","#Sauce","5 tablespoon soy sauce","2 tablespoon sugar","2 tablespoon chopped spring onion","2 tablespoon chopped garlic","2 tablespoon pure toasted sesame oil","2 tablespoon toasted sesame seeds, ground"],"directions":["\n\nMix Marinade: Mix all marinade ingredients together in a mixing bowl and let sit for 1/2 hour.","","\nPrepare the Ddeok: If the ddeok has been refrigerated and is hard, steam slightly or soak in very warm to hot water until it softens. Cut the rice-cakes (Ddeok) into 1 1/2 inch lengths. With a sharp knife, carefully cut slits into opposite sides of each ddeok piece, being careful not to split the piece in half.","","\nSlice onion from top to bottom into roughly 1/4 inch thick slices.","","\nPlace all sauce ingredients into a mixing bowl and mix well.","","\nPlace beef in Marinade and let sit for 1/2 hour.","","\nRemove beef and pine nuts from marinade.","","\nCarefully place 1 teaspoon of the beef and pine nuts into the slits in a piece of ddeok. Repeat until all pieces are “stuffed”.","","\nPar boil the watercress stems until just softened. Tie one watercress stem around each end of the stuffed ddeok pieces.","","\nHeat a pan or skillet over medium to high heat.","","0\nPlace sliced onion in pan and cook for twenty to thirty seconds.","","1\nAdd sauce to pan.","","2\nGently add stuffed ddeok, then pour water into pan from one side, and reduce heat to low.","","3\nStir gently until all ddeok pieces are well coated with sauce.","","4\nCook at a slow simmer until the ddeok pieces turn a light golden color (about ten minutes), then remove from heat.","","5\nPlace the ddeok pieces onto a serving dish and pour the sauce from the pan over them.","","6\nServe warm."]}