{"title":"Wasabi and Coriander Pumpkin Seeds","tags":["Pumpkin Seeds","Roasting","Healthy","Vegetarian","Wasabi","Snack","Make Ahead","Fall","Winter","Easy"],"image":null,"servings":6,"description":"A snack with an Asian slant; you can use additional wasabi powder if you want more of a kick.\nWhat to buy: We used raw pumpkin seeds (a.k.a. pepitas) for this recipe. You can also use the seeds left over from carving a pumpkin or roasting squash. Just collect the seeds, rinse them in a strainer to remove the pulp, and thoroughly pat them dry. They may take a few minutes longer in the oven, depending on how fresh they are.\nGame plan: The seeds are best fresh from the oven but will last up to 5 days stored at room temperature in an airtight container.\nThis recipe was featured as part of our 10 Ways to Spice Up Pumpkin Seeds photo gallery.","totalTime":10,"ingredients":["2 cups pumpkin seeds","2 teaspoons vegetable oil","1 teaspoon wasabi powder","3/4 teaspoon ground coriander","2 teaspoons kosher salt"],"directions":[],"nutrition":{"calories":255,"fat":22.69,"saturatedFat":3.83,"transFat":0.04,"carbs":4.83,"fiber":2.71,"sugar":0.6,"protein":13.05,"sodium":105.18}}