{"title":"Chicken and Wild Rice Soup","tags":["Soup","Rice","Chicken","Healthy","Chicken Thighs","Appetizer","Make Ahead","Easy"],"image":null,"servings":8,"rating":4.6,"description":"Whether fighting a flu or just the cold weather, nothing warms you up faster than a bowl of chicken soup. This hearty version filled with vegetables and wild rice is guaranteed to hit the spot.\nWhat to buy: We used a store-bought blend of wild and white rice, but feel free to use any unseasoned rice mixture you can find.\nFor more chicken soup variations, see our tortilla soup recipe.","totalTime":60,"ingredients":["2 tablespoons olive oil","1 large yellow onion, finely chopped","3 medium carrots, peeled and finely chopped","3 large celery stalks, finely chopped","2 medium garlic cloves, minced","12 cups (3 quarts) low-sodium chicken broth","1 1/2 cups wild rice blend","1 pound boneless, skinless chicken breasts, medium dice","1 pound boneless, skinless chicken thighs, medium dice","1/4 cup coarsely chopped Italian parsley"],"directions":["\nHeat oil in a large pot over medium-high heat. When it shimmers, add onion, carrots, celery, and garlic. Cook, stirring occasionally, until onion is softened, about 10 minutes.","\nAdd broth and rice, season with salt, and bring to a boil. Reduce heat to medium low and simmer, covered, until rice is tender but still has some firmness, about 25 to 30 minutes.","\nAdd chicken, and season with freshly ground black pepper. Simmer until chicken is cooked through, about 10 minutes. Remove from heat, add parsley, taste, and season with additional salt and pepper as needed.","#Beverage pairing: Kim Crawford Unoaked Chardonnay, New Zealand. The familiar, comforting flavors in this soup don’t want an exotic wine to challenge them, but rather something easy to soothe them. This Chardonnay offers gentle apple, citrus, and stone-fruit flavors with a prick of acidity and a nice viscous texture."],"nutrition":{"calories":354,"fat":9.81,"saturatedFat":2.13,"transFat":0.02,"carbs":31.81,"fiber":3.28,"sugar":3.44,"protein":36.21,"cholesterol":94.69,"sodium":226.46}}