{"title":"Plum, Raspberry Sangria","tags":["Medium"],"image":null,"servings":1,"description":"Sangria is a refreshing summer drink. However, it takes days to prepare it the right way and it is not necessarily a beer drinker’s choice. Hence, my recipe for a fast, esy delicious sangria!","totalTime":3,"ingredients":["1 oz Pearl Plum vodka","1 oz Raspberry puree","1 oz simple Syrup","1/2 oz lime juice","2 oz any wheat beer (my favorite Brew works Space Monkey)"],"directions":["\nShake first four ingredients together over ice.","\nStrain into a highball filled with ice","\nAdd beer & mix","\nGarnish with plums, apple & raspberry"]}