{"title":"Charles Chocolates Pecan Brownies","tags":["Pecans","Baking","Dessert","Dinner Party","Chocolate","Vegetarian","Dairy","Eggs","Nuts","Lunch","Snack","Kid Friendly","Brownies","Party Planning","Easy"],"image":null,"servings":18,"rating":5.1,"description":"If you like nuts, this brownie recipe is for you! Given to us by our friends at Charles Chocolates in Emeryville, California, it’s loaded with pecans and has a nice bittersweet note.\nWhat to buy: Use E. Guittard’s 72% Cacao Bittersweet Chocolate, available in small wafers that are perfect for melting. You can find it in some groceries and online.\nGame plan: These brownies may be stored in an airtight container for up to 7 days.","totalTime":60,"ingredients":["3 cups pecan pieces","1 1/2 cups all-purpose flour","2 1/2 sticks (10 ounces) unsalted butter","12 ounces bittersweet chocolate","5 large eggs","1 1/2 cups granulated sugar","2 tablespoons vanilla extract"],"directions":["\nHeat oven to 350°F. Place pecan pieces on a baking sheet and bake until nuts are lightly toasted and brown, about 10 to 12 minutes. Remove from oven and set aside to cool.","\nButter and lightly flour a 13-by-9-inch baking dish; set aside. Combine toasted pecans and flour in a medium mixing bowl until pecans are well coated; set aside.","\nCreate a double boiler by filling a pot with 2 inches of water and bringing to a simmer over medium-low heat. Combine butter and chocolate in a heatproof bowl and set over the pot. (Do not let the water touch the bottom of the bowl.) Stir continuously until mixture is completely melted and smooth. Remove from heat and set aside to cool.","\nCombine eggs, sugar, and vanilla in the bowl of a stand mixer fitted with a whisk attachment and beat until thick and pale. Add cooled chocolate mixture and beat until evenly combined. Stir in pecan mixture until just incorporated and no white streaks remain.","\nPour into the prepared dish and bake until a toothpick inserted into brownies comes out clean, about 25 to 30 minutes. Let cool before cutting."],"nutrition":{"calories":444,"fat":31.74,"saturatedFat":12.92,"transFat":0.52,"carbs":39.27,"fiber":2.98,"sugar":27.86,"protein":5.26,"cholesterol":85.53,"sodium":24.04}}