{"title":"Gluten-Free Tabouli","tags":["Middle Eastern","Healthy","Easy"],"image":"https://search.chow.com/thumbnail/1200/0/www.chowstatic.com/assets/2015/07/31522_gluten_free_tabouli.jpg","servings":4,"description":"In this easy, refreshing gluten-free tabouli recipe adapted from Whole Foods Market, cooked quinoa is seasoned and mixed with parsley, green onions, grape tomatoes, and cucumber.\nThis recipe is featured on our Summer of Clean Eating channel.","totalTime":20,"ingredients":["1 cup quinoa, cooked according to package directions","1 cup finely chopped flat-leaf parsley","5 green onions, finely chopped","2 cups small grape tomatoes, halved","1 cucumber, peeled and seeded, thinly sliced","Juice of 1 lemon","1/3 cup extra-virgin olive oil","Kosher salt","Black pepper and red chile flakes to taste"],"directions":["Combine all ingredients in a large serving bowl.","Taste and adjust seasoning with salt, black pepper, and chile flakes. Serve at room temperature or chilled."],"nutrition":{"calories":255,"fat":19.32,"saturatedFat":2.68,"carbs":19.3,"fiber":4.04,"sugar":4.32,"protein":4.13,"sodium":20.23}}