{"title":"Spiced Pear and Almond Turnovers ","tags":["Pears","Almonds","Dessert","Nuts","Medium"],"image":"https://search.chow.com/thumbnail/1200/0/www.chowstatic.com/assets/2014/11/31179_RecipeImage_spiced_pear_almond_turnovers_3000.jpg","servings":8,"description":"Frozen puff pastry reduces the fuss factor in this recipe. Diced pears meet up with cinnamon, dried ginger, nutmeg, and light brown sugar, and bake in light, flaky pastry envelopes topped with crunchy sliced almonds.","totalTime":60,"ingredients":["1 (17-ounce) package frozen puff pastry (2 sheets), thawed overnight in the refrigerator","3 ripe, firm pears, peeled, cored, and cut into small chunks","1 tablespoon freshly squeezed lemon juice","1/2 cup light brown sugar","1 tablespoon all-purpose flour","1/4 teaspoon ground cinnamon","1/8 teaspoon freshly grated nutmeg","1/8 teaspoon ground ginger","Pinch of kosher salt","1 large egg, beaten with 1 teaspoon warm water","1/2 cup sliced almonds"],"directions":["Preheat the oven to 400°F and arrange a rack in the middle.","Line a large rimmed baking sheet with parchment paper. Roll out each sheet of pastry into a 12-inch square. Trim the edges, then cut each pastry sheet into 4 equal squares.","Place the squares on the prepared baking sheet and refrigerate for about 10 minutes while you make the filling.","In a bowl, toss together the pear chunks, lemon juice, brown sugar, flour, cinnamon, nutmeg, ginger, and salt. ","Remove the pastry squares from the fridge and arrange them evenly on your workspace. Brush a thin layer of the egg mixture around the border of half of each square. Divide the filling among the pastry squares, placing it in the middle of the square. ","Fold the dough over the filling to make a triangle and press the edges with a fork to seal. Brush the tops with the remaining egg mixture, cut slits in the top, then sprinkle with almonds.  ","Place on the prepared baking sheet, arranging them evenly on the sheet.","Bake until the turnovers are puffed and golden brown and oozing juice, about 25 to 30 minutes."],"nutrition":{"calories":453,"fat":26.54,"saturatedFat":6.25,"carbs":48.96,"fiber":3.88,"sugar":16.38,"protein":6.78,"cholesterol":23.25,"sodium":177.14}}