{"title":"Cuban Sandwiches","tags":["Miami","Super Bowl","Christmas","Cuban","Dinner Party","Picnic","Swiss Cheese","Mayonnaise","Mustard","Pickles","Butter","Ham","Pork","Lunch","Sub / Sandwich","Easy"],"image":null,"servings":4,"rating":4.6,"description":"Rumored to have originated in Cuba or Key West, the Cuban sandwich migrated to Tampa, Florida, and eventually to Miami, growing in popularity along the way. It’s traditionally made with Cuban bread, but Italian or ciabatta bread is an easy-to-find substitute. Ham, roasted pork loin, Swiss cheese, pickles, and yellow mustard are the nonnegotiable layers in a proper Cuban sandwich, but mayo and salami are also common additions. For ease of preparation, the assembled loaf is cut in half here, each piece is wrapped in foil, and a heavy pot or pan is placed on top to compress the sandwich while it’s toasting. We recommend keeping the Cuban theme going and serving with a Daiquiri.\nGame plan: If you can, use this rotisserie pork loin recipe for the roasted pork loin; the dried-oregano marinade adds a ton of flavor.","totalTime":60,"ingredients":["1 (1-pound) loaf Italian or ciabatta bread","1/4 cup mayonnaise (optional)","8 ounces thinly sliced cooked ham","8 ounces thinly sliced roasted pork loin","8 ounces thinly sliced Swiss cheese","4 whole dill pickles, thinly sliced lengthwise","1/4 cup yellow mustard","2 tablespoons unsalted butter (1/4 stick), melted"],"directions":["\nHeat the oven to 200°F and arrange a rack in the middle.","\nCut the loaf of bread in half horizontally and open it up like a book. Spread the mayonnaise, if using, on the bottom piece of bread.","\nEvenly place the ham and roasted pork on top of the mayonnaise. Evenly arrange the cheese and pickles on the meat.","\nSpread the mustard on the top piece of bread and close the sandwich. Press gently on the top to compact the sandwich slightly. Cut it in half crosswise; set both halves aside.","\nLay 2 (20-inch-long) sheets of aluminum foil on a work surface. Brush half of the melted butter on the tops of the sandwiches. Place each sandwich butter-side down on the sheets of foil. Brush the bottoms of the sandwiches with the remaining butter. Fold the foil around the sandwiches to completely encase them.","\nHeat a large frying pan on low heat until hot, about 4 minutes. Place 1 wrapped sandwich in the pan. Place a cast-iron skillet, Dutch oven, or heavy pot on the sandwich, push down on the skillet or pot to further compact the cubano, and cook undisturbed for 10 minutes.","\nRemove the skillet or pot (careful: It may be hot). Flip the sandwich and place the skillet or pot back on top of it. Cook undisturbed until the cheese has melted and the sandwich is warmed through, about 10 minutes more. Remove to the oven and repeat with the second sandwich. When both are ready, remove the foil, cut into pieces, and serve."],"nutrition":{"calories":773,"fat":34.29,"saturatedFat":17.96,"transFat":0.23,"carbs":56.63,"fiber":6.2,"sugar":5.79,"protein":45.01,"cholesterol":135.47,"sodium":1990.86}}