{"title":"Cartini","tags":["New Year's Eve","Christmas","Dinner Party","Gin","Sherry","Oranges","Cocktails","Drink","Holidays","Easy"],"image":null,"servings":1,"description":"Author and former Gramercy Tavern managing partner Nick Mautone explains that this drink should look fairly clear, with a slight orange tint from the Lillet and bitters. The taste is potent and aromatic, with a hint of bitter orange.","totalTime":5,"ingredients":["1/4 ounce dry sherry","1 ounce Lillet Blanc","2 ounces gin, such as Junipero","1 dash angostura bitters","Ice","1 orange twist, for garnish"],"directions":["\nPlace a cocktail glass in the freezer to chill.","\nPlace the sherry, Lillet, gin, and bitters in a cocktail shaker. Add ice to fill the shaker halfway. Stir briskly with a barspoon until thoroughly chilled, about 30 seconds.","\nStrain into the chilled cocktail glass and garnish with the orange twist."],"nutrition":{"calories":175,"carbs":0.86,"sugar":0.25,"protein":0.05,"sodium":27.66}}