{"title":"BLUE MOON BRAISED PORK BELLY","tags":[],"image":null,"servings":8,"description":"SUCCULENT, TASTY PORK BELLY FALLING OFF THE FORK TENDER. COMFORT FOOD AT ITS BEST. GREAT AS IS OR SERVED OVER MASHED POTATOES, PASTA OR RICE.","totalTime":32,"ingredients":["2 Pounds Pork Belly","2 Sweet Onion, sliced","2 Shallots, sliced","4 Garlic Cloves, minced","Two Bottles BLUE MOON BEER","1/3 Cup packed Dark Brown Sugar","Salt/Pepper to taste","12-16 ounce Carrots, peeled and cut into chunks","4 Cups reduced sodium Beef Broth","1/2 Cup Heavy Cream","2 Tablespoons Basalmic Vinegar - optional"],"directions":["\nIn a large Dutch oven over medium-high heat, sear the pieces of pork belly until golden brown (about 1-2 minutes per side). Transfer the meat to a plate and drain off all but 1 Tablespoon of fat from the pan.","\nLower heat to medium and add the oinonand shallots. . Cook, stirring frequently until tender and beginning to caramelize, about 8-10 minutes. Stir in the garlic and cook 1-2 minutes more.","\nAdd the beer, brown sugar 1 teaspoon salt and the pepper. Bring to a boil and reduce liquid by half, about 10 minutes.","\nReturn the ieces of pork belly to the pot and add the carrots and broth. Bring up to a simmer and partially cover the pan. Cook 1 hour 45 minutes to 2 hours or until the meat is meltingly tender.","\nWith a slotted spoon, transfer the pork belly to a warm plate, cover with foil and reserve.","\nBring the remainng ingredients in the pot up to a boil and reduce to 2-1/2 Cups liqud. Working in batches as needed, transfer the mixture to a blender and carefully purre, reserving some of the whole carrot pieces. Return the puree to the pan then stir in the heavy cream, and vinegar if used.","\nTaste and add salt and or pepper as needed. Serve with the pork belly in bowls, as is or over mashed potatoes, pasta or rice."]}