{"title":"Patty Melt","tags":["Super Bowl","New Year's Eve","Grilling","Hangover Cure","Beef","Mayonnaise","Butter","Onions","Lunch","Sub / Sandwich","Weeknight Dinner","Comfort Food","Main Dish","Easy"],"image":null,"servings":4,"rating":4.6,"description":"This grilled cheese/burger hybrid is said to have been invented in the 1940s or ’50s when the popularity of drive-in restaurants and diners was on the rise. Today, the patty melt stands as a shining, somewhat greasy example of the classic American diner sandwich. Thin patties of ground beef are cooked until browned, covered with Swiss cheese and plenty of caramelized onions, and put between slices of rye bread. Then the whole sandwich is grilled until melty and crunchy. Here we used Chef Gabrielle Hamilton’s tip for replacing the butter with mayonnaise to get the best browning and flavor. Eat with a heaping pile of crispy french fries.","totalTime":80,"ingredients":["2 tablespoons unsalted butter (1/4 stick)","2 medium yellow onions, halved and thinly sliced (about 4 cups)","1 pound ground chuck (15 to 20 percent fat content)","1 teaspoon kosher salt, plus more for seasoning","1/2 teaspoon freshly ground black pepper, plus more for seasoning","1/4 cup mayonnaise","8 slices light rye bread","8 ounces thinly sliced Swiss cheese"],"directions":["\nMelt the butter in a large nonstick frying pan over medium heat until foaming. Add the onions and cook, stirring rarely, until deep golden brown and caramelized, about 40 minutes. Season generously with salt and pepper, stir to combine, and transfer to a medium bowl; set aside. Wipe out the pan with paper towels and set aside.","\nWhile the onions are cooking, place the meat in a large bowl and add the measured salt and pepper. Mix with your hands until just evenly combined. Divide into 4 equal portions and place on a baking sheet. Using your fingertips, press each portion into a 1/4-inch-thick patty that is slightly wider in diameter than the slices of bread.","\nHeat a separate large frying pan (not the nonstick pan) over medium-high heat until a drop of water sizzles and immediately disappears on the surface. Place 2 of the patties in the pan and cook undisturbed until browned on the bottom, about 2 to 3 minutes. Flip and cook until the patties are just slightly pink in the center for medium, about 2 to 3 minutes more. Transfer the patties to a large plate and tent loosely with aluminum foil. Repeat with the remaining 2 patties; set aside.","\nOn 1 side of each bread slice, spread about 1 heaping teaspoon of the mayonnaise in an even layer and all the way to the edges. Place 4 of the bread slices on a work surface mayonnaise-side down, and set the other 4 slices aside. Distribute half of the cheese among the 4 bread slices and divide the cooked onions evenly over the cheese, arranging the onions in an even layer. Top with the beef patties, divide the remaining cheese over the patties, and place the remaining 4 slices of bread on top mayonnaise-side up.","\nHeat the reserved nonstick pan over medium heat until a drop of water sizzles and immediately disappears on the surface, about 3 minutes. Place 2 of the sandwiches in the pan and cook until the bottom slices of cheese start to melt and the bread is golden brown, about 3 to 4 minutes. Flip and cook until the other side is golden brown and all of the cheese has melted, about 3 to 4 minutes more. Remove to a serving plate and repeat with the remaining 2 patty melts. Serve immediately."],"nutrition":{"calories":791,"fat":40.97,"saturatedFat":18.23,"transFat":0.52,"carbs":57.92,"fiber":7.55,"sugar":10.7,"protein":48.63,"cholesterol":144.5,"sodium":1009.08}}