{"title":"Oven-Roasted Chestnuts","tags":["Roasting","Healthy","Chestnut","Snack","Winter","Italian","Vegan","Vegetarian","Nuts","Fall","Easy"],"image":null,"servings":4,"rating":3.1,"description":"Roasted chestnuts are the perfect winter snack. They’re low in fat and calories, and they’re full of fiber, calcium, and vitamin C. However peeling chestnuts is a chore. This technique overcomes that: First you steam the chestnuts in a foil pouch to open the shells and separate the skin from the flesh, then you roast. For an alternative chestnut roasting method, check out our pan-roasted chestnut recipe.\nSince chestnuts are highly perishable, they need to be eaten soon after purchasing them, and they should be stored in a breathable bag in the refrigerator.\nThis recipe was featured as part of our Winter Ingredients photo gallery.","totalTime":45,"ingredients":["1 pound chestnuts (about 3 cups)","1/2 cup water"],"directions":["\nHeat the oven to 475°F.","\nUsing a sharp knife, cut an “X” about 1 inch long through the shell on the flat side of each chestnut. Measure out about 2 feet of aluminum foil and set it over a baking sheet. Place the chestnuts in the middle of the foil in a single layer. Bring the shorter sides of the foil up so they kiss. Crimp the longer sides over to create a seal. Leave a 1-inch hole at the top to create a vent.","\nPour the water into the vent and cook the foil pouch in the oven for 5 minutes. Lower the oven temperature to 375°F, carefully pull the foil down all the way to expose the chestnuts, and continue to cook until tender, about 25 minutes more. Peel when cool enough to handle."],"nutrition":{"calories":210,"fat":1.34,"saturatedFat":0.25,"carbs":47.37,"protein":1.75,"sodium":3.33}}