{"title":"Spiced California Walnuts","tags":[],"image":null,"servings":8,"description":"Create simply delicious spiced walnut snacks and appetizers. Adjust the ingredients to create savory, hot or sweet delights.","totalTime":75,"ingredients":["1 egg white","1 tbsp. water","2 cups California walnut halves and pieces","½ cup sugar","1 tbsp. cinnamon","½ tsp. allspice"],"directions":["\nPreheat oven to 225°F and line a large shallow baking pan with foil.","\nCombine the egg white and water. Beat until foamy.","\nAdd the walnuts and toss to coat.","\nPour the mixture into a strainer and let drain 2-3 minutes.","\nCombine sugar, cinnamon and allspice in a plastic or paper bag, shaking the bag to mix.","\nAdd the walnuts; hold the bag shut and shake vigorously to coat the nuts.","\nSpread nuts in one layer on the prepared baking sheet.","\nBake for 1 hour, stirring every 15 minutes.","\nCool completely, stirring occasionally and breaking nuts apart if stuck together.","0\nDon’t worry if they stick to the foil, it is easy to peel them off.","1\nStore in a tightly-capped jar."]}