{"title":"Mary Pickford","tags":["Boston Area","New Year's Eve","Christmas","Academy Awards","Dinner Party","Rum","Punch","Pineapple Juice","Grenadine","Cocktails","Drink","Holidays","DIY"],"image":null,"servings":1,"rating":4.1,"description":"The Mary Pickford, named after the silent movie star from the early 1900s, is a well known classic cocktail. Here John Gertsen, bar manager of Drink in Boston, tweaks the proportions a bit in favor of the rum, for a less sweet version.\nWhat to buy: Maraschino liqueur is a relatively dry liqueur with a subtle bitter-almond flavor; it can be found at any well-stocked liquor store. While it can easily be found in stores, we recommend making your own Grenadine for this recipe.\nThis recipe was featured as part of our New Year’s Eve Speakeasy Party.","totalTime":5,"ingredients":["1 1/2 ounces white rum","1 ounce pineapple juice","1/4 ounce grenadine","1/4 ounce maraschino liqueur"],"directions":[],"nutrition":{"calories":154,"fat":0.06,"saturatedFat":0.01,"carbs":10.67,"fiber":0.06,"sugar":8.41,"protein":0.11,"sodium":3.47}}