{"title":"Mint Julep","tags":["Bourbon","Julep","Mint","Cocktails","Kentucky Derby","Southern","Dinner Party","Drink","Spring","Summer","Easy"],"image":null,"servings":1,"rating":3.1,"description":"A classic cocktail recipe of bourbon, mint, and a little sugar served over crushed ice.\nThis recipe was featured as part of our Kentucky Derby Day menu.","totalTime":5,"ingredients":["Fresh mint leaves","1 teaspoon simple syrup or superfine sugar","2 ounces bourbon","Crushed ice"],"directions":["\nMuddle 12 to 20 mint leaves with simple syrup or sugar in a silver julep cup, then pour in bourbon.","\nFill the glass with crushed ice, and garnish with more mint leaves."]}