{"title":"Lambic Sangría","tags":["Sangría","Super Bowl","Memorial Day","Labor Day","March Madness","No-Cook","Dinner Party","Tailgating","Punch","Beer Cocktail","Cocktails","Drink","Snack","Make Ahead","Batch Cocktail","Spring","Summer","Easy"],"image":null,"servings":8,"rating":3.1,"description":"Sangría is the resident punch of summertime, but made with cheap red wine and even cheaper brandy it’s bound to fall flat. Breathe new life into this classic with raspberry-laced lambic and refreshing Belgian ale.\nWhat to buy: Framboise lambic is an ale flavored with raspberries instead of hops and can be found in most grocery and liquor stores.\nHoegaarden white ale is a smooth, refreshing wheat beer from Belgium. It can be found in most grocery and liquor stores.\nThis recipe was featured as part of both our Summer Fruit Cocktails and Punch Recipes photo galleries.","totalTime":5,"ingredients":["1 (750-milliliter) bottle Framboise lambic, such as Lindemans, chilled","2 (11.2-ounce) bottles Hoegaarden white ale, chilled","6 ounces Lillet Blanc, chilled","6 ounces raspberries (about 1 cup)","1/2 medium orange, thinly sliced","Ice"],"directions":[],"nutrition":{"calories":64,"fat":0.11,"carbs":6.2,"fiber":1.2,"sugar":1.61,"protein":0.64,"sodium":4.4}}