{"title":"Mom’s Classic Macaroni Salad","tags":["Pasta","Easy","Dijon Mustard"],"image":"https://search.chow.com/thumbnail/1200/0/www.chowstatic.com/assets/2015/05/31441_classic_macaroni_salad.jpg","servings":8,"rating":4.7,"description":"A church picnic or family reunion wouldn’t be complete without this Americana classic. Don’t overcook the pasta—keeping it al dente gives a simple macaroni charm and prevents the dressing from being absorbed. Whipping up your own mayo makes it even more delicious.","totalTime":55,"ingredients":["1 pound macaroni","1 1/2 cups mayonnaise","3 tablespoons red wine vinegar","2 tablespoons Dijon mustard","2 teaspoons sugar","Freshly ground black pepper","3 stalks celery, finely diced","1 medium red bell pepper, seeded and finely diced","1 small red onion, finely diced"],"directions":["Bring a large pot of salted water to a boil over high heat. Add the pasta and cook until al dente, or according to package directions. Drain and rinse well under cold water; drain again and transfer to a large serving bowl.","Add the celery, bell pepper, and onion to the pasta. In a bowl, whisk together the mayo, vinegar, mustard, sugar, and pepper to taste. Pour over the pasta and toss and stir until well coated. Serve right away at room temperature, or refrigerate until ready to serve, up to 1 day in advance."],"nutrition":{"calories":529,"fat":34.43,"saturatedFat":5.17,"carbs":46.07,"fiber":2.78,"sugar":3.8,"protein":7.93,"cholesterol":16.89,"sodium":308.21}}