{"title":"Chipotle-Nectarine Barbecue Sauce","tags":["Sauces","Labor Day","4th of July","Barbecuing","Grilling","BBQ","Dinner Party","Tailgating","Camping","Potluck","Gluten Free","Vegan","Vegetarian","BBQ Sauce","Ketchup","Brown Sugar","Chipotle Chile","Garlic","Onions","Summer","Easy"],"image":null,"servings":5,"rating":5.1,"description":"Adding the sweet flavor of summer stone fruit to a tangy barbecue sauce is a simple and delicious twist on tomato-based barbecue sauces. Cook nectarines with smoky chipotles, onion, a bit of ketchup, and brown sugar, then blend it all until smooth. Add a hit of vinegar for a sweet-tart sauce that’s great slathered on grilled chicken or smoked ribs.\nWhat to buy: We like the tart-sweet flavors of yellow nectarines over white nectarines in this recipe. Yellow peaches can be substituted for the nectarines.\nGame plan: The sauce can be made ahead and stored in the refrigerator for up to 2 days. Let it come to room temperature before using.","totalTime":45,"ingredients":["1 tablespoon vegetable oil","1/2 medium yellow onion, medium dice","1 tablespoon minced chipotles in adobo sauce (from about 1 medium chipotle)","1 medium garlic clove, finely chopped","1 teaspoon kosher salt, plus more as needed","Freshly ground black pepper","1/2 cup ketchup","6 ripe but firm yellow nectarines (about 1 1/2 pounds), pitted and cut into 1-inch pieces","1/3 cup packed dark brown sugar","2 tablespoons cider vinegar"],"directions":["\nHeat the oil in a medium saucepan over medium heat until shimmering. Add the onion, chipotle, garlic, and measured salt. Season with pepper and cook, stirring occasionally, until the onion has softened, about 5 minutes.","\nAdd the ketchup and cook, stirring occasionally, until fragrant and slightly darkened in color, about 2 minutes. Add the remaining ingredients, stir to combine, and cook until the mixture is bubbling around the edges, about 5 minutes.","\nReduce the heat to medium low and simmer, stirring occasionally, until the nectarines are completely softened and starting to fall apart, about 15 to 20 minutes.","\nTransfer the mixture to a blender. Remove the small cap from the blender lid (the pour lid) and cover the space with a kitchen towel (this allows steam to escape and prevents the lid from popping off). Blend until smooth. Taste and season with salt and pepper as needed."],"nutrition":{"calories":173,"fat":3.3,"saturatedFat":0.23,"transFat":0.02,"carbs":37.13,"fiber":2.77,"sugar":30.67,"protein":1.96,"sodium":461.7}}