{"title":"Herbes de Provence","tags":["French","Condiments","Herbs","Easy"],"image":null,"servings":2,"description":"Composed of the vigorous, resinous herbs that grow on hillsides throughout Provence, herbes de Provence is a traditional blend of herbs found in French, and especially Provençal, cooking.","totalTime":5,"ingredients":["2 tablespoons dried thyme","2 tablespoons dried tarragon","1 tablespoon dried summer savory","1 tablespoon crumbled dried orange zest","2 teaspoons crushed fennel seeds","1 teaspoon celery seeds","1 teaspoon dried and crushed lavender buds","1/2 teaspoon ground white pepper","1 crushed bay leaf"],"directions":[],"nutrition":{"calories":32,"fat":0.99,"saturatedFat":0.2,"carbs":6.23,"fiber":3.2,"sugar":0.01,"protein":1.35,"sodium":5.71}}