{"title":"Gratin of Potatoes with Sweet Onion and Thyme","tags":["Thyme","Potatoes","Herbs","Brunch","Side Dish","Casserole","Fall","Gratin"],"image":null,"description":"Thyme’s concentrated spicy, clovelike aroma is highly adaptable and blends well with the foods of many cuisines; in fact, many chefs feel that thyme is the most indispensable herb in the kitchen. Because of thyme’s versatility, it is a foundation herb in seasoning mixes from Turkey to the Caribbean.","ingredients":["1 quart heavy cream","1 tablespoon finely chopped fresh thyme","3 pounds russet potatoes","1 large sweet onion","2 ounces grated Parmesan cheese"],"directions":["\nPreheat the oven to 400°F. Scald heavy cream combined with thyme and salt, pepper, and nutmeg to taste.","\nPeel and thinly slice russet potatoes. Peel and slice sweet onion.","\nToss the potatoes and onion with the scalded cream. Transfer to a baking dish just large enough to hold the mixture. Sprinkle Parmesan cheese over the top.","\nCover with aluminum foil and bake about 45 minutes, until the potatoes are almost soft and the mixture is bubbling. Remove the foil and bake about 15 minutes longer, until browned on top. Cool slightly before serving."],"nutrition":{"calories":295,"fat":23.06,"saturatedFat":14.33,"carbs":19.13,"fiber":1.36,"sugar":3.52,"protein":4.52,"cholesterol":84.06,"sodium":77.74},"servings":16}