{"title":"Sugar-Free Strawberry Sorbet","tags":["Easy"],"image":null,"servings":4,"description":"This is a great wholesome, delicious dessert to go along with your independence celebration. Sugar-free & gluten-free strawberry sorbet. You will wow your guests with a burst of fresh fruit flavor!","totalTime":25,"ingredients":["10 oz bag of organic strawberries","2 cups water","¼ cup agave nectar"],"directions":["\nPlace strawberries, water and agave in a blender","\nBlend on highest speed until smooth and creamy","\nPour mixture into ice cream maker and process according to instructions","\nServe"]}