{"title":"Late-Night Asian Noodles","tags":["Noodles","Peanut Butter","Ramen","Snack","Easy"],"image":null,"servings":2,"rating":4.1,"description":"These bastardized noodles, a godsend for dorm cooks, emerge from somewhere between the college-town thai noodle shop and the corner bodega. Our Asian-influenced recipe combines chile-garlic paste with peanut butter and ramen noodles for an ethnically confused but surprisingly appetizing late-night snack.\nWhat to buy: For the chile-garlic paste, we prefer the one made by Huy Fong Foods (with the rooster on the jar!).\nBuy the precut coleslaw vegetable packs that are sold (without dressing) in the produce section of most supermarkets.\nGame plan: Heat water to boiling by passing it through your automatic drip coffeemaker or heating it in a microwave or on a hot plate.\nThis recipe was featured as part of our story on dorm cooking.","totalTime":5,"ingredients":["4 cups boiling water","2 (3-ounce) packages ramen noodles (without seasoning packets)","2 cups prepared coleslaw (vegetables only)","3 tablespoons crunchy peanut butter","4 teaspoons freshly squeezed lime juice","1 tablespoon chile-garlic paste (such as Huy Fong)"],"directions":["\nPlace ramen noodles in a mixing bowl and pour boiling water over noodles; let sit 2 minutes.","\nOnce noodles have soaked, pour off all but 1/2 cup of the water and add remaining ingredients. Toss together until noodles and coleslaw are well coated in peanut butter and chile-garlic paste. Season with salt and black pepper. Serve."],"nutrition":{"calories":620,"fat":30.45,"saturatedFat":9.84,"transFat":0.07,"carbs":73.8,"fiber":5.6,"sugar":4.42,"protein":15.85,"cholesterol":9.6,"sodium":1629.23}}