{"title":"Frozen Ginger-Peach Margarita","tags":["Margarita","Peaches","Ginger","Dallas-Fort Worth","Memorial Day","Labor Day","4th of July","Cinco de Mayo","Mexican","Dinner Party","Tailgating","Bachelorette Party","Tequila","Liqueur","Frozen Cocktail","Vegetarian","Lime Juice","Fruit","Cocktails","Drink","Summer","Ice","Easy"],"image":null,"servings":6,"rating":4.1,"description":"We have Mariano Martinez, of La Hacienda Ranch restaurants in Dallas, Texas to thank for “The World’s First Frozen Margarita Machine”—he created it in 1971 by modifying a soft serve ice cream maker (read more about that here). Nowadays, fruity frozen margaritas are often shunned by margarita connoisseurs because of their fake flavor and watery consistency, but done right, they really hit the spot on a sweltering summer day. Frozen fruit gives this margarita its peachiness, smoothielike consistency, and real fruit flavor. A splash of ginger liqueur, combined with the oaky flavor of reposado tequila, gives it a little bit of spice.\nWhat to buy: Reposado translated means “rested.” Reposado tequila is aged a minimum of two months and up to a year in oak barrels, giving it a smoother, slightly oaky flavor compared to blanco, or unaged, tequila.\nDomaine de Canton is a ginger-flavored liqueur that can be found at specialty liquor stores.\nSteer clear of budget peach schnapps for this recipe. We recommend Stirrings or Briottet Crème de Pêche peach liqueur.\nThis recipe was featured as part of our Margarita Recipes slideshow.","totalTime":10,"ingredients":["1 1/4 pounds frozen sliced peaches","10 ounces reposado tequila, such as El Espolòn or Cazadores","4 ounces Domaine de Canton ginger liqueur","3 ounces freshly squeezed lime juice (from about 6 medium limes)","2 ounces peach liqueur","2 ounces Simple Syrup","3 cups ice"],"directions":[],"nutrition":{"calories":270,"fat":0.33,"saturatedFat":0.05,"carbs":30.39,"fiber":1.47,"sugar":25.94,"protein":0.95,"sodium":13.24}}