{"title":"African Hibiscus Punch","tags":["Punch","African","Drink","Summer","Easy"],"image":null,"servings":4,"description":"Hibiscus has a pleasantly tart and sour taste with a raspberry, rhubarb, and plum character and a floral, berrylike aroma. Because of its vibrant red color, it livens up refreshing teas and other cooling drinks.\nJus de vissap, a cold hibiscus drink often called the national drink of Senegal, is also popular in neighboring parts of West Africa.","totalTime":5,"ingredients":["1 cup dried hibiscus blossoms","4 whole cloves","1 cinnamon stick","1 section vanilla pod","1/2 cup honey","3/4 cup sugar","2 quarts water"],"directions":["\nCombine hibiscus blossoms with cloves, cinnamon stick, and vanilla pod in a large pot. Add 2 quarts boiling water and boil for 1 minute, stirring. Turn off the heat, sweeten with honey or sugar, and steep for 1 hour.","\nStrain, pressing the blossoms to extract all the juices. Serve hot or cold."],"nutrition":{"calories":280,"fat":0.03,"saturatedFat":0.01,"carbs":73.19,"fiber":0.48,"sugar":72.4,"protein":0.16,"sodium":21.59}}