{"title":"KISIR - Turkish Style Tabule","tags":["Easy"],"image":null,"servings":2,"description":"Although it is prepared differently in various regions, this recipe is specific to Eastern Mediterranean area of Turkiye.","totalTime":20,"ingredients":["1-cup fine grain, quality brand bulgur (cracked wheat), 1 cup of hot water","1 medium size yellow onion, 1 clove of garlic, 1/2 bunch Italian parsley, 1/2 bunch fresh mint, 1 tea spoon salt.","1 table spoon Turkish pepper paste, 2 table spoons Pomegranate sauce, 1-table spoon lemon juice, 1 table spoon olive oil","2 medium size tomatoes, 1 green chili pepper, 1/2 bunch green onions"],"directions":["\nPlace one cup bulgur into a deep dish and pour boiled water over it. Cover and let it sit to cool.","\nWhile bulgur is soaking and cooling, prepare other ingredients: dice onions, peppers, garlic, parsley, peppermint and tomatoes.","\nUncover the bulgur and stir it with wooden spoon to separate grains.","\nAdd pepper paste, salt, garlic and diced yellow onions. Mix well.","\nThen add diced tomatoes, green onions, parsley, mint & pepper. Mix well.","\nLastly add lemon juice, pomegranate paste and olive oil, mix and serve with lettuce."]}