{"title":"Orange and Blue Moon Waffle with Pecan and Beer Carmel Topping","tags":[],"image":null,"servings":4,"description":"With these great waffles, the party’ll keep going until breakfast the next morning!","totalTime":20,"ingredients":["1 1/2 cups flour","3/4 cup pecan meal","2 Tbsp. sugar","1/2 tsp. baking soda","1/4 tsp. baking soda","1/4 tsp. salt","1 cup orange juice (freshly squeezed preferably)","1 cup Blue Moon Summer Honey Wheat beer","1 Tbsp. orange zest","6 Tbsp. melted butter","2 eggs","#For the caramel","1 cup sugar","1/4 cup water","2 Tbsp. light Karo syrup","1/2 cup Blue Moon Summer Honey Wheat beer","3/4 cup whole pecans"],"directions":["\nPreheat oven to 200F and plug in your waffle iron.","\nMix all dry ingredients (flour, pecan meal, sugar, baking powder, baking soda, salt) together in a bowl.","\nIn a separate bowl, whisk together your Blue Moon, orange juice, orange zest, butter, and egg yolks (reserve egg whites).","\nMake a well in the center of your dry ingredients and pour in the wet. Mix in your wet ingredients.","\nWhip your egg whites until soft peaks have formed and then fold into your batter. Now cook the waffles (: Place any that are done before you’re ready into the preheated oven.","\nWhile your waffles are cooking, put your 1 cup sugar, Karo syrup, and water into a cold pan and raise to medium-high heat, stirring occasionally. Allow to caramelize to desired color and then remove from heat, add in your remaining Blue Moon and whole pecans and stir. Pour your sauce over the waffles and serve! (:"]}