{"title":"Ladybugs on a Raft","tags":["No-Cook","Healthy","Vegan","Vegetarian","Lunch","Snack","Kid Friendly","Easy"],"image":null,"servings":2,"rating":5.1,"description":"Peanut-butter-stuffed celery topped with raisins (a.k.a. ants on a log) is a classic after-school snack, but why not get adventurous and try a new nut butter like cashew or almond and switch the ants (raisins) for ladybugs (sweetened dried cranberries)?\nThis recipe was featured as part of our Good Food for Kids photo gallery.","totalTime":5,"ingredients":["3 celery stalks","nut butter","dried cranberries"],"directions":[]}