{"title":"Chocolate Icebox Cake with Mascarpone and Blackberries","tags":["Blackberries","4th of July","Dessert","Chocolate","Cakes","Cream","Summer","Easy"],"image":null,"servings":12,"description":"A rich, easy, no-bake dessert with layer after layer of chocolate wafers and blackberry-laced mascarpone cream.\nSpecial equipment: We used a 9-inch springform pan and a pastry spatula to assemble the cake, though you could use a large platter and a rubber spatula.\nWhat to buy: Use Nabisco Famous Chocolate Wafers and a good-quality unsweetened cocoa powder such as Valrhona or Scharffen Berger.\nMarie Brizard Blackberry Liqueur is great in this recipe, but you could also use crème de mûre.\nThis recipe was featured as part of our Cooling Off story and our Chocolate Desserts photo gallery.","totalTime":20,"ingredients":["2 cups heavy cream","1/4 cup granulated sugar","1 tablespoon vanilla extract","1/4 cup blackberry liqueur (or substitute crème de mûre)","2 tablespoons unsweetened cocoa powder","1 (8-ounce) container mascarpone cheese","2 (9-ounce) packages chocolate wafer cookies, such as Nabisco Famous Chocolate Wafers","Fresh blackberries, for garnish","Blackberry Coulis"],"directions":["\nCombine cream, sugar, vanilla extract, blackberry liqueur, cocoa powder, and mascarpone in a large bowl. Using an electric mixer on medium speed, beat until firm peaks form. Set aside.","\nIn the bottom of a 9-inch springform pan (or on a 9-inch platter), arrange 12 cookies in a circle to form a base. Spread about 1/3 cup of the whipped cream mixture evenly to cover. Repeat layering the cookies and cream until all the cookies are used; top with remaining cream mixture. Cover tightly with plastic wrap and refrigerate for 5 hours or overnight.","\nGarnish with blackberries, and serve with our Blackberry Coulis.","#Note: Cover the cake well before putting it in the refrigerator to set so that it doesn’t take on any odors in your fridge.","#Beverage Pairing: Convento Cappuccini Brachetto d’Acqui, Italy. The best way to pair wine with this ultra-rich dessert is to contrast it with something light and effervescent. Brachetto d’Acqui is such a wine. Red and sparkling, it has the sweetness to pair with the dessert, but the buoyancy and delicacy to leaven the heavy chocolate and mascarpone."],"nutrition":{"calories":426,"fat":27.33,"saturatedFat":14.66,"carbs":40.33,"fiber":1.78,"sugar":24.16,"protein":4.92,"cholesterol":75.98,"sodium":331.49}}