{"title":"Jalapeño Pumpkin Seeds","tags":["Pumpkin Seeds","Roasting","Healthy","Vegetarian","Jalapeño Pepper","Snack","Make Ahead","Fall","Winter","Easy"],"image":null,"servings":6,"rating":5.1,"description":"Jalapeño powder gives pumpkin seeds a kick of heat. Use it to boost your spicy favorites, such as our Turkey Chili recipe.\nWhat to buy: We used raw pumpkin seeds (a.k.a. pepitas) for this recipe. You can also use the seeds left over from carving a pumpkin or roasting squash. Just collect the seeds, rinse them in a strainer to remove the pulp, and thoroughly pat them dry. They may take a few minutes longer in the oven, depending on how fresh they are.\nGame plan: The seeds are best fresh from the oven but will last up to 5 days stored at room temperature in an airtight container.\nThis recipe was featured as part of our 10 Ways to Spice Up Pumpkin Seeds photo gallery.","totalTime":15,"ingredients":["2 cups pumpkin seeds","2 teaspoon vegetable oil","1 tablespoon jalapeno powder","2 teaspoon kosher salt"],"directions":[],"nutrition":{"calories":254,"fat":22.65,"saturatedFat":3.83,"transFat":0.04,"carbs":4.67,"fiber":2.61,"sugar":0.64,"protein":13.01,"sodium":105.82}}