{"title":"Roasted Fingerling Potatoes","tags":["Potatoes","Los Angeles Area","Easter","Christmas","St. Patrick's Day","Thanksgiving","Roasting","Dinner Party","Healthy","Vegan","Vegetarian","Herbs","Dinner","Side Dish","Food and Dating","Vegetables","Easy"],"image":null,"servings":4,"rating":4.6,"description":"Slathering small young potatoes in olive oil and roasting them with salt, pepper, and herbs brings out their mild, earthy flavors. This side dish from Chef Mark Peel, of the now-defunct Campanile restaurant in LA, complements so many mains. Try topping it with a basic Aioli sauce or pairing with an easy Lamb recipe.","totalTime":45,"ingredients":["1 1/4 to 1 1/2 pounds fingerling potatoes, scrubbed","2 tablespoons extra-virgin olive oil","A few sprigs or 1 tablespoon finely chopped fresh rosemary or thyme (optional)"],"directions":["\nHeat the oven to 425°F and arrange a rack in the middle.","\nPlace potatoes in a baking dish and toss with oil, salt, freshly ground black pepper, and herbs (if using). Make sure the potatoes are well coated with oil and the baking dish is also well oiled. Add more as needed.","\nCover the baking dish with foil and place in the oven for 40 minutes. Check the potatoes. They should be tender all the way through when pierced with a knife but still a little firm. If they are not, give them another 10 minutes. Remove from the oven and allow to cool in the pan before serving."],"nutrition":{"calories":180,"fat":6.89,"saturatedFat":0.97,"carbs":27.24,"fiber":3.43,"sugar":1.22,"protein":3.15,"sodium":9.49}}