{"title":"Ginger-Mango Fusion","tags":["Easy"],"image":null,"servings":1,"description":"I love zesty, tangy, distinct flavors. Ginger and mango, together, are the perfect match. Experience the romantic entanglement in a steeping mug of hot water.","totalTime":10,"ingredients":["1 small piece fresh ginger root","3-4 smile-shaped, small slices of very ripe mango (mexican is best)","boiled water"],"directions":["\nwash and peel ginger with potato peeler. NOTE: be careful to not peel too deep. if you peel off the “ring” of the root, you have lost the medicinal part. slice ginger into 1/4 inch slices. place 5-7 slices at the bottom of a mug.","\nslice mango, avoiding pit. with a small knife, carefully slice off skin. place mango pieces at bottom of mug.","\npour boiling water over fruit. let steep for 10-15 minutes or until desired taste. eat the ginger-infused mango once you’ve finished. it’s delicious."]}