{"title":"Slow Cooker BBQ Beef Sandwiches","tags":["Beef","Slow Cooking","Slow Cookers","BBQ","Ketchup","Worcestershire Sauce","Easy"],"image":"https://search.chow.com/thumbnail/1200/0/www.chowstatic.com/assets/2015/04/bbq_beef_sandwiches_620x620.jpg","servings":10,"description":"I guess you could say every slow cooker recipe is a crowd-pleaser. This one is no-fail. It has richness and a sweet-spicy-tangy balance that lifts it out of the sugar-fat dimension some barbecue is stuck in and into a field of green with birds chirping and Frisbees soaring just past your head. Let’s party! Remember to save any leftover sauce. It makes a great glaze for meatloaf and a killer topping for nachos.","totalTime":325,"ingredients":["1 1/2 cups ketchup","1/2 cup packed dark brown sugar","6 medium garlic cloves, minced","5 tablespoons apple cider vinegar","6 tablespoons Worcestershire sauce","1 tablespoon paprika","1 tablespoon chili powder","1/2 cup water","3- to 4-pound bone-in beef pot roast or chuck roast","10 slider-size sandwich rolls"],"directions":["Turn your slow cooker on and set it to high while you get all the ingredients together. Add everything except the roast and rolls to the slow cooker and stir together for a minute or two so it’s all well combined. ","Place the meat in the slow cooker and cook for 4 to 5 hours on high. ","This kind of pot-roast cut is flavorful but not fall-apart tender; you’ll need a chef’s knife to render the meat into shards you can pile on a roll. I pull all of the meat out of the pot, slip out the bones, and first slice, then chop the beef. ","Once the meat is chopped, use a large spoon or ladle to add some of the cooking juices until you get the consistency you like. I start with a really wet consistency, since the meat fibers will absorb some of the liquid. It thickens up quickly. Pile the sauced meat onto the rolls; have a stack of napkins ready. "],"nutrition":{"calories":473,"fat":11.16,"saturatedFat":3.76,"transFat":0.39,"carbs":54.22,"fiber":1.97,"sugar":20.54,"protein":39.96,"cholesterol":101.6,"sodium":881.67}}