{"title":"Grits","tags":["Atlanta","Southern","Seafood","Dinner Party","Milk","Eggs","Butter","Pork","Corn","Side Dish","Cream","Comfort Food","Grits","Easy"],"image":null,"servings":4,"rating":5.1,"description":"A Southern breakfast and dinner staple served primarily with eggs, ham, and braised meats, grits are a great dish to have in your back pocket. Grits are coarsely ground white or yellow corn that is simmered in liquid to make a soft, porridgelike side. They go beautifully with this shrimp and tasso recipe, courtesy of Maxie’s Supper Club in Ithaca, New York.\nWhat to buy: Most large grocery stores carry white or yellow corn grits. They are sometimes sold as grits/polenta. Hominy grits can be used in place of corn grits.","totalTime":30,"ingredients":["1 1/2 cups water","3/4 cup whole milk, plus more as needed","1/4 cup heavy cream","3 tablespoons unsalted butter","1/2 teaspoon kosher salt, plus more as needed","1/4 teaspoon freshly ground white pepper, plus more as needed","3/4 cup yellow or white corn grits (not instant)"],"directions":["\nCombine the water, milk, cream, butter, salt, and white pepper in a medium saucepan with a tightfitting lid over medium heat and bring to a simmer.","\nStir in the grits and bring to a simmer again. Cook, without stirring, until the grits float to the surface, about 1 to 2 minutes. Cover, remove from heat, and let sit until all of the moisture has been absorbed, at least 10 minutes. Whisk until smooth, taste, and add more salt and white pepper as needed. Whisk in additional milk as needed to reach the desired consistency."],"nutrition":{"calories":264,"fat":16.14,"saturatedFat":9.85,"transFat":0.35,"carbs":25.85,"fiber":1.38,"sugar":2.9,"protein":4.09,"cholesterol":47.85,"sodium":268.92}}