{"title":"Carrot Kugel","tags":["Easy"],"image":null,"servings":1,"description":"Carrot Kugel—who would have thought of that? Well, the fabulous Lisa Stafford, that’s who. Lisa recently posted her recipe for Carrot Souffle in my forums…","totalTime":90,"ingredients":["5-6 cups chopped carrots (approximately 2lbs)","¼ cup agave nectar","½ teaspoon nutmeg","½ teaspoon cinnamon","1 tablespoon orange rind","3 eggs","¼ cup blanched almond flour"],"directions":["\nCook carrots in a steamer until soft, about 20 minutes","\nBlend carrots, agave, cinnamon, orange rind, eggs and almond flour until smooth in vita-mix","\nPlace mixture in a greased 8\" square glass baking pan","\nBake at 350° for 1 hour, until browned around the edges and done in the center","\nServe warm out of the oven, or allow to cool, then refrigerate overnight and serve cold"]}