{"title":"Vanilla Bundt Cake with Strawberries","tags":["Dessert","Strawberries","Vanilla Bean","Cakes","American","Greek Yogurt","Eggs","Butter","Lemon Juice","Powdered Sugar","Flour","Easy"],"image":"https://search.chow.com/thumbnail/1200/0/www.chowstatic.com/assets/models/promotions/photos/28841/original/headr_bundtcake-strawberry_2562.jpg","servings":1,"description":"Bundt cakes became popular in the 1950s, after Nordic Ware created the aluminum cake mold in the distinctive ring shape inspired by a European-style cake. Back in the ‘50s and ’60s, molds of all kinds were the rage. There’s not often a thick and creamy frosting on these cakes. Usually it’s a sugary glaze or a chocolate drizzle. Here, we go with a glaze.\nStart off with this Marinated Fennel and Apple Tea Sandwiches recipe, and a simple salad such as our Cucumber and Bibb Lettuce Salad with Creamy Horseradish Vinaigrette recipe.","totalTime":75,"ingredients":["#For the cake:","1 cup (2 sticks) butter, softened","1 1/2 cups granulated sugar","3 large eggs","1 tablespoon lemon juice","1 vanilla bean pod","2 1/2 cups all-purpose flour, split","1/2 teaspoon baking soda","1 teaspoon baking powder","1/2 teaspoon salt","8 ounces Greek yogurt, plain or vanilla","12 ounces fresh strawberries, diced","#For the glaze:","1 1/2 cups powdered sugar","3 tablespoons water","1/2 tablespoon unsalted butter","pinch fine sea salt"],"directions":["Preheat oven to 375°F.","Grease and flour a 10-inch Bundt pan. Sift together the 2 1/4 cups of flour, baking soda, baking powder, and salt.","With an electric mixer, cream together the butter and sugar until light and fluffy using the paddle attachment for about 5 to 7 minutes.Cut the vanilla bean long-wise and scrape out the seeds. Add the seeds to the butter and sugar; mix for another minute. Scrape down the sides. Beat in the eggs one at a time, then stir in the lemon juice. Scrape down the sides. ","Alternate beating in the flour mixture and the yogurt, start with 1/3 of flour, then half of yogurt, another 1/3 of flour and so on. Just mix it until incorporated. Do not over-mix. ","Toss the strawberries with the remaining ¼ cup of flour. Gently fold them with a spatula into the batter. ","Pour the batter into the Bundt pan. Place in the oven and reduce the temperature to 325°F. Bake for about 60 minutes, or until a toothpick inserted into the center of the cake comes out clean.","To make glaze, in a microwave-safe bowl, whisk the powdered sugar and water. Add the butter and salt and microwave for 15 to 20 seconds, until butter is just melted. Stir until smooth. If you prefer a thinner glaze, use it immediately, otherwise let it cool for 10 to 15 minutes or until slightly thickened. Drizzle over the top of cooled Bundt cake, then slice and serve. The cake is best served the day it is made, but it will keep in an airtight container for up to three days. "]}