{"title":"Easy Chipotle Hummus","tags":["Middle Eastern","Condiments","Hummus","Chipotle Chile","Snack","Party Planning","Dip","Easy"],"image":"https://search.chow.com/thumbnail/1200/0/www.chowstatic.com/assets/2014/10/31134_smoky_chipotle_hummus_3000.jpg","servings":4,"description":"Traditional hummus with a smoky, spicy twist: a small amount of minced chipotle chiles and chopped pimientos. Make with our easy Spinach Dip, and you’ll be a dinner party hero. This is adapted from a Bon Appétit recipe.\nGame plan: Prepare the hummus through step 1 up to 4 days ahead of time. Seal in an airtight container and refrigerate. Let sit an hour or so at room temperature. Stir in the cilantro and season just before serving.","totalTime":15,"ingredients":["2 (15-ounce) cans chickpeas, also known as garbanzo beans, drained","1/2 cup water","1/4 cup plus 2 tablespoons tahini","3 tablespoons plus 2 teaspoons freshly squeezed lemon juice","2 tablespoons extra-virgin olive oil","2 1/2 teaspoons minced chipotles in adobo sauce","1 large garlic clove, finely chopped","1 1/2 teaspoons ground cumin","1 (4-ounce) jar sliced pimientos in oil, drained","1/3 cup chopped cilantro","Kosher salt and freshly ground black pepper, to taste"],"directions":["In the bowl of a food processor fitted with the blade attachment, combine the chickpeas, water, tahini, lemon juice, olive oil, chipotles, garlic, and cumin. Pulse until smooth. Add the pimientos and pulse until they’re chopped, with some texture (not puréed smooth).","Transfer the hummus to a bowl. Stir in the cilantro and season to taste with salt and pepper."],"nutrition":{"calories":747,"fat":52.59,"saturatedFat":5.18,"transFat":0.11,"carbs":55.72,"fiber":15.93,"sugar":9.09,"protein":19.16,"sodium":514.58}}