{"title":"Moroccan-Style Preserved Lemon Salad Dressing","tags":["Salad","Lemons","Dressings","Moroccan","No-Cook","Dinner Party","Picnic","Healthy","Vegan","Vegetarian","Condiments","Olive Oil","Lemon Juice","Cumin","Paprika","Garlic","Weeknight Dinner","Summer","Easy"],"image":null,"servings":2,"description":"Chopped preserved lemon, fresh lemon juice, cumin, garlic, paprika, and cayenne are mixed together in this assertive dressing that holds its own tossed in a chunky summer squash salad or brushed on a grilled piece of fish or chicken.\nWhat to buy: Look for preserved lemons in gourmet grocery stores or online; or you can make your own. If you can’t find preserved lemons, substitute 1 tablespoon of finely grated lemon zest.","totalTime":10,"ingredients":["1/4 cup plus 2 tablespoons freshly squeezed lemon juice (from about 3 medium lemons)","2 preserved lemons, rind only, finely chopped (about 3 tablespoons)","2 teaspoons ground cumin","2 teaspoons paprika","2 medium garlic cloves, finely chopped","1 teaspoon kosher salt","1/4 teaspoon cayenne pepper","1/2 cup olive oil"],"directions":[],"nutrition":{"calories":513,"fat":54.99,"saturatedFat":7.57,"carbs":8.24,"fiber":1.85,"sugar":1.96,"protein":1.29,"sodium":293.68}}