{"title":"White Spritz Cocktail","tags":["Italian","White Wine","Spritz Cocktail","Lemon Juice","Day Drinking","Sparkling Water","Alcohol"],"image":"https://search.chow.com/thumbnail/1200/0/www.chowstatic.com/assets/models/promotions/photos/28505/original/Spritz_White_Spritz_cropped.jpg","servings":1,"rating":3.2,"description":"The first vestige of spritz ancestry, the white spritz, or spritz liscio, was likely — as the Italian mythos goes — born in Hapsburg-occupied northern Italy in the 19th century, when Austrian soldiers introduced the practice of adding a spritz of water to the region’s wines, in an effort to make them more pleasing to their Riesling-weaned palates. This version, with soda water, emerged in the first years of the 20th century, and is a malleable blueprint created to suit each drinker’s palate. Simply add a splash of homemade syrup or fruit liqueur to a base of white wine and soda, and garnish with abandon.","totalTime":45,"ingredients":["#Cocktail:","4 ounces dry white wine","2 ounces soda water","½ ounce lemon syrup","#Lemon Syrup:","1 cup fresh lemon juice","1 cup water"],"directions":["Combine the lemon juice and sugar in a saucepan over very low heat. Stir until the sugar is dissolved.","Remove from the heat and let sit for at least 30 minutes. Bottle and store in the refrigerator for up to one month.","Build the ingredients in a wine glass over ice and add the garnish of seasonal citrus, herbs, and fruit."],"nutrition":{"calories":183,"fat":0.59,"saturatedFat":0.1,"carbs":29.29,"fiber":0.73,"sugar":15.81,"protein":0.94,"sodium":31.2}}