{"title":"Fire-Charred Green Beans with Cajun Dipping Sauce","tags":["Sauces","Beans","Green Beans","Super Bowl","Memorial Day","Cajun","Grilling","Tailgating","Camping","Healthy","Vegetarian","Mustard","Appetizer","Side Dish","Snack","Party Planning","Weeknight Dinner","Dip","Summer","Easy"],"image":null,"servings":4,"rating":5.1,"description":"Charred beans pair with a mustard-mayonnaise dipping sauce for a fireside appetizer that couldn’t be easier.\nWhat to buy: Any bean with an edible shell, such as romano or yellow wax beans, will substitute beautifully in this recipe.\nCajun seasoning can be found in most grocery stores, or you can make your own.\nSpecial equipment: A grilling basket makes grilling green beans a whole lot more manageable. Read more about grilling.\nGame plan: Make the dipping sauce the day before you go camping and bring it along. You might want to wash the green beans the day before too, though there’s no need to remove the stems.\nThis recipe can also be made indoors. Heat the broiler and place the beans on a large, rimmed baking sheet. Place under the broiler, occasionally turning the baking sheet, until the beans are blistered and charred, about 5 minutes. And, of course, you can just use regular salt and freshly ground black pepper in place of the chef’s mix listed in the ingredients.\nThis recipe was featured as part of our Tailgating Recipes photo gallery.\nSee more camping recipes.","totalTime":20,"ingredients":["#For the dipping sauce:","6 tablespoons mayonnaise","1 tablespoon Dijon mustard","1 teaspoon Cajun seasoning, purchased or homemade","1 teaspoon Chef’s Salt and Pepper Mix","#For the beans:","1 pound whole green beans","1 tablespoon vegetable oil","Chef’s Salt and Pepper Mix"],"directions":["#Before you leave home:","\nMake the dipping sauce by placing all sauce ingredients in a small mixing bowl and stirring until well combined. Transfer to a small, airtight plastic container.","#At the campsite:","\nBuild a hot campfire and place a grilling rack over it. Toss green beans with oil and season well with salt and pepper mix. Place beans in a large grilling basket with a handle and set the basket on the grilling rack.","\nCook until beans are charred and blistered on the bottom, then flip the basket to char the other side, about 3 to 5 minutes per side depending on your fire’s heat.","\nTransfer charred green beans to a platter and serve with Cajun dipping sauce."],"nutrition":{"calories":224,"fat":20.8,"saturatedFat":2.84,"transFat":0.03,"carbs":9.11,"fiber":3.55,"sugar":3.75,"protein":2.37,"cholesterol":8.54,"sodium":335.06}}