{"title":"Fresh Tomatillo Salsa","tags":["Salsa","Chile Peppers","Tomatillos","Super Bowl","Cinco de Mayo","Mexican","Tailgating","Healthy","Vegan","Vegetarian","Condiments","Cilantro","Garlic","Serrano Pepper","Party Planning","Dip","Nachos","Easy"],"image":null,"servings":4,"rating":4.6,"description":"This fresh tomatillo salsa recipe has a pleasant kick of heat. Try spooning it on Tequila Shrimp and Asadero Quesadillas, Carne Asada, or Chilaquiles—washed down with a big Tequila Sunrise.\nGame plan: If you prefer a more mild salsa recipe, seed and devein the chiles first.\nThis salsa recipe was featured as part of our Tamales for the Holidays project.","totalTime":20,"ingredients":["1 pound tomatillos, papery skins removed","3 serrano chiles, stems removed and coarsely chopped","2 medium garlic cloves, coarsely chopped","1/2 cup coarsely chopped fresh cilantro","1 teaspoon kosher salt"],"directions":["\nPlace tomatillos in a medium saucepan, cover with cold water, and bring to a simmer over medium heat. Cook until tomatillos just give way when pierced with a knife but aren’t falling apart, about 10 minutes. Drain well.","\nPlace tomatillos and remaining ingredients in a blender and blend until almost smooth (do not overblend or the salsa will be thin and watery). You may need to stop the blender and smash down the tomatillos with a rubber spatula to get the blades moving.","\nPlace the salsa in a container with a tightfitting lid and chill in the refrigerator for at least 1 hour before serving. The salsa will keep in the refrigerator for up to 3 days."],"nutrition":{"calories":41,"fat":1.21,"saturatedFat":0.16,"carbs":7.69,"fiber":2.52,"sugar":4.78,"protein":1.36,"sodium":289.29}}