{"title":"Hot Voodoo Love","tags":["Infusion","Cocktails","Drink","Easy"],"image":null,"servings":1,"description":"Portland, Oregon-based mixologist Magarian goes for shock value in cocktail monikers. “I love names with unexpectedness,” he explains. Hot Voodoo Love is on the cocktail menu at Table 8 in Florida’s South Beach. Magarian deconstructs the name: Hot is appropriate for a drink featuring horseradish-infused vodka. Voodoo is intended to evoke a magical feel. And Love? “I look for words that are stimulating, sexy, strike a chord,” he says.\nGame plan: Make your own horseradish-infused vodka by steeping 1 cup cleaned, chopped horseradish in one 750 ml bottle of vodka for one day. Any extra horseradish-infused vodka would make a killer Bloody Mary.","totalTime":5,"ingredients":["1 1/2 ounces horseradish-infused vodka","1/2 ounce sweet vermouth","3/4 ounce fresh lemon juice","1/2 ounce tangerine juice","1/2 ounce Rich Simple Syrup","Dash of angostura bitters"],"directions":["\nMix all ingredients together.","\nAdd ice and shake vigorously for six seconds.","\nStrain and garnish with a flaming orange peel."],"nutrition":{"calories":161,"fat":0.08,"saturatedFat":0.01,"carbs":13.65,"fiber":0.09,"sugar":12.43,"protein":0.16,"sodium":9.72}}