{"title":"Bosom Caresser","tags":["Eggs","Cocktails","Drink","Easy"],"image":null,"servings":1,"description":"Appropriate brandy cocktails exist for every subtle seasonal change of the year.\nWhen served before dinner, brandy cocktails pair well with savory dishes such as meat pies or mild salami. A platter of various cheeses would admirably suit these drinks after dinner.","totalTime":5,"ingredients":["2 ounces brandy","1 ounce Madeira","1 ounce Curaçao","1 teaspoon grenadine","1 egg yolk"],"directions":["\nShake all ingredients with ice; then strain into a chilled wine glass."],"nutrition":{"calories":237,"fat":3.57,"saturatedFat":1.29,"carbs":8.85,"sugar":5.4,"protein":2.19,"cholesterol":146.11,"sodium":11.39}}