{"title":"ASADO","tags":["Medium"],"image":null,"description":"Uruguayan ASADO. Meat cooked with firewood in a BBQ.","totalTime":90,"ingredients":["The \"Parrilla\" consists of chunks of meat (churrasco, grilled strip, etc..), liver, kidney, sausage, sweetbreads (glands of the cow), Chinchulines (pieces of bowel), black pudding (blood sausage clotted), etc.","Salt and adobo","firewood"],"directions":["\nYou must to prepare a good campfire with firewood. Place the grill next to the fire, but never above the flames. Once you have hot coals, be placed under the grill evenly.","\nPlace the meat on the grill with salt. Allow the coals to do their job. To do this, make sure that the embers of charcoal are kept hot and emits its heat in a uniform manner. When the meat starts to be cooked, twist it to finish the process in the other side.","\nAccompany with fresh salad."]}