{"title":"Raw Vegan Chocolate Fruit Balls ","tags":["Easy"],"image":null,"servings":12,"description":"My mom and I make these raw fruit balls all the time and they are absolutely delicious. We use raw almonds, cashews and macadamias as our nutty blend. But you could use any nuts that tickle your festive fancy. Just know that each nut mix will yield a treat of a different personality. Roll out these vegan treats. They make great snacks in school or work lunch boxes; great power snacks for a long work out; or a great little bite to put beside a cup of herbal tea. These will last in a sealed glass container in the fridge for weeks. But they never do!","totalTime":10,"ingredients":["1 cup nuts – raw almonds, cashews, macadamias","1/2 cup organic pitted chopped dates","1/2 cup dried chopped apricots","1/2 cup raisins","2 Tbsp unsweetened cocoa powder","1 Tbsp fresh orange juice","a couple of drops – 1/8 tsp of natural almond essence","1/2 tsp cinnamon","1/4 cup desiccated coconut"],"directions":["\nMix the coconut and cinnamon in a small bowl and set aside for rolling.","\nPut all other ingredients in a food processor, and slowly add in the orange juice if it doesn’t bind together completely.","\nRoll into small balls and coat with the coconut mixture.","\nStore in a sealed glass container in the fridge."]}