{"title":"Basil Parmesan Chicken with Farafelle","tags":["Easy"],"image":null,"servings":4,"description":"This is a wonderfully refreshing dish with a touch of spice, rounded off by the smooth, tender pan fried chicken pieces.","totalTime":30,"ingredients":["3-4 Chicken Breasts, thinly sliced to bite size pieces","Flour (for coating chicken)","1/2 cup Pesto, more to taste","Fresh cilantro leaves, stems removed","1/2 Cup Parmesan Reggiano, finely grated","One package Farafelle (bowtie) Pasta","Extra virgin olive oil","Crushed red pepper flakes (optional)","3-4 cloves garlic, finely chopped","Salt to taste","Lemon juice"],"directions":["\nPrep: Cut up the chicken Remove the stems from the cilantro, and set aside","\nStart heating up a large nonstick or well seasoned cast iron pan and medium to medium high heat: enough to brown the chicken quickly.","\nNote: Olive Oil has a notoriously low smoke point To make sure it doesn’t smoke and lose all it’s wonderful flavor and nutrients is a delicate task. You can always turn heat up, but it’s hard to get a pan to cool down once it’s smoking, so be cautious.","\nWhile the pan and water are heating up, mix together about 3 tsp salt with a few cups of flour, just enough it doesn’t run out as you’re coating the chicken. Begin adding the sliced chicken to the flour mixture.","\nBy now the pan will be getting hot, so add enough olive oil to coat the bottom well. Keep the bottle handy for later on, as each batch of the chicken will absorb some of the oil.","\nAdd the garlic to the pan, stirringly quickly to prevent burning. Begin to add the chicken immediately afterwards. Use a spatula to flip the chicken over to check browness on either side. When the first batch is sufficiently crispy, place on a plate with a paper or cloth towel over, to absorb the extra oil. Put the plate in an oven set to 190F to keep it warm.","\nFinish the rest of the chicken in aforementioned manner, getting rid of the garlic pieces as they begin to brown.","\nBy now the water should be close to boiling. Add a few pinches of salt, and add all the pasta. Cook until tender, but not crunchy, ‘al dente’ as it is said.","\nOnce the pasta is done boiling, drain and wash it well with hot water in a colander. Add the chicken, pasta, pesto, crushed red pepper flakes, parmesan, and salt to taste to a large bowl and mix until coated with the pesto and pepper. Garnish with the cilantro and lemon juice. Serve hot."]}