{"title":"Tzatziki Sauce","tags":["Greek","Yogurt","Condiments","Easy"],"image":"https://search.chow.com/thumbnail/1200/0/www.chowstatic.com/assets/recipe_photos/31049_tzatziki.jpg","servings":2,"rating":4.2,"description":"Tzatziki sauce is a Greek classic, a refreshing cucumber-yogurt sauce that’s both condiment and dip. In this recipe the yogurt isn’t strained, so the sauce is a bit more fluid than the standard version. Serve it as a dip with vegetable crudités and pita triangles, with poached seafood, or on grilled salmon burgers.\nWhat to buy: Greek yogurt has less whey than regular yogurt, so it’s thick and creamy. We like the Fage brand.\nThis recipe was part of our feature on Salmon Burgers and 5 Tasty Ways to Top Them.","totalTime":75,"ingredients":["1/2 medium English cucumber, peeled","7 ounces whole-milk Greek yogurt (scant 1 cup)","1 tablespoon finely chopped fresh cilantro","1 tablespoon finely chopped fresh mint leaves","1 teaspoon freshly squeezed lemon juice","1 medium garlic clove, finely chopped","1/4 teaspoon ground cumin","Kosher salt","Freshly ground black pepper"],"directions":["Grate the cucumber on the large holes of a box grater. Run a knife over the grated cucumber until it’s fine in texture, but not totally minced. Mound the cucumber in the center of a clean kitchen towel, then twist the towel to squeeze out as much moisture as you can.","Place the cucumber in a medium bowl. Add the yogurt, herbs, lemon juice, garlic, and cumin, season with salt and pepper, and mix well. Refrigerate for 1 hour or overnight to meld the flavors before serving."],"nutrition":{"calories":102,"fat":5.44,"saturatedFat":3.32,"carbs":6.86,"fiber":0.73,"sugar":4.38,"protein":7.96,"cholesterol":13.2,"sodium":49.88}}