{"title":"Traditional Farro Recipe from the back of the package","tags":["Easy"],"image":null,"description":"This is a great recipe, but it’s only on the back of the Bartolini package, and when I put the grains into Mason jars, I inevitably lose the recipe. So I’m adding it to this database in order to hold onto it!","ingredients":["8.8 oz of semi-pearled","3.5 oz of ground beef","2 tablespoons of extra virgin olive oil","2 celery sticks","1 small carrot","1 medium onion, finely chopped","splash of white wine (we recommend Lagaria Pinot Grigio)","tomato sauce","beef or vegetable stock","grated parmesan cheese"],"directions":["\nIn a saucepan brown ground beef in the olive oil then add the celery, carrot and onion. Cook until vegetables turn soft (about ten minutes). Pour wine and cook until it evaporates. Add the tomato sauce and let it cook for 15 minutes. In the meantime, cook the farro in boiling salted water for 10 minutes. Drain the farro, add it to the sauce and continue cooking for 20 minutes, stirring and adding some stock when necessary. When the dish is completely cooked, serve on a platter and sprinkle the cheese on top. Serve hot. Serves 4."]}