{"title":"Rocky Road Bars","tags":["Super Bowl","Easter","Christmas","4th of July","Baking","Dessert","Dinner Party","Tailgating","Picnic","Camping","Bake Sale","Potluck","Chocolate","Vegetarian","Dairy","Almonds","Nuts","Lunch","Snack","Kid Friendly","Party Planning","Easy"],"image":null,"servings":18,"rating":3.6,"description":"Chewy bars loaded with the classic Rocky Road trio of marshmallows, chocolate, and nuts.\nThis recipe was featured as part of our Picnic for the Fourth of July menu, as well as our photo galleries of Baked Sweets, Picnic Recipes, and Tailgating Recipes.","totalTime":50,"ingredients":["1 1/4 cups semisweet chocolate chips (about 7 1/2 ounces)","12 tablespoons unsalted butter (1 1/2 sticks)","1 1/2 cups granulated sugar","3 large eggs, at room temperature","1 1/2 teaspoons vanilla extract","1 teaspoon kosher salt","1 cup all-purpose flour","1 teaspoon baking powder","2 cups packed mini marshmallows","1 1/2 cups coarsely chopped roasted, salted almonds"],"directions":["\nHeat the oven to 350°F and arrange a rack in the middle. Coat a 13-by-9-inch baking dish with butter; set aside.","\nCombine 3/4 cup of the chocolate chips and all the butter in a small saucepan. Cook over low heat, stirring constantly, until melted, about 8 minutes. Remove from heat and let cool slightly.","\nWhisk sugar, eggs, vanilla, and salt in a large bowl until eggs are broken up and smooth. Add chocolate mixture and stir to combine. Add flour and baking powder and stir until just incorporated. Add 3/4 cup of the marshmallows and 3/4 cup of the almonds and stir to combine.","\nTransfer batter to the prepared dish and spread evenly. Bake until a toothpick inserted in the center comes out mostly clean, about 25 to 30 minutes. Remove from the oven.","\nMove the rack to the top of the oven. Sprinkle remaining chocolate chips, marshmallows, and nuts over the surface of the batter. Return to the oven and continue baking until marshmallows are puffed and golden brown, about 10 minutes more. Remove from the oven and cool completely on a wire rack before cutting."],"nutrition":{"calories":314,"fat":18.04,"saturatedFat":7.69,"transFat":0.32,"carbs":36.77,"fiber":2.38,"sugar":26.89,"protein":4.96,"cholesterol":51.35,"sodium":145.27}}