{"title":"Balsamic Vinegar Dressing","tags":["Balsamic Vinegar","Dressings","Italian","Salad","Healthy","Vegan","Vegetarian","Condiments"],"image":null,"servings":4,"description":"This classic vinaigrette is a simple way to dress greens, or it can be used as a straightforward marinade for chicken.","totalTime":5,"ingredients":["4 tablespoons olive oil","1 tablespoon balsamic vinegar","Sea salt and black pepper"],"directions":["\nPour the vinegar into a bowl, add the oil, mix well, and season."],"nutrition":{"calories":123,"fat":13.5,"saturatedFat":1.86,"carbs":0.71,"fiber":0.01,"sugar":0.6,"protein":0.03,"sodium":1.2}}