{"title":"Ruby on Rails Cocktail","tags":["Cocktails","Mother's Day","Dinner Party","Bachelorette Party","Bridal Shower","Gin","Lemon Juice","Strawberries","Drink","Spring","Summer","Easy"],"image":null,"servings":1,"rating":5.1,"description":"This light and fruity cocktail was created for the Chowhound launch party by master mixologist Jacques Bezuidenhout. The sweet combination of sliced strawberries, strawberry syrup, and rosé wine is balanced by the herbal complexity of gin and Pimm’s No. 1. For another rosé cocktail, try our Black Rose cocktail recipe, with blackberries and vodka.","totalTime":10,"ingredients":["Ice","2 or 3 medium strawberries, hulled and thinly sliced","1 1/2 ounces gin","1 3/4 ounces fruity rosé wine","3/4 ounce Strawberry Syrup","1/2 ounce freshly squeezed lemon juice","1/2 ounce Pimm’s No. 1"],"directions":["\nPlace the ice cubes and sliced strawberries in a highball glass.","\nCombine the remaining ingredients in a cocktail shaker filled halfway with ice and shake until chilled, about 20 seconds. Strain into the glass and serve."],"nutrition":{"calories":266,"fat":0.16,"saturatedFat":0.03,"carbs":25,"fiber":0.52,"sugar":20.29,"protein":0.27,"sodium":7.4}}