{"title":"BitterSweet Chops","tags":[],"image":null,"servings":4,"description":"My family loves BBQ, including our cat! And we love beer, so why not combine them? Not just chops & suds, but spruce up the chops for a refreshing change when you entertain. The bitterness of a beer combined with the sweetness of preserves makes a delicious sauce for chops and roasts alike.","totalTime":10,"ingredients":["4 1\" thick chops (best with veal or pork, but good with lamb as well)","1 bottle of Blue Moon Summer brew","1/3 cup apricot preserves (raspberry or orange marmalade also ok instead, if preferred)"],"directions":["\nIn a small saucepan, simmer preserves with a bit of water until fluid, mixing constantly.","\nSlowly add 1 bottle of room-temperature beer into saucepan just when preserves begin to form tiny bubbles.","\nContinue mixing for 3 minutes. Allow to cool on stove for a few minutes until it begins to thicken slightly.","\nWash chops and pat dry. Put half the sauce into a bowl with chops let marinate, covered, for at least 20 minutes in fridge, turning once.","\nSet chops onto hot BBQ rack (or indoors on broiler pan in stove) that had been spray-greased while still cool. Brush chops with remaining sauce to baste each side. Flip every 1-2 minutes to avoid burning sauce. Cook to desired internal preference."]}