{"title":"Warm Escarole and Mushroom Salad","tags":["Salad","Mushrooms","Christmas","Thanksgiving","Healthy","Vegan","Vegetarian","Garlic","Side Dish","Californian","Fall","Winter","Easy"],"image":null,"servings":6,"description":"This simple salad of escarole and sautéed mushrooms is slightly acidic, making it the ideal side to serve with rich braised dishes like our Spice-Rubbed Pot Roast, Thyme-Rubbed Bison Short Ribs, or Chicken Cordon Bleu.\nThis recipe was featured as part of our Cold-Weather Comfort Food Menu.","totalTime":15,"ingredients":["1 medium head escarole, cleaned, dried, and torn into bite-size pieces","1/4 cup olive oil","1 pound mushrooms (such as shiitake, button, or cremini), cleaned, stems removed, and quartered","2 medium garlic cloves, finely chopped","1 large shallot, thinly sliced","1 teaspoon fresh thyme leaves, minced","Salt","Freshly ground black pepper","5 tablespoons red wine vinegar"],"directions":["\nPlace the escarole in a large, nonreactive bowl and set aside. Heat the oil in a large frying pan over high heat. When the oil smokes, add the mushrooms, garlic, shallot, and thyme and season generously with salt and pepper. Cook, stirring occasionally, until the mushrooms are browned and tender, about 5 to 6 minutes.","\nRemove the pan from heat and transfer the mushrooms to the bowl with the escarole. Pour the vinegar into the pan. Stir, scraping up any browned bits from the bottom of the pan, then pour over the salad. Toss all the ingredients together, season with additional salt and pepper, and serve."],"nutrition":{"calories":112,"fat":9.3,"saturatedFat":1.29,"carbs":5.69,"fiber":1.59,"sugar":2.56,"protein":2.86,"sodium":280.63}}