{"title":"Gridiron Punch","tags":["Punch","San Francisco Bay Area","Super Bowl","Memorial Day","Labor Day","4th of July","Father's Day","March Madness","Dinner Party","Tailgating","Picnic","Camping","Potluck","Liqueur","Beer Cocktail","Vegetarian","Fruit","Cocktails","Drink","Make Ahead","Beer","Batch Cocktail","Summer","Easy"],"image":null,"servings":8,"rating":5.1,"description":"Sweet pineapple juice and herbaceous Yellow Chartreuse work well with the malty flavors of amber ale in this beer punch from Shaher Misif, bartender at San Francisco’s Cantina. With only three ingredients, it’s an easy drink to make for your next backyard barbecue or tailgate party.\nGame plan: If you’re bringing this punch to a tailgate or party, mix the pineapple juice and Chartreuse beforehand and keep chilled. Add the cold beer when ready to serve.\nThis drink was featured as part of our photo gallery of beer cocktails.","totalTime":5,"ingredients":["18 ounces (2 1/4 cups) naturally sweetened pineapple juice, chilled","6 ounces Yellow Chartreuse, chilled","6 (12-ounce) bottles amber ale, such as Fat Tire, chilled"],"directions":[],"nutrition":{"calories":209,"fat":0.14,"saturatedFat":0.03,"carbs":24.11,"fiber":0.13,"sugar":13.21,"protein":1.42,"sodium":13.18}}