{"title":"French Onion Soup","tags":["Medium"],"image":null,"servings":8,"description":"My favorite comfort food, though it takes a bit of work. This dish can easily become a main course due to its richness and the addition of the cheesy crouton. This version feeds 8 as an appetizer or 4 to 6 as a main course. The beef consomme adds come gelatin and smooth texture, but can easily be substituted with beef broth.","totalTime":120,"ingredients":["About 6 onions (half red, half yellow) halved lengthwise and sliced into half-rings","3/4 stick butter","1 1/2 tablespoon sugar","2-3 tablespoons flour","1/2 bottle decent-quality dry red wine (merlot or cabernet sauvignon)","3 10.5 oz cans beef consomme","1 qt beef broth","2 bay leaves","2-3 sprigs fresh thyme","salt and pepper, to taste","one baguette or other crusty french-type bread","a little less than one pound grated gruyere"],"directions":["\nMelt the butter in a large, heavy pot over moderately low heat. Add onions, sugar and a pinch of salt and allow to caramelize, stirring frequently. Be patient, be sure they do not burn.","\nWhen onions have lost much of their volume and begin to darken in color, about 45 minutes to an hour, add the flour. Cook about 45 seconds, stirring, to get the raw flour taste out","\nAdd the wine, increase heat to medium-high and reduce the wine to a thick syrup.","\nAdd the bay leaves, thyme, consomme and broth, and increase heat to high.","\nBring soup to a boil, then cover and reduce to a simmer.","\nSimmer for 30 to 45 minutes, add salt and pepper to taste.","\nSlice and toast bread.","\nLadle soup into bowls.","\nFloat croutons on top and cover with gruyere.","0\nPlace in broiler 2-3 minutes or until cheese is completely melted.","1\nServe immediately."]}