{"title":"Tunisian couscous","tags":["Medium"],"image":null,"servings":4,"description":"This is from my French-Tunisian sister-in-law, direct from her mother in Bir Ali bin Khalifa, Tunisia. Also influenced by kouskousei I’ve eaten in Tunis (Sidi bou Said)","totalTime":120,"ingredients":["1 cup chickpeas","half cup ras al hanout","small zucchini, courgette","two large turnips","3-4 large carrots","2 ripe tomatoes","one potato","4-5 cups dry small-medium grain couscous","fresh harissa paste","2 tbsp tomato paste"],"directions":["\nSoak dry chickpeas overnight (about a cup) buy medium-small grain couscous (I do not like large “Israeli” couscous- I do not consider it couscous at all) ras al hanout seasoning powder- you can’t really approximate this at home- pretty easy to find: http://en.wikipedia.org/wiki/Ras_el_h…"]}