{"title":"Orange Blossom Lemonade","tags":["Easy"],"image":null,"servings":null,"description":"Hello! While staying out in Melbourne Beach, I came across some Orange Blossom water and decided to mix it with lemonade.. amazing!","totalTime":5,"ingredients":["1/4 to 1/2 cup Orange blossom Water.","1 cup sugar","1 cup hot water","1 cup lemon juice","3 to 4 cups of cold water"],"directions":["\nUse the first four ingredients to make the simple syrup/lemonade concentrate.","\nAdd cold water and ice in your pitcher. Stir.","\nEnjoy!"]}