{"title":"double chocolate candy cane cookie sandwiches","tags":["Medium"],"image":null,"servings":12,"description":"I made these for a Christmas party last year and they were a huge hit, despite being extremely rich and over-the-top. The cookies are super moist and dark with hunks of bittersweet chocolate and the peppermint buttercream with bits of crushed candy cane in it makes for an awesome cookie sandwich treat.","totalTime":80,"ingredients":["#For the cookies","1 1/4 cups all-purpose flour","3/4 tsp baking soda","3/4 cup unsweetened cocoa powder (I use Ghiradelli)","1 tsp kosher salt","8 ounces (2 sticks) unsalted butter, at room temperature","1 cup sugar","2/3 cup packed dark brown sugar","2 extra-large eggs","12 ounces good bittersweet chocolate (I use 60%), chopped into small bits","#For the filling","8 ounces (2 sticks) unsalted butter, at room temperature","2 1/2 cups powdered sugar, sifted","2 TBL whipping cream","1/2 teaspoon peppermint extract","3 candy canes, crushed"],"directions":["\nTo make the cookies:","\nPreheat oven to 375° F with rack in center of oven. Line up to 5 baking sheets with parchment paper (depending on how many you have).","\nIn a large mixing bowl, whisk together the flour, cocoa, salt and baking soda. Set aside.","\nIn the bowl of an electric mixer fitted with a paddle attachment, beat the butter on medium speed for about 1 minute, until smooth. Add the brown and white sugars and beat for another 2 minutes or so, until well blended. Add the eggs, one at a time, and beat for 1 minute after each egg goes in. Reduce the mixer speed to low and add the dry ingredients in 3 portions, mixing only until each addition is incorporated.","\nRemove the bowl from the mixer and fold in the chocolate hunks by hand.","\nDrop the dough in tablespoon-sized balls onto baking sheets, spaced about 2 inches apart (they will spread quite a bit). Bake for about 10 minutes until the cookies are set, but still slightly soft. Let cool on the sheet for a couple minutes before removing with a turner and letting cool completely on wire racks.","\nTo make the filling:","\nRinse out the bowl of your electric mixer and add the butter to the bowl. Cream for about 1 minute and then add the powdered sugar and cream. Mix for another minute or so until well combined.","\nRemove the bowl from the mixer and fold in the crushed candy canes.","\nTo assemble:","\nSpread about a tablespoon of the frosting on the bottom of one cookie and top with another cookie. Enjoy with hot chocolate and a roaring fire."]}