{"title":"Bellyslide Belgian Ice Cream Cakelette","tags":[],"image":null,"servings":4,"description":"A supermoist layer of Orange Cake layered with Honey-Clove Ice Cream atop Blue Moon-Honey syrup. Beer plus dessert = crazy delicious","totalTime":120,"ingredients":["1/2c butter, softened","3/4c sugar","zest of 2 large oranges","2 eggs, separated","1/2c fresh orange juice","1c all purpose flour","1 1/2 tsp baking powder","1/2 tsp salt","1/2 gallon vanilla ice cream","1/4 tsp ground cloves","1 tsp cinnamon","3 tbsp honey","1 tsp orange extract","1c fresh orange juice","1 c sugar","1/8 tsp ground cloves","1/4 tsp cinnamon","2 tbsp honey","1 bottle Blue Moon Original or Summer Honey Wheat, close to room temperature (gasp!)"],"directions":["\nHeat oven to 350 degrees farenheit","\nIn mixing bowl, cream softened butter and sugar together","\nBeat in zest of oranges","\nBeat in egg yolks one at a time until incorporated","\nSift together flour and baking powder and salt. Whisk together orange juice and 1/4 cup Blue Moon. Alternate beating in orange juice mixture and flour, starting and ending with orange juice.","\nIn separate bowl, beat egg whites until stiff peaks form. Fold in 1/3 of beaten egg whites into batter until incorporated. Then fold in remaining egg whites.","\nPour batter into greased and floured 8×8 square pan. Bake at 350 degrees for approximately 35 minutes or until cake bounces back when pressed.","\nAllow vanilla ice cream to soften or heat in microwave for 15 seconds. In mixing bowl, place vanilla ice cream, 1/4 tsp cloves, 1tsp cinnamon, 3 tbsp honey, 1tsp orange extract.","\nMix on low until ingredients incorporated.","0\nPlace ice cream pan in freezer until firm, approximately 60 minutes.","1\nIn small saucepan starting over medium-low heat, heat 3/4c orange juice, 1/2c Blue Moon, 1c sugar, 2tbsp honey, 1/8 tsp cloves, 1/4 tsp cinnamon, whisking constantly and slowly adding heat to medium until mixture comes to low boil; continuing simmering, whisking frequently. Watch mixture carefully, it may boil over and catch fire (believe me, I’ve seen it happen). Continuing simmering until boiled down by half, about 30-40 minutes. Set aside to cool and thicken.","2\nSpoon some syrup mixture onto plate.","3\nSpoon a small amount of syrup in center of plated cake","4\nRemove ice cream from freezer. Use 3\" diameter biscuit cutter (or any round cutter available), dipped in warm water, to cut out circular ice cream disc. Place atop cake layer","5\nGarnish with candied orange peel or curl of orange peel. Serve quickly, and enjoy!"]}