{"title":"Navy Grog","tags":["San Francisco Bay Area","Craft Cocktails","Rum","Tiki","Grapefruit Juice","Lime Juice","Drink","Sugar"],"image":"https://search.chow.com/thumbnail/1200/0/www.chowstatic.com/assets/models/promotions/photos/29080/original/cocktail_thumbnail.jpg","servings":1,"description":"Martin Cate of Smuggler’s Cove in San Francisco shares his rendition of the classic tiki cocktail, the Navy Grog. This drink can be made multiple ways, but at it’s base is always three types of rum and lime and grapefruit juice. Check out our video to see Cate make the drink while sharing a story of political intrigue.","ingredients":["3/4 ounce fresh lime juice","3/4 ounce fresh grapefruit juice","1/4 ounce Demerara simple syrup (2:1 ratio)","1/4 ounce allspice dram","1 ounce aged Trinidad rum","1 ounce aged Jamaican rum","1 ounce Demarara rum"],"directions":["Blend all ingredients for 2-3 seconds with crushed ice.","Serve in a double old fashioned glass; garnish with mint sprig."],"nutrition":{"calories":247,"fat":0.65,"saturatedFat":0.19,"carbs":14.04,"fiber":1.64,"sugar":7.48,"protein":0.63,"sodium":11.06}}