{"title":"Chocolate Ding-a-Lings","tags":["Halloween","Dessert","Birthday","Espresso","Chocolate","Vegetarian","Cakes","Snack","DIY","Hard"],"image":null,"servings":24,"description":"Unlike the original Ding Dongs, this chocolate cake is rich, not too sweet, and only partially covered in chocolate. If you choose to coat the entire Ding-a-Ling, double the recipe for the ganache.\nThis recipe was featured in our Snackie Cakes story.","totalTime":120,"ingredients":["#For the chocolate cake:","4 ounces unsweetened chocolate, coarsely chopped","12 tablespoons unsalted butter (1 1/2 sticks), softened to room temperature","3 cups all-purpose flour","1 1/2 cups granulated sugar","1 tablespoon unsweetened cocoa powder","1 1/2 teaspoons instant espresso powder","1 teaspoon baking powder","1 teaspoon kosher salt","1/2 teaspoon baking soda","1 teaspoon vanilla extract","1 1/2 cups buttermilk","3 large eggs","#For the filling:","1 recipe Vanilla Cream","#For the chocolate ganache:","3/4 cup heavy cream","6 ounces semisweet chocolate, coarsely chopped","1 tablespoon butter"],"directions":["#For the chocolate cake:","\nHeat the oven to 350°F. Butter and flour two 12-well muffin pans.","\nMelt chocolate in a double boiler or a small saucepan over low heat. Set aside to cool.","\nIn a large mixing bowl, combine all the other cake ingredients except for the eggs. Beat the mixture until it is light and fluffy.","\nIn a medium mixing bowl, combine the cooled chocolate and the eggs. Beat together until it looks like pudding, about 2 minutes. Add this to the other ingredients and beat the mixture until it looks like whipped frosting, about 2 minutes.","\nFill each well of the prepared muffin pans with 1/4 cup of the mixture (they should be filled about halfway). Bake until the cake springs back when touched and a toothpick inserted into the center comes out clean, about 20 minutes.","\nCool completely on a wire rack. When cooled, run a knife along the perimeter of the cakes, invert the muffin pans, and remove the cakes.","#To assemble:","\nFill a pastry bag fitted with a medium-sized tip (or use a resealable plastic bag and cut one corner off) with Vanilla Cream. With a straw or the end of a spoon, make two or three holes in the underside of each cake. Insert the tip of the pastry bag into the opening and squeeze Vanilla Cream into the cake. When the cream floods out of the opening, it’s full. Turn the cake right side up, and place on a cooling rack fitted over a baking tray.","#For the ganache:","\nIn a small saucepan, heat the cream to a simmer. Put the chocolate into a bowl, and pour the hot cream over it. Let stand for 5 minutes. Add the butter, and stir until smooth and liquidy.","\nSpoon ganache on top of each cake, allowing it to pool in the center, and spread it outward with the back of a spoon. The ganache will run over the sides and dry to a smooth finish."],"nutrition":{"calories":267,"fat":14.5,"saturatedFat":8.77,"transFat":0.25,"carbs":31.51,"fiber":1.71,"sugar":17.44,"protein":4.14,"cholesterol":50.68,"sodium":164.99}}