{"title":"Fried Chicken Biscuit Sandwiches","tags":["Fried Chicken","Chicken","Frying","Bread","Biscuits","Medium"],"image":"https://search.chow.com/thumbnail/1200/0/www.chowstatic.com/assets/2014/11/31174_RecipeImage_fried_chicken_biscuits_3000.jpg","servings":6,"rating":4.2,"description":"Fried chicken sandwiches go from great to amazing when you make them on freshly baked buttermilk biscuits. This is a two-step recipe: You start out making the biscuits, then move on to coating and frying the chicken—perfect for a laid-back Sunday. Serve with tangy carrot slaw and tall glasses of iced tea.\nSpecial equipment: A candy/fat thermometer takes the guesswork out of frying.","totalTime":65,"ingredients":["#For the biscuits:","2 cups all-purpose flour, plus more for dusting","2 teaspoons baking powder","1/2 teaspoon baking soda","1 teaspoon kosher salt","1/2 cup cold unsalted butter (1 stick), cut into 12 pieces","1 cup cold buttermilk","#For the fried chicken:","6 boneless, skinless chicken thighs","Kosher salt","1 cup all-purpose flour","2 teaspoons sweet paprika","1/4 teaspoon cayenne (optional)","1/4 teaspoon dried thyme","1 cup buttermilk","1 quart (4 cups) high-heat vegetable oil, such as peanut or safflower","#To serve:","Sliced dill pickles","Hot sauce","Honey (optional)"],"directions":["#For the biscuits:","Heat the oven to 425°F and arrange a rack in the middle. Line a large rimmed baking sheet with parchment paper.","In a food processor, add the flour, baking powder, baking soda, and salt. Pulse to combine. Scatter the butter pieces over the top of the flour mixture and pulse until the butter is pea-sized. Add the buttermilk and pulse just until a moist, shaggy dough comes together.","Alternatively, in a mixing bowl, whisk together the flour, baking powder, baking soda, and salt. Scatter the butter pieces over the top of the flour mixture and toss to coat them in the flour mixture. Using a pastry blender or 2 knives, and working quickly, cut the butter into the dry ingredients until pea-sized. Drizzle in the buttermilk and stir just until a moist, shaggy dough comes together.","Dust a work surface with flour. Scrape the dough onto the surface and dust the top with more flour. With floured hands, pat the dough into a circle 1 inch thick. Using a 3-1/2-inch round (or fluted) cutter dipped in flour, cut out as many biscuits as possible (press straight down through the dough—don’t twist the cutter, or the biscuits will not rise properly). ","Transfer the biscuits to the prepared baking sheet, spacing them at least 1 inch apart. Gather the scraps into a ball, pat it into a 1-inch-thick circle, and cut out more biscuits. Repeat as needed until you have 6 biscuits total. Bake until the biscuits are golden brown, about 15 minutes. Set aside to cool on a wire rack. ","#For the fried chicken:","Arrange the chicken in a shallow baking dish and sprinkle it all over with salt; set aside at room temperature.","In a shallow bowl, stir together the flour, paprika, cayenne (if using), and thyme. Pour the buttermilk over the chicken and toss to coat.","Add the oil to a large, straight-sided cast-iron skillet or frying pan—it should be 1 1/2 to 2 inches deep, reaching slightly less than halfway up the sides of the pan. Warm the oil over medium heat until it reaches 340°F on a candy/fat thermometer.","When the oil is ready, lift a piece of chicken from the buttermilk, letting the excess drip off, then dip the chicken into the flour mixture, coating completely. Shake off the excess. Fry until cooked through and golden brown, turning the pieces halfway through, about 6 to 8 minutes—the interior should register 155°F on an instant-read thermometer when you remove the chicken from the oil; the temp will rise to 165°F as it rests. Drain the chicken on paper towels.","#To serve:","Split the biscuits and place a piece of fried chicken on the bottom half of each. Add pickles, hot sauce, and the optional honey, cover with the biscuit top, and serve."]}