{"title":"Vegan Roasted Tomato Basil Soup","tags":["Soup","Basil","Tomatoes","Dairy Free","Vegan","Vegetarian","Lunch","Make Ahead","Summer","Winter","Comfort Food","Main Dish"],"image":null,"servings":4,"rating":4.6,"description":"Here it is—the recipe that transformed my son into a tomato lover! Tomato soup is all warmth and comfort on a cold winter day, and this one is as vibrant, creamy, and flavorful as it gets. I make and freeze large batches of this soup in the summertime when our tomato plants are overflowing with fruit. But you can make it anytime: roasting punches up the flavor of even grocery store tomatoes.","ingredients":["6–6 1/2 pounds plum tomatoes, cut in half lengthwise (about 35)","1/4 cup plus 1 tablespoon extra virgin olive oil","1 tablespoon kosher salt","1/2 a medium onion, chopped","1 large garlic clove, minced","1 teaspoon red pepper flakes","2 cups fresh whole basil leaves (one 2-ounce bag)","1/2 teaspoon dried thyme"],"directions":["\nPreheat the oven to 400°F.","\nArrange the cut tomatoes on a large (10 × 16-inch) baking sheet. Drizzle the tomatoes with 1/4 cup olive oil and sprinkle with salt. Toss with your hands until the tomatoes are evenly coated with oil, then arrange them cut side up; they should fill the pan completely. Place in oven and roast the tomatoes for 50 minutes. Remove pan from the oven and set aside.","\nWarm the rest of the olive oil in a large saucepan over medium heat. Add the onion and sauté until soft and slightly golden, about 10 minutes. Add garlic and pepper flakes and sauté for one more minute. Carefully pour in all the tomatoes and their juices. Add the basil, thyme, and 1 cup water (you may need to add an extra cup if the tomatoes are on the dry side). Simmer for 15 minutes. Remove from heat and allow to cool slightly.","\nBlend the soup in batches in the blender, pouring finished soup into a clean saucepan or soup tureen (you may wish to strain the soup as you do this to remove any remaining skin or seeds, depending on the strength of your blender).","\nServe piping hot, with crackers or chunks of store-bought artisan-style bread."],"nutrition":{"calories":288,"fat":18.47,"saturatedFat":2.56,"carbs":29.82,"fiber":9.12,"sugar":19.32,"protein":6.89,"sodium":1468.55}}