{"title":"Classic Cosmopolitan","tags":["Vodka","Cocktails","New Year's Eve","Christmas","Dinner Party","Bachelorette Party","Liqueur","Limes","Holidays","Ice","Easy","Triple Sec"],"image":"https://search.chow.com/thumbnail/1200/0/www.chowstatic.com/assets/2014/12/29155_classic_cosmopolitan_3000.jpg","servings":1,"rating":4.2,"description":"During the late 1990s, it was impossible to enter a bar and not hear a few ladies (and occasionally some dudes) declare, “I’ll have a Cosmo!” Nowadays, the drink carries a shroud of shame—it’s pink and passé after all—but it’s still a tasty cocktail that packs a punch.\nFor more cranberry juice cocktails, see our Sex on the Beach recipe and our Moscow Mule recipe.","totalTime":5,"ingredients":["1 1/2 ounces vodka","3/4 ounce Cointreau or triple sec","1/2 ounce cranberry juice","Splash freshly squeezed lime juice","Ice","Lime slice, for garnishing"],"directions":["Place a cocktail glass in the freezer to chill.","Combine the vodka, Cointreau or triple sec, cranberry juice, and lime juice in a cocktail shaker and fill it halfway with ice. Shake vigorously until the outside of the shaker is frosted. Strain into the chilled glass and garnish with the lime slice."],"nutrition":{"calories":175,"fat":0.1,"saturatedFat":0.03,"carbs":10.34,"fiber":0.24,"sugar":8.82,"protein":0.11,"sodium":2.75}}