{"title":"Puerco pibil asado (slow-roasted pork)","tags":["Easy"],"image":null,"servings":12,"description":"I needed an inexpensive dish for a potluck to feed about 15 people, but I was tired of my usuals: Chili, carne guisada, pasta Bolognese, meatloaf, etc. While grocery shopping I saw bone-in pork ribs on sale for $1/lb! Ta-daaah! I knew what I was going to make!\nMy dish is influenced by Robert Rodriguez’ “Puerco pibil” recipe as seen on YouTube, but I’ve made significant changes to it and come out with a version I believe more flavorful and with less of a hot pepper burn.\nThis dish is inexpensive, easy to make, delicious, and only requires lots of oven time.\nFeel free to add more peppers to increase the heat. I recommend you roast any added peppers to continue the earthy taste already present and provide contrast to the citrus flavor.","totalTime":360,"ingredients":["Dry Rub (recipe follows)","7-8 lbs pork ribs or pork shoulder, bone-in","2 Anaheim peppers, cored and seeded, white membrane removed, rough chopped","3 large favorite onions, peeled and cut into sixths","1 head of garlic, cut in half width-wise and wrapped in a cheesecloth bag to prevent garlic skins from escaping","8-10 oz jar jalapeno jelly","1 c. orange juice","4 T vegetable oil","#DRY RUB RECIPE","2 TBL kosher salt","1 TBL smoked salt","3 TBL brown sugar","3 TBL onion powder","2 TBL garlic powder","2 TBL Worcestershire powder (if unavailable, substitute 4 T Worcestershire sauce poured into the orange juice)","2 tsp black pepper","1 tsp dried sweet or regular basil","1 tsp ground cloves","1 tsp chili powder","1 tsp chipotle chili powder (if unavailable, substitute another tsp of regular chili powder)","1 tsp smoked paprika","1 tsp paprika"],"directions":["\nPreheat oven to 225 deg F","\nAdd all dry rub ingredients into a medium bowl and mix together with a fork, smashing any lumps. Pour into large, clean shaker or sealable jar.","\nTrim the meat, removing any silverskin and most of the fat. Reserve two or three large pieces of fat. Cut the meat into 3\" pieces. (Freezing the meat for 30 mins before trimming will make the meat easier to cut.) Do not discard bones!","\nPlace meat, onions, garlic bag, peppers in roasting pan. Add oil and toss to coat all ingredients evenly. Sprinkle meat mixture heavily with dry rub, then massage meat to coat all with the rub.","\nAdd jalapeno jelly to meat mixture and toss meat mixture to coat evenly.","\nAdd orange juice to meat mixture","\nCover pan with lid, or with a tight-fitting foil lid and place in oven. Allow to roast for at least 4-6 hrs or until meat is fall-apart tender.","\nRemove meat from oven.","\nPlace meat in colander over a large bowl to drain, reserving drained liquid. Discard vegetable solids (they are now flavorless.)","\nTo serve immediately, pile meat over white rice or polenta and spoon reserved liquid over meat. Serve with favorite tortillas, salsa.","\nFor best results, allow meat and liquid to cool then refrigerate both overnight or for at least 6 hrs.","\nSkim solidified fat from liquids.","\nTo serve, combine meat and liquid and reheat under gentle heat.","\nServe as above."]}