{"title":"The Ultimate Cheesesteak","tags":["Easy"],"image":null,"servings":2,"totalTime":15,"ingredients":["1 large shallot","1 cup heavy cream","3 tbl spoons hot sesame oil","3 tbl spoons soy sauce","2 tbl spoons cognac","1 lb stir fy angus beef","1 loaf crusty bread","1 handful mild bleu cheese","salt and pepper to taste"],"directions":["\nsaute shallot with sesame oil for 1 fmin. add soy and cognac and beef. flambe until flame dies down.add cream. salt and pepper to taste. reduce and add all to crusty bread to 375 degree oven w/ bleu cheese for 10 min. best ever!"]}