{"title":"Chicken Breast Reuben Hero","tags":["Easy"],"image":null,"servings":4,"description":"This recipe is one that is in my coming up cook book. If you like Reuben sandwiches , I think you will love this.","totalTime":15,"ingredients":["1 cup pesto, 2 chicken breast (split ) 1 pkg. corned beef, 4 slices swiss cheese","4 french rolls (6 inch ) partially split, 1 can ( 12 oz) sauerkraut ( rinsed and diveded","by four"],"directions":["\nHeat oven to 350. Place split chicken breast on a non stick baking pan cook for 20 to 25 minutes or until chicken is done ( 165 ).","\nToast roll, spread pesto onto bottom half of each roll. Place corned beef, swiss cheese, and sauerkraut.","\nPut top on each roll and (enjoy ). Serve with a side salad or fries."]}