{"title":"Pickled Jalapeños","tags":["Mexican","Pickling","Dinner Party","Chile Peppers","Garlic","Jalapeño Pepper","Brunch","Appetizer","Side Dish","Snack","Preserving","Make Ahead","Nachos","Easy"],"image":null,"servings":4,"rating":4.6,"description":"These pickled jalapeños can be served at any time of day: eggs and toast for breakfast, roasted chicken at dinner time, or Texas Caviar at game time. They also give an added kick to CHOW’s Extra-Spicy Bloody Mary.\nWhat to buy: Crab boil spice mix can be found next to the seafood counter at your local grocery store, or you can make your own. The dry and liquid versions can be used interchangeably.\nNote: Although the jalapeños are best after 2 weeks, you can eat them before then; the 2-week time period just allows the flavors to develop. The jalapeños can be stored in plastic containers in the refrigerator or canned in sterile quart-size jars; once a jar is opened, the jalapeños will keep in the refrigerator for up to 1 month.\nThis recipe was featured as part of our Chile Pepper Recipes photo gallery.","totalTime":75,"ingredients":["1 pound jalapeños","2 carrots, peeled and sliced on the bias into 1/2-inch pieces","2 teaspoons crab boil spice mix, such as Zatarain’s","4 cups cider vinegar","1 tablespoon whole black peppercorns","6 medium bay leaves","2 tablespoons kosher salt","12 medium garlic cloves, peeled"],"directions":["\nCombine all ingredients in a nonreactive 2-quart saucepan over medium heat.","\nBring to a simmer and cook until jalapeños are very soft, about 25 minutes.","\nRemove from heat and allow to steep for 30 minutes; remove bay leaves.","\nCan jalapeños in sterile quart-size jars or place in plastic containers in the refrigerator. Try to resist eating them and store for 2 weeks before using so the flavors develop well."],"nutrition":{"calories":118,"fat":0.73,"saturatedFat":0.19,"carbs":17.76,"fiber":4.98,"sugar":7.19,"protein":2.21,"sodium":919.2}}