{"title":"Blueberry Cake","tags":["Blueberries","Baking","Dessert","Dinner Party","Vegetarian","Fruit","Cakes","Make Ahead"],"image":null,"servings":6,"description":"In the past 25 years, large, firm, deep-blue blueberries have transformed from a local specialty to a mass cultivated fruit that has captured the hearts and palates of food lovers all over America. They are excellent cooked in cakes and pies, as well as stewed. Blueberries are fresh in summer, but also available frozen all winter, and these retain the delicious qualities of the fresh variety. For oven-baked recipes you can toss still-frozen berries into the batter, but in crock-baked cakes, the berries must be thawed first.","ingredients":["3 tablespoons unsalted butter, softened","1/2 cup sugar","2 large eggs","1/2 teaspoon pure vanilla extract","1/2 cup full-fat sour cream","1 cup plus 2 tablespoons all-purpose flour","1/2 teaspoon baking soda","1/4 teaspoon salt","1 1/2 cups fresh or frozen blueberries, picked over for stems if fresh, thawed and drained on paper towels if frozen"],"directions":["\nLine the bottom of the crock with a round of parchment paper. Coat the paper and one-third of the way up the side of the crock with butter-flavored nonstick cooking spray.","\nWith an electric mixer, cream the butter and sugar together in a medium-size bowl until fluffy. Add the eggs, one at a time, the vanilla extract, and the sour cream; beat well on medium-low speed for 30 seconds. Add 1 cup of the flour, the baking soda, and the salt and beat on medium-high speed until thick and fluffy, about 30 seconds. Do not overbeat. Sprinkle the blueberries with the remaining 2 tablespoons flour and gently fold them into the mix. Spread the batter evenly in the crock.","\nCover and cook on HIGH until puffed and a cake tester inserted into the center comes out clean, 2 1/4 to 2 1/2 hours.","\nUncover and let stand for 30 minutes before cutting small wedges to serve warm or at room temperature straight out of the crock. To remove, run a knife around the edge inside the crock and lift out the cake in one piece with a large rubber spatula."],"nutrition":{"calories":284,"fat":11.48,"saturatedFat":6.42,"transFat":0.24,"carbs":40.63,"fiber":1.52,"sugar":21.04,"protein":5.25,"cholesterol":87.23,"sodium":236.27}}