{"title":"Vegan Chocolate Sorbet","tags":["Easy"],"image":null,"servings":1,"description":"This gluten free, dairy free and vegan Chocolate Sorbet recipe is super easy to make and super yummy to boot!\nPlease note: recipe time depends on your ice cream makers instructions.","totalTime":90,"ingredients":["2 cups water","1/4 cup agave nectar","1 cup dark chocolate chips 73% cacao"],"directions":["\nIn a medium saucepan, heat water and agave, stirring until agave is dissolved","\nRemove from heat, mix in chocolate chips, stir until chocolate chips are completely melted","\nBlend mixture in a Vita-Mix (or other high speed blender)","\nCool mixture in freezer for 1 hour","\nAdd to your ice cream maker, following directions per your machine","\nServe"]}