{"title":"Roasted Yam Purée with Coconut Milk","tags":["Healthy","Vegan","Vegetarian","Side Dish"],"image":null,"description":"This dish is creamy orange bliss. Often confused with sweet potatoes, yams contain more natural sugar and have a higher moisture content. When buying yams, select smaller ones (they’re sweeter) and ones that are unwrinkled with few blemishes. If you can’t find yams, you can substitute sweet potatoes.","totalTime":55,"ingredients":["4 pounds yams, peeled and cut into 1-inch chunks","4 tablespoons pure maple syrup","6 tablespoons extra-virgin olive oil","Coarse sea salt","1/2 cup coconut milk, fresh or canned, warmed, plus more if needed"],"directions":["\nPreheat oven to 375°F. Lightly oil a baking dish or roasting pan.","\nIn a large bowl, combine the yams, maple syrup, olive oil, and 1/2 teaspoon sea salt. Toss well.","\nTransfer yams to the prepared pan and roast for 40 minutes, stirring every 10 minutes, until slightly crisp on the edges.","\nRemove from the oven. In a food processor, combine the yams with the warmed coconut milk. Purée, adding more coconut milk for your desired consistency, and transfer to a serving dish."],"nutrition":{"calories":274,"fat":9.02,"saturatedFat":2.77,"carbs":46.89,"fiber":6.2,"sugar":4.79,"protein":2.51,"sodium":15.77},"servings":12}