{"title":"White Bean and Edamame Hummus","tags":["Edamame","Beans","Super Bowl","New Year's Eve","Christmas","Thanksgiving","Asian","Dinner Party","Tailgating","Road Trip","Dairy Free","Gluten Free","Healthy","Vegan","Vegetarian","Condiments","Olive Oil","Lemons","Hummus","Garlic","Lunch","Appetizer","Snack","Kid Friendly","Make Ahead","Party Planning","DIY","Dip","Summer","Cocktail Party","Easy"],"image":null,"servings":4,"rating":4.6,"description":"Though traditional hummus is a snacking favorite, it can get a little boring. Try this Asian-inspired recipe that swaps in cannellini beans and edamame for the garbanzo beans. Instead of tahini, a touch of sesame oil adds a nutty, toasty flavor to round out this healthy, green-hued dip. Spread it on your next sandwich or use it as a dip for crispy lavash or taro chips.\nWhat to buy: Shelled edamame are sold two ways—cooked or uncooked. If you buy the cooked, frozen ones, all you have to do is thaw them for this recipe. If you buy the uncooked ones, follow the cooking directions on the package.\n_This recipe was featured as part of our Make Your Own Veggie Chips project.","totalTime":20,"ingredients":["1 (15-ounce) can cannellini beans, drained and rinsed","1 1/2 cups shelled, cooked edamame, thawed if frozen","2 medium garlic gloves, coarsely chopped","1/4 cup water, plus more as needed","3 tablespoons freshly squeezed lemon juice (from about 2 medium lemons), plus more as needed","2 tablespoons olive oil","1 teaspoon kosher salt, plus more as needed","1/4 teaspoon toasted sesame oil","Freshly ground black pepper","2 tablespoons coarsely chopped fresh cilantro","Taro Chips, for serving (optional)"],"directions":["\nPlace the cannellini beans, edamame, garlic, water, lemon juice, olive oil, salt, and sesame seed oil in a food processor fitted with a blade attachment. Season with pepper and process until smooth, scraping down the sides of the bowl as needed. If the dip is too thick, pulse in more water, a tablespoon at a time, until the desired consistency is reached.","\nTransfer to a medium bowl, add the cilantro, and stir to combine. Taste and season with more salt or lemon juice as needed. Serve with Taro Chips, if using."],"nutrition":{"calories":254,"fat":9.54,"saturatedFat":1.08,"carbs":31.46,"fiber":7.7,"sugar":1.81,"protein":13.15,"sodium":458.11}}