{"title":"Chocolate Pudding","tags":["French","Dessert","Dinner Party","Chocolate","Pudding","Vegetarian","Dairy","Comfort Food"],"image":null,"servings":6,"description":"Just what pudding should be: creamy, cool, and chocolaty.","ingredients":["3 cups milk","1 cup heavy cream","4 large egg yolks","3/4 cup granulated sugar","1/4 cup cornstarch","2 tablespoons unsweetened cocoa","Fine sea salt","6 ounces bittersweet chocolate, chopped fine, or 6 ounces (1 cup) of the best chocolate chips","2 tablespoons unsalted butter, softened","1 teaspoon vanilla extract"],"directions":["\nPour the milk and cream into a saucepan and bring to a simmer over medium heat.","\nWhile the milk heats, whisk the yolks in a large bowl until they’re light. Add the sugar, cornstarch, cocoa, and a pinch of salt, and whisk. This will be pretty stiff.","\nOnce the milk is simmering, pour about a cup of it into the yolks, whisking constantly. Pour in the rest of the milk, whisk, then pour it all back into the saucepan. Return to the heat and whisk constantly until the mixture thickens and comes just to a boil—one or two big bubbles. Turn off the heat and add the chocolate. Whisk to melt the chocolate, then get out a rubber scraper and get into the corners of the pan, making sure you don’t have any light streaks left. Whisk in the butter and vanilla until the butter melts.","\nPour the pudding into a large bowl, or into six small ones—custard cups, footed dessert bowls, that kind of thing. Chill for at least an hour before serving. If you have some aversion to skin, press plastic wrap in the surface of the pudding before chilling.","#Beverage pairing: Banfi Rosa Regale, Italy. Brachetto is the grape, and the wine is a sweet, gently sparkling dark rosé with irresistible notes of strawberry, raspberry, and roses. It’s a good match with any form of chocolate, but particularly a pudding like this one, as the modest carbonation makes an appealing contrast with the creaminess of the dessert."],"nutrition":{"calories":547,"fat":32.36,"saturatedFat":19.17,"transFat":0.21,"carbs":57.76,"fiber":1.48,"sugar":50.13,"protein":8.22,"cholesterol":203.94,"sodium":555.6}}