{"title":"Angel's Share","tags":["Kentucky Derby","No-Cook","Dinner Party","Bourbon","Cocktails","Appetizer","Drink","Easy"],"image":null,"servings":1,"description":"Distillers endearingly refer to the liquor lost to evaporation during the aging process as the “angel’s share.” We first heard this term used by a small-batch bourbon maker a few years ago, thus it seemed a fitting name for this bourbon cocktail.\nWhat to buy: Belvoir Elderflower Pressé is a refreshing combination of elderflower, lemon, and lightly carbonated water and can be found at specialty food markets and online.","totalTime":5,"ingredients":["5 ounces Belvoir Elderflower Pressé","1 ounce bourbon","Ice"],"directions":["\nCombine pressé and bourbon over ice in a highball glass, stir, and serve."]}