{"title":"Sweet Corn Humitas ","tags":["Corn","Philadelphia","Christmas","Thanksgiving","Latin American","Queso Fresco","Vegetarian","Dairy","Appetizer","Holidays","Cheese","Summer","Medium"],"image":null,"servings":15,"description":"The simple Ecuadoran humita has ancient roots, and it’s lasted all these years because it’s deliciously simple. Like a tamale made with fresh corn, the humita is a batter of fresh corn, masa, and cheese that gets wrapped in a corn husk and steamed. This recipe comes from Chef Jose Garces of Amada restaurant in Philadelphia.\nWhat to buy: White corn flour and corn husks can be found in the international aisle of most grocery stores or at Latin markets.\nQueso fresco is a mild white cheese that doesn’t melt when heated. It can be found in the refrigerated cheese case of most grocery stores or at specialty cheese shops or Latin markets. If you can’t locate it, go ahead and substitute feta or ricotta cheese.\nThis recipe was featured as part of our Suckling Pig for the Holidays menu.","totalTime":75,"ingredients":["2 cups fresh corn kernels (from about 3 ears)","6 tablespoons unsalted butter (3/4 stick), at room temperature","1 teaspoon baking powder","1 tablespoon kosher salt","2 tablespoons granulated sugar","1 cup vegetable stock","1 cup instant white corn flour","8 ounces queso fresco, crumbled (about 2 cups)","15 corn husks, soaked then drained and dried of excess water"],"directions":["\nPlace a steamer in a large pot and fill the pot with enough water to reach the bottom of the steamer. Over low heat, bring the water to a simmer.","\nCombine corn kernels, butter, baking powder, salt, and sugar in the bowl of a food processor fitted with a blade attachment and process until smooth, about 30 to 40 seconds.","\nTransfer mixture to a large bowl. Add stock, corn flour, and queso fresco and mix with a spoon until thickened and no dry spots remain, about 30 strokes.","\nSpoon about 3 tablespoons of the corn mixture into the middle of each husk. Fold the bottom of the husk up and each side in, then fold the top over to seal.","\nPlace humitas seam side down in the steamer, layering on top of one another. Cover and steam until filling is set and no longer raw tasting, about 30 to 40 minutes."],"nutrition":{"calories":148,"fat":9.03,"saturatedFat":5.09,"transFat":0.32,"carbs":12.95,"fiber":0.98,"sugar":2.7,"protein":4.32,"cholesterol":23.44,"sodium":152.24}}