{"title":"Black Truffles Over Fresh Pasta","tags":["Pasta","Academy Awards","Valentine's Day","Italian","Parmesan","Garlic","Dinner","Appetizer","Food and Dating","Winter","Pescatarian","Easy"],"image":null,"servings":4,"rating":1.5,"description":"Fresh black truffles are expensive. So to get the most mileage out of them, we finely chop some into the sauce here. Top the finished pasta with the remaining truffles, thinly shaved.\nWhat to buy: Fresh pasta is ideal in this recipe because it soaks up the sauce readily and has a soft, supple texture. If you’re using dried pasta, reduce the amount to 12 ounces.\nFresh truffles are available from the end of December through the end of February and can be purchased at gourmet grocers or online. Truffles packed in jars are a less expensive substitute, but don’t purchase ones that are packed in oil, because their texture is softer and their flavor less aromatic.\nSpecial equipment: The pros use a small slicer to thinly shave fresh truffles. You can also use a mandoline or a sharp knife.\nThis dish was featured as part of our Valentine’s Day All-Star Recipes.","totalTime":30,"ingredients":["Kosher salt","2 ounces fresh black winter truffles","2 tablespoons extra-virgin olive oil","2 tablespoons unsalted butter (1/4 stick)","5 anchovy fillets, patted dry and finely chopped","5 medium garlic cloves, finely chopped","1/4 teaspoon red pepper flakes","1/4 teaspoon freshly ground black pepper, plus more as needed","1 pound fresh fettuccine or tagliatelle pasta","2/3 cup finely grated Parmesan or Pecorino Romano cheese (about 2 ounces)"],"directions":["\nBring a large pot of generously salted water to a boil over high heat.","\nFinely chop half of the truffles; set aside.","\nHeat the oil and butter in a large frying pan over medium heat until the butter foams. Add the chopped truffles, anchovies, garlic, red pepper flakes, and measured black pepper and cook, stirring often, until fragrant, about 1 minute. Remove the pan from the heat and set it aside.","\nDrop the pasta into the boiling water and cook until it’s al dente, about 2 minutes. Using tongs, transfer the pasta directly to the reserved frying pan. Set it over medium heat, add 1 cup of the pasta cooking water, and toss until the sauce thickens slightly and the pasta is coated, adding more pasta water by the tablespoon to reach the desired sauce consistency.","\nRemove the pan from the heat, add the cheese, and toss until the pasta is well coated. Taste and season with additional salt and black pepper as needed. Divide the pasta among 4 or 6 serving bowls and thinly shave or slice the remaining truffles over the pasta. Serve immediately."],"nutrition":{"calories":643,"fat":18.67,"saturatedFat":7.44,"transFat":0.23,"carbs":96.94,"fiber":13.71,"sugar":3.19,"protein":22.38,"cholesterol":34.26,"sodium":399.91}}