{"title":"Microwave Chocolate Brownie in a Mug Cake","tags":["Dessert","Chocolate","Easy"],"image":"https://search.chow.com/thumbnail/1200/0/www.chowstatic.com/assets/2015/05/31403_microwave_chocolate_mug_cake.jpg","servings":1,"rating":2.1,"description":"For this easy microwave chocolate mug cake recipe, flour, sugar, cocoa powder, vegetable oil, and an egg turn into a delicious treat in 90 seconds. Raspberry preserves and shredded coconut give it a Black Forest twist.\nSee also our mug brownie recipe for an even simpler take on this quick treat.","totalTime":12,"ingredients":["3 tablespoons all-purpose flour","3 tablespoons granulated sugar","2 tablespoons unsweetened cocoa powder","Pinch of kosher salt","3 tablespoons vegetable oil","1 large egg","1 tablespoon raspberry preserves","1 tablespoon sweetened shredded coconut"],"directions":["Coat the interior of a 16-ounce mug with cooking spray. Set aside.","In a small bowl, whisk together the flour, sugar, cocoa powder, and salt to combine.","In a separate small bowl, whisk together the oil and egg. Pour the oil-egg mixture into the flour mixture and mix until just combined.","Pour half the batter in the mug, and add half the preserves and half the coconut. Pour the remaining batter in the mug, followed by the remaining preserves and coconut.","Cover with plastic film and microwave until just cooked in the center, about 90 seconds. Serve immediately."],"nutrition":{"calories":784,"fat":50.57,"saturatedFat":7.06,"transFat":0.34,"carbs":78.85,"fiber":5.11,"sugar":50.41,"protein":11.06,"cholesterol":186,"sodium":215.24}}