{"title":"Maple Buttercream","tags":["Thanksgiving","Halloween","Dessert","Cookies","Holidays","Fall","Winter","Easy"],"image":null,"servings":10,"rating":4.1,"description":"This intensely flavored maple-syrup frosting is a natural pairing with apple cupcakes but would add a hint of fall to almost any sweet.\nGame plan: To revive the chilled frosting, let it come to room temperature, place it in the bowl of a stand mixer, and whip with a whisk attachment until light in color, fluffy, and fully incorporated.","totalTime":5,"ingredients":["2 sticks (8 ounces) unsalted butter, at room temperature","3/4 cup powdered sugar","1 cup maple syrup","2 teaspoons vanilla extract","1/4 teaspoon kosher salt"],"directions":["\nCombine all ingredients in the bowl of a stand mixer fitter with a whisk attachment and beat on low speed until syrup and sugar are incorporated, about 1 minute.","\nIncrease speed to high and beat until mixture is light and whipped, about 5 minutes. Use immediately to frost cupcakes, cakes, or cookies. Refrigerate any leftovers in an airtight container."],"nutrition":{"calories":282,"fat":18.41,"saturatedFat":11.65,"transFat":0.74,"carbs":30.22,"sugar":27.97,"protein":0.21,"cholesterol":48.76,"sodium":54.24}}