{"title":"Marinated Mushrooms","tags":["Mushrooms","New Year's Eve","Christmas","Passover","Thanksgiving","Marinating","Dinner Party","Picnic","Healthy","Vegetarian","Parsley","Appetizer","Side Dish","Snack","Italian-American","Preserving","Californian","Spring","Winter","Antipasti","Easy"],"image":null,"servings":6,"rating":5.1,"description":"An antipasti plate is one of the most low-effort and delicious ways to warm up a crowd before a meal, especially if you include these mushrooms. Serve an assortment of store-bought cured meats and breadsticks with some homemade snacks like our Marinated Bocconcini, Pickled Eggplant, and these lightly tangy, herby mushrooms. True to the nature of marination, these fungi get better with age, so make them a few days ahead for the best flavor. And if there happen to be leftovers, try them in a salad or sandwich.\nGame plan: Because of all the olive oil in the marinade, the mixture will solidify in the fridge. To serve, just remove the mushrooms from the refrigerator at least 30 minutes ahead and let them come to room temperature so the oil liquifies again.\nThese mushrooms will last up to 10 days when stored in an airtight container in the refrigerator.\nThis recipe was featured as part of both our Winter Cabin Fever story and our Tailgating Recipes photo gallery.","totalTime":40,"ingredients":["2 cups olive oil","6 garlic cloves, peeled and smashed","1 pound small white button mushrooms, cleaned and stems trimmed","1/3 cup freshly squeezed lemon juice (from 2 medium lemons)","6 tablespoons finely chopped fresh Italian parsley leaves","2 tablespoons finely chopped fresh tarragon leaves","2 teaspoons kosher salt","1 teaspoon freshly ground black pepper"],"directions":["\nHeat oil and garlic in a large frying pan over medium heat until warmed and fragrant, about 4 minutes. Remove the pan from heat, add mushrooms, stir to coat, and let cool to room temperature.","\nAdd remaining ingredients and stir to coat. Transfer mushrooms to an airtight container and place in the refrigerator to marinate for at least 24 hours and up to 1 week."],"nutrition":{"calories":665,"fat":72.39,"saturatedFat":10.01,"carbs":5.18,"fiber":1.13,"sugar":1.9,"protein":2.86,"sodium":392.86}}