{"title":"Tomato Saffron Bouillabaisse with Crab Claws, Pollock, and Calamari ","tags":["Crab","Saffron","Tomatoes","French","Fish","Shellfish","Main Dish","Easy"],"image":null,"servings":2,"description":"Subscribe to Plated and cook this classic bouillabaisse, and other recipes like it, at home. With Plated, your ingredients arrive right to your door, fresh and pre-portioned.","totalTime":55,"ingredients":["1 package Seafood Mix","3 garlic cloves","1 yellow onion","1/16 bunch flat-leaf parsley","1 leek","1 tablespoon olive oil","2 packets unsalted butter","1/4 teaspoon red chile flakes (optional)","1 small can tomatoes","Pernod","1/2 cup white wine","1/2 teaspoon saffron","1 cup chicken broth","Kosher salt","Black pepper","1 loaf ciabatta bread"],"directions":["\nHeat oven to 400°F. Rinse all fish and pat dry with paper towel. Mince 2 cloves garlic, and halve remaining clove. Peel onion and cut into small dice. Rinse parsley and pick leaves, discarding stems. Trim and discard dark top of leek. Halve lights and white greens and thinly slice. Place in a bowl of cold water and allow dirt to sink to bottom.","\nHeat olive oil and 1 packet butter in a large high-sided pan over medium-high heat. Add minced garlic and red chile flakes, if desired, and sauté until fragrant, about 1 minute. Add onion and leek and sauté until softening, about 5 minutes. Meanwhile, add tomatoes and their juices to a medium bowl and crush tomatoes by hand.","\nAdd Pernod/white wine to pan with aromatics, scraping up any browned bits on bottom of pan. Cook until reduced by half, about 1 minute. Add saffron, chicken broth, and tomatoes and their juices. Stir to combine. Increase heat to high and bring to a boil, then cover pan, reduce heat to medium, and simmer until flavors meld and reduced slightly, about 5 minutes.","\nSeason pollock on rounded sides with salt and black pepper. Uncover broth and nestle in pollock. Cover and simmer until pollock is almost cooked through, about 5 minutes. Uncover, add calamari and crab, and stir to combine. Simmer, uncovered, until crab is bright red and calamari is opaque, about 3 minutes.","\nWhile fish cooks, halve bread lengthwise and spread remaining butter evenly over cut sides. Heat a medium pan over medium heat, then add bread cut-side down. Toast until light golden, about 3 minutes, then flip and cook about 2 minutes more. Immediately rub cut sides of bread with cut sides of halved garlic.","\nTaste bouillabaisse and add salt and black pepper as needed. Gently break up cooked pollock into large chunks using a fork. Divide broth and fish evenly between 2 bowls. Garnish with parsley and serve garlic toasts alongside."]}