{"title":"one eyed jack","tags":["Easy"],"image":null,"servings":1,"description":"My Mommy used to make these for me!","totalTime":5,"ingredients":["1 piece of white bread","1 egg","optional piece of American cheese"],"directions":["\nusing the open end of a drinking glass cut hole in center of bread and remove the center","\ntoast bread","\nput toasted bread in a small heated pan and break egg in the center of said toast. cook egg to your liking.","\nadd optional cheese after fist flip of toast"]}