{"title":"Crispity, Crunchity, Cheese-a-liciously Cheesy Mac &amp; Cheese","tags":["Easy"],"image":null,"servings":4,"description":"Have you ever made a fabulous batch of mac & cheese and then been disappointed by the leftovers the next day? The crumb topping has been picked over. The cheese isn’t as melty and cheesy. The macaroni has a tough time holding up to the reheating.\nMac & cheese lovers rejoice. This recipe is guaranteed to make your mac & cheese leftovers disappear. If you love mac & cheese with crumb topping, this is for you!","totalTime":20,"ingredients":["4 cups of leftover macaroni and cheese","1/2 of a cup of grated Gruyere cheese","1/2 of a cup of seasoned Italian bread crumbs","1/4 of a cup of Pecorino Romano cheese","olive oil cooking spray","Salt to taste","Ground Black Pepper to taste"],"directions":["\nSpray large frying pan with cooking oil.","\nAdd leftover mac & cheese to frying pan and heat over low flame","\nWhile mac & cheese is heating, grate 1/2 of a cup of Gruyere cheese and 1/4 cup of Pecorino Romano cheese into a large bowl.","\nAdd the 1/2 a cup of the seasoned Italian bread crumb to the large bowl.","\nMix Gruyere and bread crumbs well.","\nAdd ground black pepper to taste to bread crumb/cheese mix.","\nOnce the mac & cheese is getting slightly melted, remove from flame.","\nAdd mac & cheese to the bread crumb mixture.","\nToss mac & Cheese and bread crumb mixture and mix well.","0\nReturn crumbly mac & cheese to the pan and spray mac & cheese lightly with olive oil","1\nHeat on medium until cheese is gooey and melty and crumbs are brown and crispy. Enjoy!"]}