{"title":"KC Masterpiece Bloody Barbie","tags":[],"image":null,"servings":1,"description":"This is a Bloody Mary variation using KC Masterpiece BBQ sauce instead of Worcestershire sauce. It is nice to use the same sauce in the drink to pair with the sauce used to BBQ the meat … Original, Hickory, Bourbon or Mesquite.\nThe optional ingredients improve the drink, but for tailgating ease only the first three ingredients are required.\nOr use your favorite Bloody Mary recipe and substitute the KC Masterpiece sauce for Worcestershire sauce.","totalTime":5,"ingredients":["2 ounces vodka","5.5 ounce can of spicy hot V8 juice (or 6 oz of juice of choice)","1 capful of KC Masterpiece barbeque sauce","1/2 teaspoon of horseradish (optional)","juice of 1/2 lemon (optional)","pinch of ground black pepper (optional)","salt to taste (optional)","pinch of crushed celery seeds","dash of Tabasco for extra heat (optional)","Garnishes: olive, cherry tomato, celery stick, slice of bacon (optional)"],"directions":["\nAdd one capful of KC Masterpiece to vodka. Mix until disolved","\nFill with V8 juice","\nAdd optional ingredients as desired.","\nGarnish with vegetables and a piece of bacon. Brush bacon with the KC Masterpiece sauce and lightly grill for extra flavor.","\nCut up celery sticks before leaving home. For extra convenience, use pre-cut celery sticks from the supermarket.","\nVariation: KC Masterpiece Michelada","\nSubstitute a can of beer for the vodka. Skip the horseradish, black pepper, salt and celery seeds..","\nPour a little of the V8 juice into a cup. Mix in a capful of the KC Masterpiece sauce to disolve. Add remaining V8 juice. Top with beer."]}