{"title":"Pan-Crisped Pancetta","tags":["Pancetta","Easter","New Year's Eve","Christmas","Mother's Day","Breakfast","Hangover Cure","Dairy Free","Gluten Free","Bacon","Pork","Brunch","Weeknight Dinner","Winter","Easy"],"image":null,"servings":4,"rating":5.1,"description":"A welcome alternative to bacon, pan-crisped pancetta is great on a sandwich or atop eggs.\nThis recipe was featured as part of our Oh, Crap! It’s Mother’s Day! story.","totalTime":25,"ingredients":["6 ounces thinly sliced pancetta"],"directions":["\nHeat a large frying pan over medium heat. In batches, add pancetta and cook until browned and crisp, about 5 minutes per side.","\nRemove to a paper-towel-lined plate and let drain briefly. Serve."],"nutrition":{"calories":177,"fat":16.88,"saturatedFat":5.65,"transFat":0.06,"carbs":0.54,"sugar":0.43,"protein":5.37,"cholesterol":28.07,"sodium":281.51}}