{"title":"The Perfect Pot Roast","tags":["Easy"],"image":null,"description":"You will not be disappointed, this comes out juicy & delicious! A wonderful main course. Pairs well with white beans.","totalTime":300,"ingredients":["pork loin roast, tied (the butcher will do this for you)","rosemary","thyme","fennel seed","sage","red pepper flacks, to taste","rind of half a lemon, chopped","garlic","olive oil","white wine"],"directions":["\nCombine all ingredients (except the meat) and form a paste. Food processor, mortar & pestle or a small food chopper will work, you can also do it by hand.","\nTransfer above mixture into a bowl & add a glug or two of olive oil so the paste is spreadable.","\nWork paste into meat evenly & refrigerate over night or at least 6 hours.","\nWhen ready to cook preheat oven to 425 degrees.","\nGenerously salt the meat & place in a roasting pan.","\nRoast for the first 15 minutes at 425 degrees, remove from oven. Add a 3/4 cup of white wine","\nThen return to oven & lower to 350 degrees cooking for about 15 minutes per pound,or until juices run clear.","\nBaste the meat once or twice during cooking. (If the top starts getting too brown, cover for the last bit. If liquid at the bottom of the pan cooks out, add a little water.)","\nOnce cooked, allow roast to sit for a few minutes. Remove string & slice thinly. Use the pan juices as a sauce."]}