{"title":"Easy Chicken Pho","tags":["Chicken","Pho","Vietnamese","Vermicelli","Easy"],"image":"https://search.chow.com/thumbnail/1200/0/www.chowstatic.com/assets/2015/03/31345_RecipeImage_fun_fake_pho.jpg","servings":2,"rating":3.7,"description":"For this quick and easy chicken pho recipe, you’ll need rice vermicelli noodles, shredded meat from a rotisserie chicken, chicken broth, ginger, Asian fish sauce, basil, cilantro, mung bean sprouts, hoisin sauce, and Sriracha.","totalTime":15,"ingredients":["6 ounces dried rice vermicelli","4 cups low-sodium chicken broth or stock","1 teaspoon granulated sugar","1 (1-inch) piece fresh ginger, peeled and thinly sliced","½ cup shredded rotisserie chicken","1 lime, cut into 4 wedges","2 sprigs fresh basil","1 handful mung bean sprouts","2 scallions, thinly sliced","1 jalapeño, thinly sliced","4 sprigs cilantro","½ to 1 tablespoon Asian fish sauce","Sriracha hot sauce","Hoisin sauce"],"directions":["Cook noodles and divide between two bowls.","Bring chicken broth to a boil and add sugar and ginger. Simmer 2 to 3 minutes and add the shredded chicken. Remove from heat and ladle over the noodles.","Squeeze a lime wedge over the top of each bowl. Garnish with the remaining ingredients and serve with the remaining lime wedges.  "],"nutrition":{"calories":508,"fat":8.92,"saturatedFat":2.55,"transFat":0.03,"carbs":85.88,"fiber":4.18,"sugar":5.45,"protein":22.92,"cholesterol":26.25,"sodium":861.36}}