{"title":"Creole Mustard Sauce","tags":["Sauces","Creole","Condiments","Spices","Sub / Sandwich"],"image":null,"description":"A great-tasting condiment to accompany grilled meat or fish.","ingredients":["2 cups mayonnaise","1 finely diced celery stalk","1 diced roasted red bell pepper","1/2 cup chopped Italian parsley","1/2 cup thinly sliced scallions","4 tablespoons whole-grain mustard","2 tablespoons sherry vinegar","2 tablespoons paprika","1 tablespoon dry mustard","1 tablespoon prepared horseradish","2 teaspoons hot sauce"],"directions":["\nWhisk together 2 cups mayonnaise, 1 finely diced celery stalk, 1 diced roasted red bell pepper, 1/2 cup chopped Italian parsley, 1/2 cup thinly sliced scallions, 4 tablespoons whole-grain mustard, 2 tablespoons sherry vinegar, 2 tablespoons paprika, 1 tablespoon dry mustard, 1 tablespoon prepared horseradish, and 2 teaspoons hot sauce.","\nStore in the refrigerator. Serve with grilled seafood, fish, chicken, and steak."],"nutrition":{"calories":337,"fat":36.25,"saturatedFat":5.38,"carbs":2.61,"fiber":1.22,"sugar":0.89,"protein":0.88,"cholesterol":18.02,"sodium":370.85},"servings":10}