{"title":"Best Clam Chowder","tags":["Boston Area","Christmas","New England","Soup","Dairy","Butter","Clams","Shellfish","Thyme","Bacon","Garlic","Onions","Potatoes","Lunch","Dinner","Weeknight Dinner","Flour","Cream","Summer","Winter","Comfort Food","Easy","Chowder"],"image":null,"servings":4,"rating":4.1,"description":"A clam chowder recipe can be intimidating and mysterious so most people dont attempt to make it and only order it at chowder houses or diners. We’ve made it easy by skipping the process of steaming fresh clams to get the clam juice and meat for the soup, subbing in more convenient and equally tasty canned clams and jarred clam juice. Just sauté onions, bacon, garlic, and thyme, sprinkle with a little flour, add the clam juice and some potatoes, then finish with cream and the clam meat to get a thick chowder that’s ready in an hour. If you want to use fresh clams, we’ve got a recipe for that, too.\nCraving more New England classics? Check out our easy Lobster recipe.","totalTime":60,"ingredients":["2 (6-1/2-ounce) cans minced clams, with their juices","2 tablespoons unsalted butter (1/4 stick)","1 cup small-dice yellow onion (about 1/2 medium onion)","1 slice thick-cut bacon, finely chopped","1 medium garlic clove, minced","1/4 teaspoon dried thyme or 1/2 teaspoon finely chopped fresh thyme leaves","3 tablespoons all-purpose flour","2 cups bottled clam juice","1 pound russet potatoes (about 2 medium), peeled and cut into medium dice","1/3 cup heavy cream","Kosher salt","Freshly ground black pepper"],"directions":["\nSet a fine-mesh strainer over a medium bowl. Pour the clams through the strainer and transfer them to a small bowl. Set the clams and strained juice aside.","\nMelt the butter in a medium saucepan over medium heat. Add the onion and bacon and cook, stirring occasionally, until the fat has rendered from the bacon and the onion has softened, about 8 minutes.","\nAdd the garlic and thyme and cook, stirring occasionally, until fragrant, about 1 minute. Sprinkle in the flour and cook, stirring occasionally, until the raw flavor has cooked off, about 2 minutes.","\nWhile stirring constantly, slowly add the reserved strained clam juice and bottled clam juice. Bring to a boil, stirring occasionally and making sure to scrape the bottom and sides of the pan. Reduce the heat to medium low, add the potatoes, and bring to a simmer. Cook, stirring occasionally, until the potatoes are knife tender, about 15 minutes.","\nStir in the cream and reserved clams and return to a simmer. Taste and season with salt and pepper as needed."],"nutrition":{"calories":431,"fat":17.52,"saturatedFat":9.47,"transFat":0.26,"carbs":33.5,"fiber":2.22,"sugar":2.02,"protein":34.64,"cholesterol":93.04,"sodium":918.36}}