{"title":"Christian Hermsdorf's Gnocchi","tags":["Italian","Potatoes","Gnocchi","Main Dish","Easy"],"image":null,"description":"The chef at Cupola Pizzeria offers his expert tips on this delicate Italian dish.\nClick here to watch Christian demonstrate how to make gnocchi in his You’re Doing It All Wrong video.","ingredients":["Russet potatoes","Flour","Slightly beaten eggs","Salt","Pepper","Parmesan cheese"],"directions":["\nBoil the unpeeled, whole potatoes until a fork inserted into the potatoes comes out easily. Drain and let cool slightly.","\nWhen the potatoes are cool enough to handle but still warm, peel them, then run them through a ricer.","\nOn a lightly floured surface, form the riced potatoes into a mound. Add the remaining ingredients plus just enough flour to get the dough slightly tacky and crumbly. Mix the dough with your hands just until it binds.","\nForm the dough into long, 1/2-inch-wide strands, then cut the strands into pieces.","\nAdd the gnocchi to a pot of gently simmering water; work in batches. You’ll know the gnocchi are done when they start to float.","\nShock the gnocchi in an ice bath to stop the cooking process, then place them on a serving dish.","\nServe with a simple sauce like brown butter and sage."]}