{"title":"Añejo Manhattan","tags":["Cinco de Mayo","Mexican","Dinner Party","Tequila","Cocktails","Drink","Manhattan Cocktail","Summer","Easy"],"image":null,"servings":1,"description":"Adding tequila to a classic Manhattan sounds blasphemous, but Nick Tarsi, the bar director at Boulder’s Zolo Grill, does just that.\nWhat to buy: Navan vanilla liqueur is a vanilla-infused Cognac made by Grand Marnier. It can be found at high-end liquor stores or here.","totalTime":5,"ingredients":["4 parts añejo tequila","1 part Navan vanilla liqueur","Dash sweet vermouth","Dash bitters"],"directions":[]}