{"title":"The Original Corpse Reviver #2","tags":["New Year's Eve","Dinner Party","Hangover Cure","Gin","Liqueur","Cocktails","Drink","Holidays","Ice","Easy","Triple Sec"],"image":null,"servings":1,"rating":3.1,"description":"Refreshing and herbaceous, this cocktail will bring you back to life.","totalTime":5,"ingredients":["3/4 ounce Cointreau (triple sec can be substituted)","3/4 ounce gin","3/4 ounce freshly squeezed lemon juice","3/4 ounce Lillet Blanc","Dash absinthe or Pernod","Ice"],"directions":["\nPlace a cocktail glass in the freezer to chill.","\nPlace the Cointreau, gin, lemon juice, Lillet, and absinthe or Pernod in a cocktail shaker and fill it halfway with ice. Shake vigorously until the outside of the shaker is frosted. Strain into the chilled glass."],"nutrition":{"calories":129,"fat":0.05,"saturatedFat":0.01,"carbs":2.05,"fiber":0.06,"sugar":0.7,"protein":0.09,"sodium":1.92}}