{"title":"Rosemary Fig Crackers (gluten free)","tags":["Easy"],"image":null,"servings":1,"description":"These gluten free crackers are super easy to make and delicious as well. My husband gave me the thumbs up on them.","totalTime":24,"ingredients":["1 ½ cups blanched almond flour","½ teaspoon celtic sea salt","1 teaspoon rosemary, minced","3-4 dried figs, chopped","1 egg","1 tablespoon olive oil"],"directions":["\nIn a large mixing bowl, stir together almond flour, salt, rosemary and figs","\nMix in egg and oil until well combined","\nRoll out dough between 2 sheets of parchment paper until ⅛ inch thick","\nCut dough with a knife or pizza cutter into 2 inch squares","\nBake at 350° for 10-12 minutes until golden brown","\nCool and serve"]}