{"title":"Xanté Crush","tags":["Easy"],"image":null,"servings":1,"description":"Created with the finest all-natural ingredients from across the European continent, Xanté is the intimate result of a ménage à trois between the perfect penetration of pear, the finest French cognacs and the affection of French Limousine Oak with a touch of vanilla. The premium liqueur offers an experience for all five senses and has gained praise for its unique and versatile appeal.\nJust for Valentine’s Day they have created the Xanté Crush, the recipe consists of the following:","totalTime":5,"ingredients":["1 1/2 oz of Xanté","1 1/2 oz of fresh lemon juice","1 oz of simple syrup","3 strawberries"],"directions":["\nMuddle strawberries and all other ingredients in a shaker with ice, strain and serve in a cocktail glass with sugar coated rim. Garnish with fresh red berry (optional)"]}