{"title":"Boston Cream Donuts","tags":["Boston Area","Breakfast","Dessert","Brunch","Donuts","Custard","Medium"],"image":"https://search.chow.com/thumbnail/1200/0/www.chowstatic.com/assets/2015/01/31251_RecipeImage_boston_cream_donuts.jpg","servings":12,"rating":4.2,"description":"These deliciously rich, filled, and glazed donuts start with the dough for our Basic Yeast Donuts. Cut the risen dough in circles, rise again, and fry. The final step is creating a pocket in the center of each donut, then filling with vanilla-scented custard and dipping in a shiny chocolate glaze.\nSpecial equipment: For this recipe, you’ll need a smooth-sided biscuit cutter measuring 2 1/2 to 3 inches in diameter and a pastry bag fitted with a small tip.\nGame plan: Plan to finish the donuts within 1 hour of making the chocolate glaze, because the glaze can easily become too stiff to coat.\nIf you need more recipe ideas, check Chowhound’s donut recipes hub.","totalTime":80,"ingredients":["#For the filling:","1/2 cup heavy cream","1/2 cup whole milk","1/4 cup granulated sugar","Pinch of fine sea salt","3 large egg yolks","1 1/2 tablespoons cornstarch, mixed with 2 tablespoons water","1 teaspoon pure vanilla extract","2 tablespoons (1/4 stick) cold unsalted butter, cut into pieces","#For the donuts:","1 recipe Basic Yeast Donuts","#For the glaze:","2 cups powdered sugar, also known as confectioners’ sugar, sifted","1/3 cup natural unsweetened cocoa powder, sifted","Pinch of fine sea salt","2 tablespoons whole milk","2 teaspoons pure vanilla extract"],"directions":["#To make the filling:","In a saucepan, stir together the cream, milk, 2 tablespoons of the sugar, and the salt. Warm over medium-low heat until gently simmering, stirring to dissolve the sugar.","In a heatproof bowl, whisk together the egg yolks and the remaining 2 tablespoons of sugar. Whisk in the cornstarch mixture. Slowly pour about half of the warm cream mixture into the yolk mixture, whisking constantly. ","Scrape the yolk mixture into the saucepan. Cook, stirring constantly, until the custard is thickened and glossy, about 3 minutes. ","Remove from the heat and stir in the vanilla extract and the butter until melted. Pour the pastry cream through a medium-mesh sieve into a bowl, press a piece of plastic wrap directly onto the surface of the custard, and let cool completely. (You can cool the custard down quickly by setting the bowl in a larger bowl filled with ice water.) ","Refrigerate until chilled before using; the pastry cream can be kept in the refrigerator, covered, for up to 3 days.","#To make and fill the donuts:","Mix the dough, let it rise, and roll it out to a 1/4-inch thickness following the directions in step 1. Cut out rounds using a 2-1/2- to 3-inch biscuit cutter with smooth sides.   Follow the directions to proof and fry the donuts. ","To make the glaze, whisk together the powdered sugar, cocoa powder, and salt. Slowly add the milk and vanilla and whisk until the glaze is very smooth.  Cover with plastic wrap until ready to use. (Use within 1 hour.)","Working with 1 donut round at a time and using a paring knife or a wooden skewer, carefully carve a small opening in the side of each round, forming a cavity. Fill a piping bag fitted with a small tip or a plastic bag with a small corner cut out with the chilled pastry cream. Pipe a few tablespoons into each donut round. ","#To finish:","Glaze the filled donuts, and then transfer to a rack to let the glaze set.   "],"nutrition":{"calories":184,"fat":8.67,"saturatedFat":4.84,"transFat":0.1,"carbs":25.91,"fiber":1,"sugar":22.79,"protein":2.09,"cholesterol":67.65,"sodium":77.86}}