{"title":"Nutty White-Chocolate Blondies","tags":["Super Bowl","Easter","Christmas","Dessert","Bake Sale","Chocolate","Vegetarian","Pecans","Lunch","Snack","Kid Friendly","Holidays","Party Planning","Easy"],"image":null,"servings":18,"description":"Blondies—named for their color—are the underappreciated cousin of brownies. Their butterscotch flavor is more subtle than that of an in-your-face cocoa brownie, but they are just as easy to make. We’ve also added toasty nuts and white chocolate, for a treat that’s begging for an accompanying scoop of vanilla ice cream.\nWhat to buy: Be sure to pick up good-quality white chocolate chips, because the cheaper ones are usually waxy and filled with artificial flavors. If you don’t enjoy white chocolate, swap in your chocolate or butterscotch chip of choice.\nThis recipe was featured as part of our Back-to-School Bake Sale story.","totalTime":35,"ingredients":["12 tablespoons unsalted butter (1 1/2 sticks), melted","1 1/3 cups packed light brown sugar","4 teaspoons vanilla extract","2 teaspoons kosher salt","1 teaspoon baking powder","2 large eggs, at room temperature, lightly beaten","1 1/4 cups all-purpose flour","1 cup nuts, such as pecans or walnuts, toasted and coarsely chopped","1 cup white chocolate chips"],"directions":["\nHeat the oven to 350°F and arrange a rack in the middle. Coat a 13-by-9-inch baking dish with butter and flour; set aside.","\nCombine butter and brown sugar in a large bowl and stir until evenly incorporated. Add vanilla, salt, and baking powder, and stir until thoroughly combined.","\nAdd eggs, and stir briefly until evenly incorporated. Add flour, and stir until just incorporated (no white streaks should remain). Stir in nuts and chips until just combined.","\nTransfer batter to the prepared baking dish, and bake until golden brown and set, about 25 minutes. Remove from the oven and place on a wire rack to cool completely before cutting."],"nutrition":{"calories":224,"fat":12.21,"saturatedFat":6.95,"transFat":0.34,"carbs":26.11,"fiber":0.68,"sugar":18.41,"protein":2.52,"cholesterol":42.89,"sodium":115.42}}