{"title":"Chocolate Ganache Cheesecake","tags":["Easy"],"image":null,"servings":8,"description":"Very sinful but worth it","totalTime":300,"ingredients":["200 g Mr. Christie's Chocolate Wafers (or something similar)","1 stick melted butter","2 8 oz blocks cream cheese - softened to roomish temperature","3 eggs","1 cup sugar","1 cup sour cream","1 tsp vanilla extract","8 oz semi sweet chocolate","1 cup heavy cream","1 tbsp butter"],"directions":["\nPreheat oven to 325 degrees","\nFor the base: Pulverize/crumble your cookies into a nice even consistency. Mix your cookie crumbs with a stick of melted butter until the crumbs are evenly coated. Coat the bottom and sides of an 8\" spring form pan with nonstick cooking spray or rub it down with butter. Pour the crumbs into the pan and press the crumbs down into the base and approximately 1/3 of the way the sides. Chill until you’re ready to use.","\nFor the cream cheese: In a large bowl, add your cream cheese and beat (with an electric mixer, ideally) on low speed for about a minute or so until it’s relatively smooth. Add in your eggs one at a time. Add sugar. Add sour cream. Add vanilla extract. Continue beating until everything is incorporated.","\nFor the chocolate ganache: heat up heavy cream until simmering. Pour into bowl over top the chocolate and butter. Stir until a good and somewhat thick consistency is formed.","\nStir ganache into cream cheese mixture but do not over stir as we want it to be a marble-type aesthetic… a nice swirl should do. Pour all of this into your spring form dish","\nPut into over for 45-60 mins until firm but still jiggly in the middle. Cool at room temp and allow to chill in the fridge for a day"]}