{"title":"Fennel, white bean and chicken salad","tags":["Easy"],"image":null,"servings":null,"description":"Perfect for lunch or a light supper. Works very well for a lunch to take to work.","totalTime":135,"ingredients":["1 cup white beans, either from dried or jarred","1 bulb fennel, very finely sliced","shredded leftover roast chicken, about 1.5 cups","1/4 cup good quality EV olive oil","juice of 1/2 a juicy lemon","1 tsp dijon mustard","parmesan shavings to serve","ground black pepper and salt, to taste"],"directions":["\nRinse the beans well if they’ve come from a jar, then combine with lemon juice, mustard, salt and pepper (i like lots of ground pepper). Leave for a couple of hours at room temperature if you’ve got time. You can do this in the morning and put in a container to mix later for a work lunch.","\nAdd the olive oil to the beans and stir well.","\nCombine the beans with the fennel and chicken, top with parmesan."]}