{"title":"Fennel-and-Prosciutto-Stuffed Pork Loin Roast","tags":["Prosciutto","Pork","Fennel","Easter","Christmas","Baking","Roasting","Dinner Party","Butter","Olive Oil","Herbs","Bacon","Brown Sugar","Onions","Holidays","Fall","Winter","Main Dish","Medium"],"image":null,"servings":6,"rating":5.1,"description":"This impressive pork roast starts with an easy stuffing made with whole-wheat bread, fennel, and apple. To butterfly the pork, follow the step-by-step photos below, then layer on the stuffing and the prosciutto slices. Carefully roll up the roast and tie it with kitchen twine, coat the outside with a fennel and rosemary rub, and roast. Serve it at an elegant dinner party or for the holidays with our Mediterranean Braised Chard.\nSpecial equipment: You’ll need kitchen twine for this recipe.","totalTime":180,"ingredients":["#For the stuffing:","3 slices whole-wheat sandwich bread (about 4 ounces), torn into rough 1-inch pieces","1 medium fennel bulb (about 8 ounces), stalks removed, cored, and cut into 1-inch pieces","1/2 medium Granny Smith apple, cored and cut into 1-inch pieces","1/2 medium yellow onion, cut into 1-inch pieces","4 tablespoons unsalted butter (1/2 stick)","2 teaspoons finely chopped fresh rosemary leaves","Kosher salt","Freshly ground black pepper","#For the pork:","1 tablespoon plus 1 teaspoon kosher salt","1 tablespoon fennel seeds, lightly crushed using the bottom of a frying pan","1 tablespoon finely chopped fresh rosemary leaves","1 teaspoon freshly ground black pepper","1 teaspoon packed dark brown sugar","1 (4- to 4-1/2-pound) boneless pork loin","3 ounces thinly sliced prosciutto","1 tablespoon olive oil"],"directions":["#For the stuffing:","\nPlace the bread in a food processor fitted with a blade attachment and pulse into fine crumbs, about 15 (1-second) pulses. Remove to a large bowl and set aside.","\nPlace the fennel, apple, and onion in the food processor and pulse into fine pieces no larger than a grain of rice, scraping down the sides of the bowl as needed, about 20 (1-second) pulses; set aside.","\nMelt the butter in a large frying pan over medium heat. Add the processed fennel mixture and the rosemary, season with salt and pepper, and cook, stirring occasionally, until the vegetables are softened, about 15 minutes.","\nRemove the mixture to the bowl with the breadcrumbs and stir until combined and the bread is evenly moistened. Taste and season with salt and pepper as needed; set aside to cool for at least 15 minutes. Meanwhile, line a rimmed baking sheet with foil and cut 6 (18-inch) lengths of kitchen twine; set the baking sheet and twine aside.","#For the pork:","\nMix the salt, fennel seeds, rosemary, pepper, and sugar in a small bowl until combined; set aside.","\nTo butterfly the pork, place it on a cutting board with one end pointing toward you. Slice lengthwise down the center, almost but not quite cutting through the pork, leaving about 1/2- to 3/4-inch thickness of meat intact.","\nOpen the pork up like a book and push on it to flatten.","\nStarting on the left side, with the blade of the knife parallel to the cutting board and the blade facing left, slice down the length of the seam, maintaining the 1/2- to 3/4-inch thickness.","\nPull the meat open and press down to flatten. Continue cutting and flattening until the entire left half is 1/2- to 3/4-inch thickness.\nRotate the pork and repeat on the other half.","\nEvenly spread the reserved stuffing over the pork, leaving a 1-1/2-inch border.\nHorizontally arrange the prosciutto over the stuffing, one piece slightly overlapping the next.","\nStarting on the right side, roll the pork into a tight cylinder.\nTie the pieces of twine around the pork, spacing them about 1 1/2 inches apart and trimming off any excess.\nUsing your hands, rub the oil evenly over the outside of the pork, then rub the the roast with all of the reserved spice mixture.","\nPlace the roast seam-side down on the prepared baking sheet and let it sit at room temperature for 30 minutes. Meanwhile, heat the oven to 450°F and arrange a rack in the middle.","\nRoast until the pork is light golden brown on top, about 30 minutes. Reduce the oven temperature to 375°F, rotate the baking sheet, and roast until an instant-read thermometer inserted into the center of the pork registers 145°F, about 25 to 35 minutes more. Let the roast rest on the baking sheet loosely tented with foil for 20 minutes before slicing."]}