{"title":"Gluten Free Bran Muffins","tags":["Easy"],"image":null,"servings":10,"description":"I have been craving a good, healthy, tasty, gluten free bran muffin for quite some time. Finally, thanks to flaxmania (I’m on a string of flax recipes this week) here it is.","totalTime":35,"ingredients":["½ cup blanched almond flour","½ cup flax meal","1 teaspoon baking soda","½ teaspoon celtic sea salt","6 dates","3 eggs","2 tablespoons olive oil","¼ cup water","¼ cup sesame seeds","¼ cup sunflower seeds","½ cup raisins"],"directions":["\nIn a large bowl combine almond flour, flax meal, baking soda and salt","\nIn a vita-mix blend dates, eggs, olive oil and water on high speed until very smooth","\nMix wet ingredients into dry, then stir in sesame seeds, sunflower seeds and raisins","\nSpoon batter into lined muffin tins","\nBake at 350° for 20-25 minutes","\nCool and serve"]}