{"title":"Chocolate Coffee-Almond Crunch Ice Cream Cake with Ganache","tags":["Ice Cream","Almonds","Dessert","Chocolate","Nuts","Medium"],"image":"https://search.chow.com/thumbnail/1200/0/www.chowstatic.com/assets/2015/06/31449_chocolate_coffee_almond_ice_cream_cake_2.jpg","servings":10,"rating":5.2,"description":"This irresistibly rich, cool ice cream cake brings together a moist chocolate cake layer with coffee ice cream and chocolate ganache, topped with toffee bits and chopped almonds. It makes a summer birthday party extra-special.","totalTime":85,"ingredients":["#For the cake:","1 cup all-purpose flour","1⁄4 cup unsweetened cocoa powder","2 teaspoons baking powder ","2/3 cup sugar ","1⁄2 teaspoon kosher salt ","2 large eggs ","1⁄2 cup canola oil","2 tablespoons sour cream","2 teaspoons vanilla extract","3 pints coffee ice cream, slightly softened","#Ganache and toppings:","1 cup semisweet chocolate chips","1/4 cup unsalted butter ","1/4 cup heavy cream ","2 tablespoons light corn syrup","1 cup confectioners’ sugar, sifted","1 teaspoon pure vanilla extract ","1⁄2 cup toffee bits","1/2 cup chopped toasted almonds"],"directions":["Preheat the oven to 350°F. Butter a 9-by-13-inch baking dish, line it with parchment so it overhangs two sides, and butter the parchment.","To make the cake, sift the flour, cocoa, and baking powder into a bowl. Whisk in the sugar and salt. In another bowl, whisk together 3⁄4 cup warm water, the egg, oil, and vanilla until blended. Pour the wet ingredients into the dry ingredients and stir just until blended. The batter will be very thick. Spread the batter into the prepared dish in an even layer. Bake until a toothpick inserted into the center of the cake comes out clean, about 20 minutes. Let cool for 10 minutes in the dish on a wire rack, then remove from the dish and let cool completely. Remove the parchment and return the cake to the dish.","Put the ice cream in a bowl and stir with a large metal spoon to soften the ice cream until spreadable (make sure it doesn’t get overly soft and soupy).Spread the ice cream over the top of the cake into a thick, even layer. Cover with plastic wrap and freeze until firm, about 2 hours.","Meanwhile, make the ganache. In the top of a double boiler set over barely simmering water, but not touching the water, stir together the chocolate chips, butter, cream, and corn syrup. Heat, stirring often, just until the chocolate is melted. Add the sifted confectioners’ sugar and vanilla and stir well until smooth. Let cool slightly until cool but still spreadable (if the ganache cools too much, gently warm it until spreadable but not hot).","Quickly spread the ganache over the ice cream in an even layer. Sprinkle with the toffee bits and almonds. Freeze the cake until firm, about 4 hours. Cut into squares and serve."],"nutrition":{"calories":673,"fat":39.98,"saturatedFat":16.44,"transFat":0.29,"carbs":75.27,"fiber":3.6,"sugar":59.23,"protein":8.3,"cholesterol":103.01,"sodium":267.62}}