{"title":"Miso-Ginger Vinaigrette","tags":["Ginger","Labor Day","Asian","Healthy","Vegan","Vegetarian","Condiments","Make Ahead","Dressings","Summer","Easy"],"image":null,"servings":1,"rating":3.1,"description":"A combination of fermented soybeans and rice, white miso makes a tasty marinade or salad dressing. In addition to topping our Chilled Tofu Salad, this vinaigrette is delicious over grilled fish or as a marinade for chicken.","totalTime":5,"ingredients":["1/4 cup white miso","3 tablespoons rice wine vinegar","1 tablespoon finely grated fresh ginger","1 1/2 teaspoons granulated sugar","3 tablespoons plain (not toasted) sesame oil","1 tablespoon water"],"directions":["\nWhisk together miso, vinegar, ginger, and sugar in a medium, nonreactive bowl until well combined.","\nWhisking continuously, slowly add oil in a thin stream until completely blended. Whisk in water."],"nutrition":{"calories":534,"fat":44.98,"saturatedFat":6.59,"carbs":25.58,"fiber":3.83,"sugar":10.67,"protein":8.15,"sodium":2565.34}}