{"title":"Classic Vinaigrette","tags":["French","Salad","Mustard","Condiments","Olive Oil","Lemons","Shallots","Dressings","Easy","Dijon Mustard"],"image":"data:image/gif;base64,R0lGODlhAQABAIAAAMLCwgAAACH5BAAAAAAALAAAAAABAAEAAAICRAEAOw==","servings":4,"description":"A classic French vinaigrette with red wine vinegar, Dijon mustard, shallot, lemon juice, and olive oil is one of the most versatile sauces in the kitchen. Use it to dress a simple green salad or an elaborate composed one, employ it as a quick marinade for raw meats or a casual accompaniment for grilled ones.","totalTime":10,"ingredients":["2 tablespoons red wine vinegar","2 teaspoons freshly squeezed lemon juice","2 teaspoons Dijon mustard","2 teaspoons minced shallot","1/3 cup olive oil","Kosher salt","Freshly ground black pepper"],"directions":["Shake all the ingredients vigorously in a screw-top jar; taste and adjust the seasoning with salt and pepper.","Or, in a small bowl, whisk together the vinegar, lemon juice, mustard, and shallot. Gradually whisk in oil until emulsified; season with salt and pepper."],"nutrition":{"calories":164,"fat":18.09,"saturatedFat":2.49,"carbs":0.69,"fiber":0.19,"sugar":0.22,"protein":0.16,"sodium":28.8}}