{"title":"Vanilla–Salted Caramel Ice Cream Cake with Whipped Cream","tags":["Ice Cream","Memorial Day","Labor Day","4th of July","Dessert","Birthday","Vanilla Bean","Caramel","Cakes","Summer","Medium","Whipped Cream"],"image":"https://search.chow.com/thumbnail/1200/0/www.chowstatic.com/assets/2015/06/31450_vanilla_salted_caramel_ice_cream_cake.jpg","servings":10,"description":"It’s a party: Rich vanilla cake layered with salted caramel ice cream, under a pillowy topping of whipped cream drizzled with caramel sauce. Serve this luscious ice cream cake at a birthday, or for a backyard BBQ on the muggiest of afternoons. If you want to do it all from scratch, get our Caramel Ice Cream recipe (and consider amping up the salt a bit), and pick your poison when it comes to the crowning glory: our Salted Caramel Sauce, or our Espresso-Bourbon Caramel Sauce.","totalTime":85,"ingredients":["#For the cake:","1 1/4 cups all-purpose flour","2 teaspoons baking powder","2/3 cup sugar","1/2 teaspoon kosher salt","2 large eggs","1/2 cup canola oil","2 tablespoons sour cream","1 tablespoon vanilla extract","3 pints salted caramel ice cream, slightly softened","#Whipped cream:","1 1/2 cups heavy cream","2 tablespoons sugar","1 teaspoon vanilla extract","Caramel sauce, for drizzling"],"directions":["Preheat the oven to 350°F. Butter a 9-by-13-inch baking dish, line it with parchment so it overhangs two sides, and butter the parchment.","To make the cake, sift the flour and baking powder into a bowl. Whisk in the sugar and salt. In another bowl, whisk together  3⁄4 cup warm water, the egg, oil, and vanilla until blended. Pour the wet ingredients into the dry ingredients and stir just until blended. The batter will be very thick. Spread the batter into the prepared dish in an even layer. Bake until a toothpick inserted into the center of the cake comes out clean, about 20 minutes. Let cool for 10 minutes in the dish on a wire rack, then remove from the dish and let cool completely. Remove the parchment and return the cake to the dish.","Put the ice cream in a bowl and stir with a large metal spoon to soften the ice cream until spreadable (make sure it doesn’t get overly soft and soupy). Spread the ice cream over the top of the cake into a thick, even layer.Cover with plastic wrap and freeze until firm, about 4 hours.","In a bowl, using an electric mixer fitted with the whisk attachment, whip the cream, sugar and vanilla on medium speed until medium-stiff peaks form.","Spread the whipped cream over the ice cream in an even layer. Drizzle with the caramel sauce. Cut into squares and serve."],"nutrition":{"calories":526,"fat":34.4,"saturatedFat":15.02,"transFat":0.05,"carbs":48.04,"fiber":0.98,"sugar":33.99,"protein":6.43,"cholesterol":122.21,"sodium":260.92}}