{"title":"Beet-Horseradish-Dill Spread","tags":["Horseradish","Beets","New Year's Eve","Healthy","Vegetarian","Condiments","Herbs","Sub / Sandwich","Appetizer","Party Planning","Dip","Easy"],"image":null,"servings":4,"rating":5.1,"description":"The flavors of Borscht make for a winning spread. Try it with smoked salmon and cream cheese or on your next turkey sandwich.\nThis recipe was featured as part of our Sandwich Spreads photo gallery.","totalTime":5,"ingredients":["2 medium roasted and peeled beets","2 teaspoons horseradish cream","2 teaspoons cider vinegar","1/4 cup olive oil","1 tablespoon finely chopped fresh dill","Kosher salt","Granulated sugar","Freshly ground black pepper"],"directions":["\nCombine the beets, a generous pinch of salt, a generous pinch of sugar, and black pepper to taste in a food processor fitted with a blade attachment and pulse until the beets are smooth, about 4 to 5 pulses.","\nAdd the horseradish cream and cider vinegar and, with the machine running, drizzle in the olive oil until the mixture is thick and spreadable.","\nAdd the dill and stir to combine."],"nutrition":{"calories":150,"fat":14.52,"saturatedFat":2.46,"carbs":4.9,"fiber":1.21,"sugar":3.57,"protein":0.76,"cholesterol":3.45,"sodium":33.83}}