{"title":"The Last Word","tags":["New Year's Eve","Dinner Party","Bachelorette Party","Gin","Liqueur","Lime Juice","Cocktails","Drink","Holidays","Ice","Easy"],"image":null,"servings":1,"description":"This Prohibition-era cocktail is equal parts herbaceous Chartreuse, gin, sweet maraschino liqueur, and sour lime juice. It’s complex, balanced, and totally satisfying.\nWhat to buy: Maraschino liqueur is a relatively dry liqueur with a subtle bitter-almond flavor; it can be found at any well-stocked liquor store.","totalTime":5,"ingredients":["3/4 ounce gin","3/4 ounce green Chartreuse","3/4 ounce freshly squeezed lime juice","3/4 ounce maraschino liqueur","Ice"],"directions":["\nPlace a cocktail glass in the freezer to chill.","\nPlace the gin, Chartreuse, lime juice, and maraschino liqueur in a cocktail shaker and fill it halfway with ice. Shake vigorously until the outside of the shaker is frosted. Strain into the chilled glass."],"nutrition":{"calories":192,"fat":0.14,"saturatedFat":0.05,"carbs":15.48,"fiber":0.09,"sugar":14.05,"protein":0.13,"sodium":4.25}}