{"title":"Spicy Pimm's Cup","tags":[],"image":null,"servings":1,"description":"This variation on the traditional Pimm’s cup calls for Ginger Beer – the spicier the better. Adding apple and orange slices bring a fruitiness to the party and the cucumber slices keeps it from being cloying.","totalTime":5,"ingredients":["3 ounces Pimm’s No. 1","Ginger Beer","Slice of cucumber","Slice of orange","Slice of apple","Mint spring for garnish"],"directions":["\nPour Pimm’s No. 1 into a highball filled with ice.","\nAdd cucumber, orange, and apple slices.","\nTop with Ginger Beer and garnish with mint sprig."]}