{"title":"Oshizushi/Pressed Sushi: Salmon Marinated in Seaweed/Shake Sushi Konbushime","tags":["Medium"],"image":null,"servings":1,"description":"How to make oshizushi/pressed sushi, the Japanese way!","totalTime":60,"ingredients":["Rice, rice vinegar, Sugar, salt","Black thick seaweed, light colourd thin seaweed"],"directions":["\nFor sushi rice preparation, check HERE","\nTwo types of konbu/seaweed are used: -Dark/black thick Konbu/Seaweed is bought dry and has to be softened in lukewarm water for a while. That particular step is very easy to learn. Keep in mind it is edible, although after marination, it should be discarded. -Thin, light coloured (almost transparent) is used as an ingredient both for taste and the finishing touch. If not available, you may replace it with fine green leaves. It is called “Kagome Konbu/かごめ昆布”. An even better light seaweed is called “Take Kawa Konbu/竹皮昆布/Bamboo Skin Seaweed” and is widely used by professionals. Both light coloured seaweeds have to be softened in lukewarm water, sponged off and spread into thin sheets first. But it is really worth the work!","\nAfter having softened the dark konbu, spread it over a clean working table and place the fresh (fresh, please!) salmon slices over one sheet and covering the lot with another sheet. Wrap it in cellophane paper and leave it in the fridge for at least 30 minutes.","\nDuring that time soften light seaweed in lukewarm water and spread it over a clean cloth.","\nLine the bottom of the oshibako/sushi press box with one layer of salmon (no dark seaweed!). Spread light seaweed over the salmon and spread a first layer sushi rice.","\nRepeat the same operation once more and press.","\nUnloose the sushi out of its box. The fish should be on top. Grill the top of the fish lightly with a hand burner just enough to change the colour. That step will enable to savour two different tastes at the same time!","\nPlace very thin slices of lemon (clean organic, please!) on top of the rice. It will abate the “fishy smell/taste”.","\nLay another layer of fine light seaweed over the top. Cut and serve!"]}