{"title":"Cuban Green Salad with Avocados","tags":["Salad","Avocados","Chicago Area","Miami","Cuban","Latin American","Healthy","Vegan","Vegetarian","Lettuce","Lunch","Appetizer","Side Dish","Make Ahead","Summer","Vegetables","Easy"],"image":null,"servings":8,"rating":5.1,"description":"The classic green salad gets some Latin flair with the addition of black beans, caramelized onions, avocados, and lime vinaigrette. At Nacional 27 in Chicago, it’s served as part of the restaurant’s Cuban Christmas menu, but it’d be a great side salad for anything from grilled fish to our Cuban Sandwich recipe.\nThis recipe was featured as part of our Supercharge with Superfoods photo gallery.","totalTime":25,"ingredients":["1/2 cup canola oil","2 medium red onions, halved lengthwise and thinly sliced","2/3 cup sherry vinegar","3 tablespoons freshly squeezed lime juice","1/2 cup extra-virgin olive oil","4 medium ripe tomatoes, cut into sixths","4 medium ripe avocados, halved lengthwise and cut crosswise into sixths","1 head romaine lettuce, torn into bite-size pieces","1 head Bibb lettuce, torn into bite-size pieces","1 head Boston lettuce, torn into bite-size pieces","1 cup cooked black beans"],"directions":["\nHeat 1/4 cup of the canola oil in a large frying pan over medium heat. When oil shimmers, add onions and cook, stirring occasionally, until golden brown and soft, about 10 minutes.","\nAdd 1/3 cup of the sherry vinegar, and scrape up any browned bits that have adhered to the bottom of the pan. Remove from heat and allow to cool.","\nMeanwhile, make the vinaigrette. Combine remaining 1/3 cup sherry vinegar and lime juice in a medium nonreactive bowl, and season with salt and freshly ground black pepper. While constantly whisking, pour in remaining 1/4 cup canola oil and olive oil in a slow, thin stream until dressing is well combined; set aside.","\nTo serve, combine cooled onions, tomatoes, avocados, lettuces, and black beans in a large bowl and toss. Add 3/4 of the vinaigrette and toss until greens are well coated. Taste, add more vinaigrette as desired, and season with salt and freshly ground black pepper.","#Beverage pairing: Veramonte Sauvignon Blanc Reserva, Chile. The clean, bright flavors and contrasting creamy/crunchy textures of the salad need the kind of do-it-all white wine that’s perfect for summer afternoon sipping. This inexpensive but well-made Sauvignon Blanc from Chile is that wine. With citrus, herbs, flowers, and some tanginess, it’s almost a salad dressing unto itself."],"nutrition":{"calories":475,"fat":42.45,"saturatedFat":5.11,"transFat":0.05,"carbs":22.62,"fiber":11.92,"sugar":4.87,"protein":6.3,"sodium":20.51}}