{"title":"Nelly's Porky Chicken Wings","tags":[],"image":null,"servings":4,"description":"What would make spicy chicken wings better? if they tasted like smoky, meaty bacon! These wings are marinated in bacon fat and a special marinade, that will have your taste buds SCREAMING for more!","totalTime":120,"ingredients":["1/4 cup flour","1/2 teaspoon smoked paprika","1/2 teaspoon cayenne pepper","1 teaspoon salt","1/4 cup Sriracha","3 tablespoons honey","1 cup bacon fat (read instructions as to how to obtain)","15-20 chicken wings"],"directions":["\nTo obtain bacon fat: preheat oven to 350F and layer smoked bacon strips (1 pound) on baking sheet. Cook until crispy and drain fat from strips. Reserve this fat. If it cools, bring to a liquid state by warming in sauce pot or microwave.","\nWhisk together bacon fat with all the ingredients except the chicken wings. Whisk until combined and pour over wings, slathering them and letting marinate for 10-15 minutes.","\nPreheat oven to 400F and cook wings until crispy on the outside and no longer pink on the inside. Serve by themselves or Ranch dressing!"]}