{"title":"White Cheddar and Bacon Mac &amp; Cheese","tags":[],"image":null,"servings":8,"description":"This is heavily adapted from a Tyler Florence recipe. Actually, I’ve never tried the original recipe as written- I made several changes the first time I tried it, and more the next time- you know how it goes!\nAnyway, this is what I ended up with. It’s definitely not diet-friendly, but everyone sure seems to love it.","totalTime":60,"ingredients":["1 lb large elbow macaroni","Kosher salt","1 qt half and half","2 or 3 sprigs fresh thyme","3 or 4 cloves garlic, smashed","1 lb thick-sliced bacon, cut into 1-inch pieces","1 medium yellow onion, chopped","Fresh thyme leaves, about 1-2 sprigs' worth","2 T unsalted butter","2-3 T all-purpose flour","1 1/2 lb white cheddar, shredded","1/4 cup parsley, chopped","1/2 tsp ground nutmeg","Fresh ground black pepper","1/2 cup Italian style panko breadcrumbs"],"directions":["\nBring a pot of salted water to a boil, add the macaroni, and cook til al dente (about 8-9 minutes). Drain.","\nIn a small saucepan, heat the half and half with the sprigs of thyme and the smashed garlic cloves.","\nIn a large bowl, mix together the macaroni, sauce, and bacon-onion mixture. Add the parsley, nutmeg and salt and pepper to taste. Pour into a large baking dish. Toss the remaining cheese with the breadcrumbs and scatter on top."]}