{"title":"Easy Shrimp Scampi","tags":["Shrimp","Italian","Pasta","Seafood","Dinner Party","Butter","Shellfish","Lemons","Garlic","Dinner","Appetizer","Italian-American","Weeknight Dinner","Pescatarian","Main Dish","Easy"],"image":null,"servings":2,"rating":4.1,"description":"The perfect shrimp scampi recipe calls for a simple mix of garlic, shrimp, butter and wine. It’s a delicious 15-minute recipe that can be served over pasta or as a first course with crusty bread and a Caesar Salad.","totalTime":15,"ingredients":["3 tablespoons unsalted butter","2 garlic cloves, minced","Kosher salt","Freshly ground black pepper","1/4 cup dry white wine or vermouth","1 pound raw, peeled, deveined shrimp with tails on (thawed, if frozen)","Pasta, crusty bread, or rice, for serving (optional)","2 teaspoons coarsely chopped Italian parsley, for garnish","Lemon wedges, for garnish"],"directions":["\nMelt the butter in a large frying pan over medium heat until foaming. Add the garlic, season with salt and pepper, and cook, stirring occasionally, until fragrant, about 30 seconds.","\nAdd the wine or vermouth and cook until the alcohol smell has cooked off, about 1 minute. Add the shrimp and cook, turning occasionally, until pink and opaque, about 3 to 4 minutes.","\nServe over pasta, crusty bread, or rice, if desired, and garnish with parsley and lemon wedges."],"nutrition":{"calories":335,"fat":19.61,"saturatedFat":11.55,"transFat":0.74,"carbs":4.06,"fiber":0.27,"sugar":0.22,"protein":31.34,"cholesterol":331.56,"sodium":1287.6}}