{"title":"Tuaca-Mascarpone Cream","tags":["Christmas","Thanksgiving","Valentine's Day","Dessert","Cakes","Holidays","Cheese","Easy"],"image":null,"servings":8,"description":"Sometimes chantilly cream just doesn’t have enough pizazz to top off an understated dessert. With the added flavor and richness of mascarpone cheese and an orange-vanilla kick from Tuaca, this cream takes a simple dessert like Pandoro to the next level.\nWhat to buy: Tuaca is a vanilla-flavored brandy made in Italy. It can be found at most high-end liquor stores.\nGame plan: Feel free to adjust the Tuaca, sugar, and almond extract to suit your tastes. The Tuaca can be left out completely (or another liqueur added), and the almond extract replaced with 1 teaspoon vanilla, if desired.","totalTime":5,"ingredients":["1 cup heavy cream","8 ounces mascarpone cheese","3 tablespoons granulated sugar","2 tablespoons Tuaca","1/2 teaspoon almond extract"],"directions":[],"nutrition":{"calories":219,"fat":20.71,"saturatedFat":12.32,"carbs":6.74,"sugar":6.49,"protein":2.29,"cholesterol":71.94,"sodium":114.85}}