{"title":"Coq au Vin","tags":["Hanukkah","French","Jewish","Braising","Slow Cooking","Chicken","Dinner","Leftovers","Holidays","Food and Dating","Fall","Winter","Comfort Food","Main Dish"],"image":null,"servings":4,"rating":5.1,"description":"The deep, earthy flavor and fragrance of the porcini mushroom powder complements the wine and herbs perfectly in this chicken and wine stew. This is a terrific example of a recipe that is enhanced by the slow cooker—it just gets better the more time the ingredients mingle. I prefer using the slow cooker for this even when I have time to tend the pot. The flavors are deeper and more layered when made in the slow cooker.\nVariation: You can enjoy this elegant dinner any night of the week. The pearl onions and mushrooms can be cooked up to 2 days ahead and stored, covered, in the refrigerator. The chicken and vegetables can be browned, combined with the other ingredients, and stored, covered, over­night in the refrigerator in a Dutch oven or casserole. (Do not store the ingredients in the slow cooker insert.)\nThe next day, transfer the ingredients to the insert. Allow the ingredients to come to room temperature before cooking. Continue with the recipe as written.\nSuggested Accompaniments: Mashed potatoes, garlic-roasted potatoes, steamed rice, pasta, toasted baguette slices rubbed with olive oil and garlic.\nThis dish was featured as part of our Hanukkah Recipes photo gallery.","ingredients":["Olive oil","8 ounces cremini mushrooms, quartered","8 skin-on, bone-in chicken thighs","Kosher salt and freshly ground black pepper","1/4 cup all-purpose flour","2 tablespoons Porcini Dust (recipe below)","1 large Spanish onion, chopped","2 medium shallots, chopped","2 medium carrots, peeled and chopped","2 celery stalks, chopped","6 garlic cloves, chopped","1 bottle (750 ml) dry red wine such as pinot noir","3 tablespoons tomato paste","1 cup chicken stock","Bouquet garni of 6 thyme sprigs, 1 bay leaf, and 6 parsley sprigs, tied together with kitchen twine","3 cups pearl onions (about 3/4 pound), peeled and sautéed","","#For the Porcini Dust:","Makes about 3 tablespoons dust from 1 ounce dried porcini mushrooms. This highly flavorful seasoning can be sprinkled on meat and vegetables during cooking.","#","1 ounce (1/4 cup) dried porcini mushrooms","#","Process the mushrooms to a powder in a blender or food processor. Sift out any large pieces and reprocess them. Sift the final powder through a fine-mesh strainer. Store in a tightly covered container away from light for up to 3 months."],"directions":["\nPreheat a slow cooker to Low. Place a large sauté pan over medium-high heat. Lightly coat the bottom of the pan with olive oil. Cook the mushrooms until they are browned and very fragrant, about 5 minutes. Reserve the mushrooms in a covered container. Turn off the heat under the sauté pan.","\nPat the chicken pieces dry with paper towels. Lightly season the chicken with salt and pepper. Mix together the flour and porcini dust. Dredge the chicken pieces in the flour mixture. Return the sauté pan to medium heat and add more oil if necessary. Brown the chicken pieces, in batches, on both sides, about 7 minutes per side. Transfer each batch of chicken to the insert. When all of the chicken has been browned, drain off all but 2 tablespoons of the fat.","\nCook the onion, shallots, carrots, and celery in the sauté pan, in batches, until the vegetables are lightly colored, about 5 minutes per batch. Season each batch with salt and pepper. Add the garlic to the last batch and cook for 3 minutes more until the garlic is very fragrant and has softened slightly. Transfer each batch of vegetables to the insert.","\nIncrease the heat under the sauté pan to medium-high and add the wine. Scrape up any browned bits with a wooden spoon. Transfer the wine to the insert. Add the tomato paste, stock, and bouquet garni to the insert. Stir to combine. Cover and cook on Low for 8 hours, until the chicken is very tender.","\nGently remove the chicken pieces to a serving platter and set aside to keep warm, tented with foil. Pour the braising liquid through a fine-mesh strainer into a large saucepan. Press on the vegetables to get all of the liquid, then discard the vegetables. Skim off and discard the fat. Bring the liquid to a boil, then simmer until about 2 cups remain.","\nAdd the pearl onions and mushrooms to the sauce to warm them. Spoon the sauce over the chicken and serve with your choice of accompaniment."]}