{"title":"Double Chocolate–Caramel Cookies","tags":["Caramel","Christmas","Baking","Dessert","Dinner Party","Bake Sale","Espresso","Candy","Chocolate","Vegetarian","Dairy","Eggs","Cookies","Make Ahead","Holidays","Cocktail Party","Easy"],"image":null,"servings":36,"description":"These easy chocolate cookies are great on their own. But press a caramel candy into the center of each, and you’ve got an irresistible pairing.","totalTime":35,"ingredients":["5 ounces bittersweet chocolate","2 1/2 cups all-purpose flour","2 tablespoons unsweetened cocoa powder","1 teaspoon baking soda","3/4 teaspoon kosher salt","1/2 teaspoon espresso powder","12 tablespoons unsalted butter (1 1/2 sticks), at room temperature","1 cup granulated sugar","1 teaspoon vanilla extract","2 large eggs, at room temperature","18 soft caramel candies, such as Brach’s, halved"],"directions":["\nHeat the oven to 375°F and arrange a rack in the middle. Melt chocolate in a small saucepan over low heat, stirring occasionally; remove from heat and set aside.","\nWhisk together flour, cocoa powder, baking soda, salt, and espresso powder in a medium mixing bowl to aerate and break up any lumps. Set aside.","\nCombine butter and sugar in the bowl of a stand mixer fitted with a paddle attachment and cream by mixing on medium speed until light and fluffy, about 3 to 5 minutes. Add vanilla extract and blend well. Scrape down the bowl and add eggs one at a time, mixing well after each addition.","\nPut mixer on low and add melted chocolate. Add flour mixture and mix until just incorporated. Drop dough by rounded tablespoons onto an ungreased baking sheet, then press half a caramel into the center of each cookie. Bake until cookies are puffed and set, about 8 minutes. Transfer to a rack and let cool slightly."],"nutrition":{"calories":111,"fat":5.41,"saturatedFat":3.25,"transFat":0.16,"carbs":14.91,"fiber":0.58,"sugar":7.75,"protein":1.51,"cholesterol":20.51,"sodium":61.16}}