{"title":"The Aphrodite","tags":["New Year's Eve","Christmas","Thanksgiving","Dinner Party","Sherry","Dairy Free","Cocktails","Drink","Holidays","Ice","Easy"],"image":null,"servings":1,"description":"This fortified wine cocktail with deep caramel flavors is a twist on the Adonis cocktail, which usually uses fino sherry and sweet vermouth. Here, we stir together rich cream sherry, both dry and sweet vermouths, and some orange bitters, then garnish with an orange twist.","totalTime":5,"ingredients":["1 ounce cream sherry (a.k.a. oloroso sherry)","1 ounce dry vermouth","1 ounce sweet vermouth, such as Carpano Antica","2 dashes orange bitters","Ice","Orange twist, for garnish"],"directions":["\nPlace a cocktail glass in the freezer to chill.","\nPlace the sherry, vermouths, and bitters in a cocktail shaker filled halfway with ice. Stir briskly with a barspoon until thoroughly chilled, about 30 seconds. Strain into the chilled glass. Garnish with the orange twist."],"nutrition":{"calories":95,"carbs":5.42,"sugar":2.65,"protein":0.1,"sodium":5.4}}