{"title":"Spiced Cranberry Sangría","tags":["Sangría","Cranberries","Cocktails","Philadelphia","Christmas","Thanksgiving","Halloween","Spanish","Tailgating","Rosé","Punch","Infusion","Apples","Drink","Make Ahead","Holidays","Batch Cocktail","Fall","Cocktail Party","Easy"],"image":"https://search.chow.com/thumbnail/1200/0/www.chowstatic.com/assets/2014/11/13694_RecipeImage_Spiced_Cranberry-Sangria_3000.jpg","servings":6,"rating":3.7,"description":"By dressing up classic Spanish sangría with Spiced Simple Syrup and tart cranberries, Chef Jose Garces of Philadelphia has created an ideal cocktail for a winter holiday celebration. It’s best to start the day before you plan to serve the sangría, by macerating fresh cranberries and diced Granny Smith apples in the simple syrup. Next day, add a bottle of Tempranillo rosé, and a half cup each of port wine, Cointreau, and cranberry juice. Chill, and let the party begin.\nIngredient note: Tempranillo rosé has a fruity profile with a hint of herbaceous complexity. A fruitier Grenache rosé, from Spain’s Rioja region, also works beautifully.\nGame plan: Try using any leftover Granny Smith apples in our classic apple crisp for a killer dessert pairing.\nFor more thirst-quenching inspiration, check out our Ruby Sangría, Mom’s Sangría, and White Peach Sangría recipes.","totalTime":5,"ingredients":["#For the fruit:","2 cups fresh cranberries","2 Granny Smith apples, large dice","1/2 cup Spiced Simple Syrup (recipe link in intro)","3/4 cup Cointreau","1/2 cup ruby port wine","#For the sangría:","1 (750-milliliter) bottle Tempranillo rosé","1/2 cup port wine (a good-quality port blend, such as W. & J. Graham’s Six Grapes Reserve Port, is ideal)","1/2 cup Cointreau","1/2 cup cranberry juice"],"directions":["#To macerate the fruit:","Combine all of the ingredients in a 3-quart container with a tightfitting lid.","Cover and refrigerate at least 4 hours, preferably overnight.  ","#To assemble the sangría:","Add all of the ingredients to the chilled fruit mixture and stir to combine.  ","Refrigerate until well chilled; serve as is or over ice. "],"nutrition":{"calories":374,"fat":0.19,"saturatedFat":0.01,"carbs":41.12,"fiber":3.46,"sugar":32.25,"protein":0.55,"sodium":25.31}}