{"title":"Easy Spinach Dal (Dhal, Dhall)","tags":["Spinach","Indian","Rice","Vegetarian","Dairy","Spices","Peas","Side Dish","Leftovers","Weeknight Dinner","Winter","Comfort Food","Vegetables","Main Dish","Easy"],"image":null,"servings":4,"rating":4.6,"description":"The Hindi word dal is a catchall name for over 60 varieties of dried peas, beans, and lentils, as well as the name of the vegetarian dish they appear in. In this version, yellow split peas are simmered in water until completely broken down, and brightened up with lemon juice. Then, cumin seeds and turmeric are sizzled in butter along with garlic, ginger, and serrano chile to add color, heat, and texture to the dish. Add some chopped spinach to the infused butter, cook until wilted, and stir it all into the dal. This filling recipe makes a generous amount, so be sure to steam plenty of rice for leftovers.\nWhat to buy: This dal is made with yellow split peas (called channa dal), but you can substitute other varieties like red or green lentils or split chickpeas. Find them in the bulk or ethnic section of most well-stocked grocery stores or online. Just make sure to taste the dal for consistency while it’s simmering and adjust the cooking time as needed.\nGame plan: This dal recipe has mild spicing, but if you want to crank up the heat, add another serrano or two.","totalTime":70,"ingredients":["2 cups yellow split peas (about 14 ounces)","8 cups water","2 tablespoons freshly squeezed lemon juice (from about 1 medium lemon)","2 teaspoons kosher salt, plus more as needed","8 tablespoons unsalted butter (1 stick)","2 teaspoons cumin seeds","1 1/2 teaspoons turmeric","5 medium garlic cloves, peeled and finely chopped","1/4 cup peeled and finely chopped fresh ginger (from about a 4-inch piece)","1 medium serrano chile, stemmed and finely chopped","8 ounces baby spinach, washed and coarsely chopped","Steamed rice or naan, for serving"],"directions":["\nPlace the split peas in a fine-mesh strainer and rinse thoroughly under cold water. Transfer to a large saucepan, add the measured water, and bring to a boil over high heat.","\nReduce the heat to medium low and simmer, stirring occasionally and skimming any scum off the surface with a large spoon, until the peas are completely soft and the consistency of split pea soup, about 45 minutes. Remove from the heat and stir in the lemon juice and measured salt; set aside.","\nHeat the butter in a medium frying pan over medium heat until foaming. Add the cumin seeds and turmeric and cook, stirring occasionally, until the cumin seeds are toasted and fragrant and the butter is very foamy, about 3 minutes. Add the garlic, ginger, and serrano; season with salt; and cook, stirring occasionally, until the vegetables have softened, about 2 to 3 minutes. Add the spinach, season with salt, and cook, stirring occasionally, until the spinach is completely wilted, about 4 minutes.","\nTransfer the spinach mixture to the reserved saucepan with the split peas and stir to combine. Serve immediately with steamed rice or naan on the side."],"nutrition":{"calories":586,"fat":24.77,"saturatedFat":14.84,"transFat":0.93,"carbs":69.43,"fiber":27.19,"sugar":8.63,"protein":26.19,"cholesterol":61.06,"sodium":1039.72}}