{"title":"Ahi Tuna Poke","tags":["Tuna","New Year's Eve","Thanksgiving","Asian","No-Cook","Seafood","Dinner Party","Bridal Shower","Healthy","Low Fat","Raw","Fish","Appetizer","Summer","Pescatarian","Cocktail Party","Easy"],"image":null,"servings":4,"rating":3.6,"description":"A Polynesian favorite, ahi tuna poke makes a great starter, especially when served with crispy Furikake Wonton Crisps. To keep the poke cold, chill the serving dish ahead of time and nestle it in a larger bowl filled with ice to serve.\nWhat to buy: Togarashi powder, a Japanese mixture of spices that always contains chiles, can be found in ethnic markets. (It may also be labeled shichimi togarashi.) Or you can make your own.","totalTime":15,"ingredients":["1 pound sushi-grade ahi tuna, also known as yellowfin tuna","1/2 cup diced English cucumber (1/8-inch cubes)","3 scallions, finely chopped (white and light green parts only)","3 tablespoons freshly squeezed lime juice (from 2 medium limes)","2 tablespoons soy sauce","4 teaspoons toasted sesame seeds","1 1/2 teaspoons grated fresh ginger","1 teaspoon toasted sesame oil","Salt","Togarashi (see What to Buy note) or freshly ground black pepper","Furikake Wonton Crisps (see recipe intro), for serving"],"directions":["\nPlace a serving dish in the refrigerator to chill, at least 30 minutes.","\nTrim any dark flesh and fat from the tuna and discard. Dice into 1/4-inch cubes and place in a large bowl.","\nAdd cucumber, scallions, 2 tablespoons of the lime juice, soy sauce, 3 teaspoons of the sesame seeds, ginger, and sesame oil and stir gently to combine. Season with salt, togarashi or pepper, and remaining 1 tablespoon lime juice as desired.","\nTransfer to the chilled serving dish and sprinkle with the remaining 1 teaspoon sesame seeds. Serve immediately with wonton crisps."],"nutrition":{"calories":164,"fat":3.29,"saturatedFat":0.58,"transFat":0.02,"carbs":3.53,"fiber":0.84,"sugar":0.73,"protein":29.21,"cholesterol":44.23,"sodium":493.2}}