{"title":"Deep Dish Fresh Blueberry Pie","tags":["Easy"],"image":null,"servings":1,"description":"Easy as pie Blueberry Pie. Try to use only fresh berries for this recipe. It makes a big difference! Use Chilean fresh blueberries if making this pie during the winter months.","totalTime":75,"ingredients":["1-1/2 cups sugar","6 Tbs quick-cooking Tapioca","8 cups Fresh Chilean Blueberries","Juice of 1 orange","Pastry dough for a large double crust pie","1 egg mixed w/ 1 tablespoon milk"],"directions":["\nPreheat oven to 375.","\nIn a large mixing bowl toss together sugar, tapioca, Blueberries & juice. Roll out pastry bottom on a well-floured surface to fit in pie dish. Place in the bottom of a 9-½ inch deep-dish pie plate. Spoon filling into pie dish. Chill while rolling out top layer of pastry. Cut out 5 or 6 small wholes in pastry top using a decorative cookie cutter. Gently roll dough onto top of pie. Crimp edges of pastry to form a tight seal & decorative trim. Brush pie with egg & milk wash.","\nBake Pie on a tray for 45 to 50 minutes. The blueberry filling should be bubbly & the crust golden brown."]}