{"title":"Harissa-Marinated Tri-Tip Roast","tags":["Christmas","4th of July","Father's Day","Marinating","Roasting","Dinner Party","Picnic","Beef","Spices","Dinner","Make Ahead","Food and Dating","Summer","Main Dish","Easy"],"image":null,"servings":4,"description":"A simple marinade spices up tri-tip, a relatively inexpensive cut of beef, to create a quick yet substantial meal. Serve with Mashed Sweet Potatoes with Ginger, Cardamom, and Honey.\nWhat to buy: Harissa is a fiery Tunisian spice paste that ranges in consistency from smooth to slightly chunky. It’s available in tubes and jars in many Middle Eastern and gourmet markets, or online. You can also make your own.","totalTime":70,"ingredients":["1/4 cup harissa paste","1 teaspoon sherry vinegar","1 tablespoon kosher salt","Heaping 1/4 teaspoon freshly ground black pepper","1/4 cup plus 1 tablespoon olive oil","3 medium garlic cloves, minced","1 (2-pound) beef tri-tip roast"],"directions":["\nIn a nonreactive bowl, stir together harissa, vinegar, salt, pepper, 1/4 cup of the olive oil, and garlic until well blended. Rub marinade all over tri-tip, coating it well. Place tri-tip in a nonreactive dish and cover with plastic wrap or put the roast in a large resealable plastic bag. Allow to marinate in the refrigerator 8 to 12 hours.","\nHeat the oven to 375°F and arrange a rack in the middle. Remove tri-tip from the refrigerator and let sit at room temperature for 30 minutes.","\nHeat remaining 1 tablespoon olive oil in a large ovenproof frying pan over medium-high heat. Sear tri-tip for about 2 minutes per side or until nicely browned. Place the frying pan in the oven and roast tri-tip until it reaches an internal temperature of 125°F for medium rare, about 20 to 22 minutes.","\nRemove tri-tip from the oven and cover loosely with foil. Let rest 15 minutes before carving. Slice across the grain and serve.","#Beverage pairing: Massena Moonlight Run GSM, Barossa Valley, Australia. A lushly fruited red with a good dose of aromatic spice is a solid match with the tri-tip. Wines like this can be found in Australia’s Barossa Valley. GSM stands for the blend of Grenache, Syrah, and Mourvèdre grapes."],"nutrition":{"calories":551,"fat":38.55,"saturatedFat":10.27,"carbs":1.43,"fiber":0.19,"sugar":0.41,"protein":47.11,"cholesterol":154.22,"sodium":610.74}}