{"title":"Fresh Strawberry Squares","tags":["Easy"],"image":null,"servings":12,"description":"These squares are delicious and very easy to make. When I have fresh strawberries I am always looking for new recipes and I found this one in the local newspaper.","totalTime":120,"ingredients":["3/4 cup butter","1/4 cup sugar","1-1/2 cups flour","1/2 teaspoon salt","2 cups sliced fresh strawberries","1 egg","3/4 cup brown sugar","1/2 teaspoon vanilla","1/2 cup flaked coconut"],"directions":["\nMix first 4 ingredients and press down in a well greased 9-in. square pan. Blend well next 5 ingredients and spread evenly over crust in pan. Bake at 375 F. for 45-50 minutes, or until topping has set. Cut into squares, serve warm or cold, with a dollop of cream.","\nSee more recipes at: www.havefunbaking.com And check out: www.lovetobakeandcook.blogspot.com"]}