{"title":"Gluten Free \"Molasses\" Spice Cookies","tags":["Easy"],"image":null,"servings":null,"description":"These Gluten Free “Molasses” Spice Cookies were inspired by Dorie Greenspan’s delicious looking Molasses Spice Cookies which I saw in a recent Parade Magazine. I read Parade every weekend (it comes in our local paper), and I especially enjoy checking out the recipes in it and then renovating them for my gluten free higher protein desires.","totalTime":20,"ingredients":["1 ½ cups blanched almond flour","¼ teaspoon celtic sea salt","¼ teaspoon baking soda","1 teaspoon ginger","½ teaspoon cinnamon","¼ cup grapeseed oil","¼ cup yacon syrup"],"directions":["\nCombine dry ingredients in a large bowl","\nStir together wet ingredients in a smaller bowl","\nMix wet ingredients into dry","\nScoop onto the parchment lined baking sheet one tablespoon at a time","\nBake at 350° for 8 minutes","\nCool and serve"]}