{"title":"Yogurt Trifle with Pomegranate, Pear, and Dates","tags":["Yogurt","Dates","Breakfast","Healthy","Pomegranates","Fruit","Honey","Brunch","Fall","Comfort Food","Easy"],"image":null,"servings":1,"description":"Trade in your tired bowl of cereal for a combination of tart yogurt, juicy pears, sweet dates and honey, and crunchy pomegranate seeds. It’s a simple, inspired breakfast that can be made in 15 minutes or less, and can easily be doubled to serve a brunch crowd. Add our Granola recipe for an extra crunch and more filling cup. For a fancier presentation, use small glasses for individual servings.\nThis recipe was featured as part of our Fall Ingredients photo gallery.","totalTime":15,"ingredients":["3/4 cup plain yogurt","3/4 cup small-dice pear","3 tablespoons pitted small-dice Medjool dates","1/2 cup fresh pomegranate seeds","3 tablespoons honey"],"directions":[],"nutrition":{"calories":554,"fat":7.2,"saturatedFat":3.98,"carbs":124.82,"fiber":9.73,"sugar":110.88,"protein":9.17,"cholesterol":23.89,"sodium":91.13}}