{"title":"Tiramisu Dip","tags":["Dip","Super Bowl","Academy Awards","March Madness","Dessert","Dinner Party","Espresso","Appetizer","Snack","Italian-American","Party Planning","Easy"],"image":null,"servings":7,"rating":4.6,"description":"By turning tiramisu into a dip, you skip all the hassle of making the traditional trifle without losing any of the flavor. We liked strawberries and various cookies as dipping instruments, but the dip could also be spooned into individual cups with a few ladyfingers for a quick, elegant dessert.\nGame plan: The dip can be made up to 2 days in advance and refrigerated in a covered container.\nThis recipe was featured as part of our story on summer dips.","totalTime":10,"ingredients":["12 ounces mascarpone cheese (about 1 1/2 cups)","8 ounces ricotta cheese (about 1 cup)","1/2 cup granulated sugar","2 tablespoons brewed espresso","2 tablespoons Marsala or Kahlúa","1 teaspoon cocoa powder","1/2 cup finely chopped bittersweet chocolate"],"directions":["\nPlace mascarpone in a stand mixer fitted with a whisk attachment and whip on low speed until smooth, about 30 seconds. Add ricotta, sugar, espresso, and Marsala or Kahlúa. Increase speed to high and beat until stiff peaks form, about 3 minutes.","\nTransfer to a shallow 1-quart serving dish and dust with cocoa powder, then sprinkle chopped chocolate over cocoa. Serve with strawberries or assorted cookies."],"nutrition":{"calories":351,"fat":25.08,"saturatedFat":14.58,"carbs":25.97,"fiber":0.83,"sugar":22.71,"protein":7.47,"cholesterol":71.81,"sodium":210.64}}