{"title":"Bellyslide Belgian Ice Cream Cakelette","tags":[],"image":null,"servings":4,"description":"A grown up ice cream cake. Supermoist layer of orange cake below honey-clove ice cream all atop Blue Moon syrup. Beer + dessert = crazy delicious","totalTime":120,"ingredients":["#For Ice Cream Layer","1/2 gallon vanilla ice cream","1/2 tsp ground cloves","1 tsp cinnamon","2 tbsp honey","1/2 tsp orange extract","Pinch nutmeg","#For Cake Layer","Zest of 2 oranges","1/2 c butter, softened","3/4 c + 2 tbsp granulated sugar","2 eggs, separated","1/2 c orange juice","1/4 c Blue Moon Original or Honey Summer Wheat","1 c + 2 tbsp all purpose flour","1-1/2 tsp baking powder","1/4 tsp salt","#For Syrup","1/2 c orange juice","1/2 c Blue Moon Original or Honey Summer Wheat, close to room temperature (gasp!)","3/4 c granulated sugar","1/4 tsp ground cloves","1/2 tsp cinnamon","3 tbsp honey"],"directions":["\nFor Ice Cream Layer: Allow ice cream to soften or microwave on high for 15 seconds","\nIn mixing bowl, mix ice cream on low with ground cloves, cinnamon, nutmeg, honey, orange extract until just incorporated","\nLine 8×8 inch pan with parchment paper and pour mixture into pan. Place in freezer until firm, about 60-90 minutes.","\nFor Cake Layer: Heat oven to 350 degrees","\nIn mixing bowl, beat softened butter on low with sugar until creamed","\nAdd orange zest","\nAdd egg yolks, one at a time until just incorporated","\nIn separate bowl, mix orange juice with Blue Moon","\nSift together flour, baking powder, and salt","0\nBeginning and ending with orange juice mixture, alternate adding orange juice and flour mixture to butter/sugar/egg batter","1\nIn (yet) another bowl, beat egg whites until soft peaks form","2\nFold 1/3 egg whites into batter, then fold in remaining egg whites","3\nPour batter into greased and floured 8×8 inch pan","4\nBake at 350 for 35 minutes or until cake bounces back when pressed. Allow to cool","5\nFor syrup: In small saucepan over medium heat, whisk together orange juice, blue moon, sugar, ground cloves, cinnamon, and honey","6\nContinue to simmer mixture until it is reduced by half, approximately 30-40 minutes whisking frequently and watching closely to avoid boiling over","7\nRemove from heat and set aside to let thicken up to maple syrup consistency","8\nPour small amount of syrup onto serving plate. Using 3 inch circular biscuit cutter (or whatever’s handy), cut out disc of cake from pan. Place onto syrup","9\nRemove ice cream pan from freezer. Run biscuit cutter under warm water and use to cut out disc of ice cream. Place ice cream disc on cake. Drizzle with syrup","0\nGarnish with candied or regular orange zest. Serve quickly, and enjoy!"]}