{"title":"Chicken Peaches + Greek Yogurt sauce. ","tags":[],"image":null,"servings":4,"description":"Drink it with a glass of Montepulciano D’ Abbruzzo.","totalTime":30,"ingredients":["4 Chicken breasts fillet","6-8 Tablespoons EVOO","Parsley","salt and black pepper","1 Cup of all purpose flour","2 white peaches","1 T. Greek Yogurt","1 Glass of Montepulciano di Abruzzo 8 oz.","1/2 pound of Apple wood smoked bacon","1 cup of Shallots","1/4 pound of Jamon cerrano","1/4 Pound of Manchego Cheese 3 months aged"],"directions":["\nThe night before cut the peaches into small cubes. Pour into a glass and cover with wine. Let sit overnight 10 hours in the fridge.","\nDust the chicken breasts with the flour ;","\nTake the Chicken and pan fried with two tablespoons of olive oil. Cook both sides. About 4 minutes each side. After you cook set aside and cover dish with aluminum foil. ;","\nTake the bacon into a pan and cook with no added oils. The bacon will release ntural fats. That are very yammy. Cut the shallots now, into thin long pieces. Carmelieze the onions. Then Add the onions tot the bacon and add the garlic and parsley . Cook for 5 minutes a medium low heat. Now, add the peaches. and stir well. cover with top and simmer on low for 10 minutes. Add 1 tablespoon of greek yogurt to the sauce ad stir well.","\nAt this time add the chicken breast to the bacon +wine peach sauce and cover let it cook together for 5 minutes.","\nPresenation is very important. Place the chicken in the middle of the plate. Add the peach wine sauce to the chicken shave two tablespoon of manchego cheese and fresh jamon cerrano ham."]}