{"title":"Asparagus, Green Bean, and Wax Bean Salad","tags":["Asparagus","Super Bowl","Easter","Memorial Day","Father's Day","Picnic","Dairy Free","Gluten Free","Healthy","Vegan","Vegetarian","Side Dish","Snack","Weeknight Dinner","Spring","Summer","Easy","White Wine Vinegar"],"image":null,"servings":6,"rating":3.1,"description":"An easy salad of warm-weather veggies that tastes as if you slaved over it. Feel free to riff on the recipe by adding other herbs, vegetables, or whatever else you can come up with. Try it with our easy Grilled Salmon.\nGame plan: The salad can be made up to 8 hours ahead, though you may want to mix the chives in at the last minute so they don’t wilt or discolor.\nThis recipe was featured as part of both our Dude Food for Dad’s Day menu and our Picnic Recipes photo gallery.","totalTime":20,"ingredients":["1 pound green beans, ends trimmed and cut on the bias into 1-1/2-inch lengths","1 pound yellow wax beans, ends trimmed and cut on the bias into 1-1/2-inch lengths","1 pound asparagus, ends trimmed and cut on the bias into 1-1/2-inch lengths","1/4 cup thinly sliced fresh chives","3 tablespoons white wine vinegar","2 teaspoons kosher salt","1 teaspoon granulated sugar","1/2 teaspoon freshly ground black pepper","1/3 cup olive oil"],"directions":["\nPrepare an ice water bath by filling a large bowl halfway with ice and water; set aside. Bring a large pot of heavily salted water to a boil over high heat.","\nAdd green beans to the pot and cook until just tender, about 2 to 3 minutes. Remove with a slotted spoon to the ice water bath and let cool, about 4 to 5 minutes. Remove beans from the ice water bath and spread out on a clean kitchen towel or a paper towel to dry. Repeat with wax beans and asparagus, adding more ice to the ice water bath in between batches.","\nWhile the beans are drying, combine chives, vinegar, salt, sugar, and pepper in a large, nonreactive bowl. While whisking, add oil in a steady stream until completely incorporated.","\nAdd beans and asparagus to vinaigrette and toss gently to combine. Serve at room temperature or chilled."],"nutrition":{"calories":173,"fat":12.37,"saturatedFat":1.75,"carbs":14.51,"fiber":6.3,"sugar":4.63,"protein":4.51,"sodium":579.37}}