{"title":"Bobby Burns Cocktail","tags":["Cocktails","Drink","Easy"],"image":"https://search.chow.com/thumbnail/1200/0/www.chowstatic.com/assets/2015/03/10333_bobby_burns.jpg","servings":1,"description":"For this classic Bobby Burns cocktail recipe, adapted from The Essential Cocktail, Scotch whisky is stirred with vermouth and Bénédictine over ice.","totalTime":5,"ingredients":["2 ounces good-quality blended Scotch whisky","3/4 ounce sweet vermouth","1/2 ounce Bénédictine","Lemon twist"],"directions":["Add the Scotch, vermouth, and Bénédictine to a mixing glass with ice. Stir, then strain into a chilled cocktail glass.","Garnish with the lemon twist and serve.  "]}