{"title":"Raspberry Coulis","tags":["Raspberries","Valentine's Day","Dessert","Vegan","Vegetarian","Condiments","Sauces","Fruit","Cakes","Summer","Easy"],"image":null,"servings":4,"rating":4.6,"description":"This versatile sauce is simple to make, yet fancies up whatever you add it to. It can be served with vanilla ice cream, pound cake, berry cake, a chocolate tart, or a molten lava cake.","totalTime":15,"ingredients":["2 (10-ounce) packages frozen raspberries, thawed (about 3 1/2 cups)","1/3 cup granulated sugar","Pinch fine salt"],"directions":["\nPlace a small plate in the freezer (you will need it to check the sauce consistency).","\nPlace all ingredients in a medium saucepan and bring to a boil over medium-high heat, stirring often. Reduce the heat to medium and simmer for about 3 minutes. Check the consistency of the sauce by placing a spoonful on the cold plate. Let it cool slightly, then run a finger through the sauce. If it holds the line of your finger, it’s is ready. If not, continue to simmer and thicken the sauce until it does hold the line.","\nSet a fine-mesh strainer over a medium heatproof bowl and strain the raspberry mixture, pressing on the solids with a spoon or rubber spatula; discard the solids. Let the sauce cool before serving."],"nutrition":{"calories":128,"fat":0.8,"carbs":31.29,"fiber":7.96,"sugar":22.05,"protein":1.47,"sodium":74.06}}