{"title":"Easy Cinnamon Rolls","tags":["Cinnamon","Dessert","Easy"],"image":"https://search.chow.com/thumbnail/1200/0/www.chowstatic.com/assets/recipe_photos/31012_cinnamon_dough_balls_1.jpg","servings":10,"description":"Homemade cinnamon rolls hot from the oven are a rare treat. But it takes time and organization to mix the dough, knead it, and let it rise, even before you have to shape the rolls and let them rise again. You can speed up the process by starting with store-bought pizza dough. Just roll out the dough, lavish it with butter and sugar, sprinkle with cinnamon, cut and shape, and let rise while you heat up the oven. You can go from bed to the best breakfast ever in about 2 hours.\nWhat to buy: We designed these around premade pizza dough, available in 14- or 16-ounce bags at well-stocked groceries. If you’d like to make your own, you’ll need two-thirds of our recipe for Basic Pizza Dough.\nThis recipe was featured as part of our project to Turn Store-Bought Pizza Dough Into Sweet Treats!","totalTime":105,"ingredients":["1 pound store-bought pizza dough","2 tablespoons softened unsalted butter, plus more for coating the baking dish","3 tablespoons light or dark brown sugar","Ground cinnamon"],"directions":["Coat a baking dish with butter and set aside.","Roll out your pizza dough to 1/3 inch thick.","Brush the butter over the entire surface, then sprinkle evenly with the brown sugar and a generous amount of cinnamon. Cut the dough into 10 strips and roll up each into a spiral.","Arrange in the prepared baking dish, leaving 2 inches between each roll to allow for expansion, and set aside to rise for about 1 hour.","Bake at 350 degrees Fahrenheit until risen, brown, and bubbly, about 30 minutes."],"nutrition":{"calories":154,"fat":3.89,"saturatedFat":1.85,"transFat":0.09,"carbs":25.51,"fiber":1.31,"sugar":3.06,"protein":4.03,"cholesterol":6.11,"sodium":279.15}}