{"title":"Flirting with the Sandpiper","tags":["Cocktails","Drink","Summer","Easy"],"image":null,"servings":1,"description":"A playful cocktail made with light rum, fresh orange, and cherry brandy.","totalTime":5,"ingredients":["1 1/2 ounces light rum","3 ounces fresh orange juice","Dash of bitters","1 teaspoon cherry brandy"],"directions":["\nShake the rum, orange juice, and bitters with ice; then strain over ice into a chilled highball glass. Float the cherry brandy on top."],"nutrition":{"calories":152,"fat":0.17,"saturatedFat":0.02,"carbs":8.85,"fiber":0.17,"sugar":7.14,"protein":0.6,"sodium":1.33}}