{"title":"Blueberry Crumb Coffee Cake","tags":["Blueberries","Breakfast","Dessert","Vegetarian","Eggs","Fruit","Make Ahead","Summer","Coffee Cake"],"image":null,"servings":12,"rating":4.1,"description":"I spent many summers in the Berkshire Mountains with friends who had blueberry bushes on their property. While we had to fight the birds for the berries, we still had so many that I had to become proficient in blueberry baked goods. This crumb cake made many appearances as a breakfast coffee cake or afternoon treat. Like all good crumb cakes, the balance of crumb to cake is almost equal. For easy removal of the cake from the pan, bake it in a springform pan.","ingredients":["#Cake:","Butter and flour, for the pan","2 cups all-purpose flour","2 teaspoons baking powder","1/2 teaspoon salt","4 tablespoons (1/2 stick) unsalted butter, at room temperature","3/4 cup granulated sugar","1 large egg, at room temperature","1/2 cup whole milk","1 pint fresh or frozen blueberries","","#Topping:","1 1/2 cups all-purpose flour","12 tablespoons (1 1/2 sticks) unsalted butter, at room temperature","1 cup granulated sugar","1/2 teaspoon ground cinnamon","Confectioners’ sugar, for serving"],"directions":["\nPosition a rack in the center of the oven and preheat the oven to 350°F. Butter a 9-inch springform pan, dust with flour, and tap out the excess flour.","\nTo make the cake, sift the flour, baking powder, and salt together. Beat the butter and sugar in a medium bowl with an electric mixer on high speed until the mixture is pale and gritty, about 2 minutes. Beat in the egg. Starting with the flour, alternate three equal additions of the flour with two equal additions of the milk, beating after each addition until the batter is smooth, and scraping down the sides of the bowl with a rubber spatula. Fold in the blueberries. Spread in the pan.","\nTo make the topping, use your fingers to work the flour, butter, granulated sugar, and cinnamon into large crumbs. Scatter the crumbs evenly over the batter.","\nBake until a wooden toothpick inserted in the center of the cake comes out clean, about 1 hour. Cool on a wire cake rack for 10 minutes. Remove the sides of the pan, then cool completely. (The cake can be stored at room temperature, wrapped in plastic wrap, for up to 3 days.)","\nSift confectioners’ sugar over the cake. Using a serrated knife, cut into wedges and serve."],"nutrition":{"calories":412,"fat":16.53,"saturatedFat":10.11,"transFat":0.62,"carbs":62.21,"fiber":1.67,"sugar":32.21,"protein":5.07,"cholesterol":57.22,"sodium":171.08}}