{"title":"Cheeseburger Pie","tags":["Burgers","Ground Beef","Weeknight Dinner","Casserole","Cheese","Comfort Food","Main Dish","Easy"],"image":"https://search.chow.com/thumbnail/1200/0/www.chowstatic.com/assets/2015/01/31242_RecipeImage_cheeseburger_pie_2.jpg","servings":6,"rating":4.2,"description":"A classic of 1950s Americana, Cheeseburger Pie is the most comforting of weeknight casseroles: sautéed onion and ground beef, baked under a simple batter of flour, baking powder, eggs, and milk and a rich topping of cheddar cheese. Serve it in thick wedges with an easy celery and romaine heart salad.","totalTime":50,"ingredients":["Cooking spray","1 tablespoon olive oil","1 yellow onion, finely chopped","1 pound ground beef","Freshly ground black pepper","1/2 cup all-purpose flour","1 teaspoon baking powder","1/2 teaspoon granulated sugar","1/4 teaspoon kosher salt, plus more for seasoning","2 tablespoons cold unsalted butter","1 cup whole milk","2 large eggs","1 cup shredded cheddar cheese"],"directions":["Heat the oven to 400°F and arrange a rack in the middle. Coat a 9-inch pie dish with cooking spray.","In a frying pan over medium heat, warm the oil. Add the onion and a sprinkle of salt and cook until golden brown, about 5 minutes. Add the beef along with a big pinch of salt and some black pepper. Raise the heat to medium high and cook, stirring occasionally, until the meat is browned, about 5 minutes. Drain most of the fat out of the beef. Transfer the mixture to the pie dish and spread in an even layer. Set aside. ","In a food processor, pulse together the flour, baking powder, sugar, and measured salt. Add the butter and pulse until the mixture looks like coarse breadcrumbs. Add the milk and eggs and pulse until the mixture is blended. Pour this batter over the meat in the pie dish.  Sprinkle the top with the cheese. ","Bake until golden brown and set, and a knife inserted in the center comes out clean, about 25 minutes.  "],"nutrition":{"calories":441,"fat":32.67,"saturatedFat":13.56,"transFat":1.28,"carbs":13.66,"fiber":0.78,"sugar":3.44,"protein":22.29,"cholesterol":149.13,"sodium":355.63}}