{"title":"Breakfast Fried Rice","tags":[],"image":null,"servings":4,"description":"A little twist incorporating traditional breakfast ingredients and rice.","totalTime":20,"ingredients":["2 cups cooked rice","5 strips bacon, chopped","3 eggs (also works with egg whites)","1/3 cup soy sauce","3 green onions, chopped finely","Salt and pepper, to taste"],"directions":["\nCook rice and set aside.","\nIn a large skillet cook the bacon over medium heat.","\nOnce the bacon has browned, drain half the oil and push the bacon to one side of the skillet.","\nOn the other half of the skillet, add the 3 eggs and scramble until cooked.","\nTurn the heat down to low. Add the rice until all ingredients are mixed.","\nAdd the soy sauce evenly over the rice and mix until the rice takes on a light brown color.","\nAdd the chopped green onion.","\nSalt and pepper to taste.","\nServe with hot sauce – either Sriracha or Frank’s Red Hot."]}