{"title":"Baby Arugula Salad with Nectarines and Toasted Hazelnuts","tags":["Salad","Hazelnut","Arugula","4th of July","Dairy Free","Gluten Free","Vegetarian","Nuts","Lunch","Appetizer","Summer","Comfort Food","Easy"],"image":null,"servings":6,"description":"This salad can change with the seasons; try persimmons in the fall, pears or blood oranges in the winter, and nectarines when they are in season. You can substitute mixed baby greens for the arugula and frisée.\nWhat to buy: When purchasing nectarines, look for freestone varieties—their flesh separates easily from the pit.\nThis dish was featured as part of our Recipes for Summer Ingredients photo gallery.","totalTime":10,"ingredients":["1 head frisée","4 medium white nectarines","2 tablespoons red wine vinegar","1/2 teaspoon sherry vinegar","Salt","Freshly ground black pepper","3 tablespoons extra-virgin olive oil","6 ounces baby arugula","1/2 cup shelled and unsalted hazelnuts, toasted and coarsely chopped"],"directions":["\nCut off the base of the frisée and discard, then chop the rest into bite-size pieces. Cut the nectarines into sixths and set aside.","\nCombine the vinegars in a medium nonreactive bowl, add salt and pepper to taste, then add the olive oil in a thin stream, whisking to mix. Place the arugula, frisée, nectarines, and toasted hazelnuts in a serving bowl.","\nPour the dressing over the salad, toss to combine, and serve."],"nutrition":{"calories":185,"fat":14.13,"saturatedFat":1.5,"carbs":13.99,"fiber":3.72,"sugar":8.84,"protein":3.67,"sodium":371.43}}