{"title":"Bouillabaise with Green Curry ","tags":[],"image":null,"description":"This is the season for serving fish and shellfish for your summer gathering. Get your cookware ready and put together fresh ingredients along with these nutritious and light gems from the sea from your local fish mongers.","ingredients":["1 1/2 lb fish (skate wings filet) or white fish such as bass, cod","12 pieces little neck clams, optional","2 lb mussels, cleaned","2 lb sea scallops","2 tablespoons garlic, minced","2 tablespoons minced ginger","1/4 cup oil","3 tablespoons green curry paste","2 tablespoons fish sauce","1/2 lb shallot, minced","2 cans coconut milk","2 teaspoons turmeric","2 teaspoons paprika","3 cups vegetable stock","3 pieces of kaffir lime leaves, slivered, optional"],"directions":["\nBrown the shallot and add garlic and ginger with 1/8 cup oil.","\nStir in green curry paste and coconut milk and bring to simmer .","\nAdd 2 cups vegetable stock and let it simmer for additional 10mins and add fish sauce, salt and pepper to taste and put aside.","\nMarinate the fish,shrimp and scallops with garlic,ginger, salt and pepper.","\nIn a large frying pan, heat the rest of the oil, sear the fish and shrimp separately by adding turmeric, paprika and kaffir lime leaves. Set aside.","\nIn a separate pot, bring 1 cup of vegetable stock to a boil and add in mussels and rest of shell fish and stir for a few minutes in high heat till the shells opens, discard the unopened ones, add the green curry broth in.","\nIn a deep pasta bowl arrange nicely with the mussels and fish at bottom of the bowl and put the shrimp and scallops on the top along with a ladle full of hot broth.","\nServe hot along with steamed Jasmine rice."]}