{"title":"White Chocolate–Cranberry Bark","tags":["Cranberries","Christmas","Dessert","Dinner Party","White Chocolate","Holidays","Gift Ideas","Easy"],"image":null,"servings":10,"description":"Bark is one of the easiest confections to whip up, so this no-fuss recipe is ideal for cramped holiday schedules. Normally uninteresting, good-quality white chocolate is dressed up by dried cranberries and candied orange zest.\nWhat to buy: These white chocolate wafers taste great.\nCandied orange peel can be found at most specialty grocery stores.","totalTime":10,"ingredients":["6 ounces white chocolate, such as Schokinag wafers","1/2 cup dried sweetened cranberries, coarsely chopped","2 tablespoons candied orange peel, finely chopped"],"directions":["\nLine a baking sheet with parchment or waxed paper, or use a silicone baking sheet, and set aside.","\nMelt white chocolate in a small saucepan over low heat, stirring occasionally, until smooth. Remove from heat and stir in 1/4 cup of the cranberries and 1 tablespoon of the candied orange peel.","\nPour chocolate mixture onto the lined baking sheet and spread very thinly into a roughly 12-by-10-inch rectangle. Sprinkle remaining cranberries and orange peel over top. Let set in a cool, dry location. Once bark is hard, break up into shards."],"nutrition":{"calories":84,"fat":3.31,"saturatedFat":0.84,"carbs":13,"fiber":0.7,"sugar":0.2,"protein":0.77,"sodium":52.19}}