{"title":"Pepperoni Pizza Jalapeño Poppers","tags":["Super Bowl","March Madness","Dinner Party","Jalapeño Pepper","Appetizer","Snack","Party Planning","Cheese","Comfort Food","Easy"],"image":null,"servings":4,"description":"When this combination was suggested by CHOW Assistant Video Editor Blake Smith, naysayers abounded, but they were silenced at the tasting. These poppers, with their creamy filling loaded with pepperoni and Parmesan cheese, turned out to be one of the staff favorites.\nThis recipe was featured as part of our Jalapeño Popper Recipes photo gallery.","totalTime":25,"ingredients":["12 jalapeño peppers","8 ounces cream cheese, at room temperature","1/2 cup finely chopped pepperoni, sautéed","1/4 cup grated Parmesan cheese","1/2 teaspoon kosher salt"],"directions":["\nHeat the oven to broil and arrange a rack in the middle. Line a baking sheet with aluminum foil and set aside.","\nLay a jalapeño on your work surface so that it sits flat without rolling. Make two cuts forming a “T” by first slicing down the middle of the chile lengthwise from stem to tip, then making a second cut perpendicular to the first about 1/4 inch from the stem, slicing only halfway through the chile (be careful not to cut off the stem end completely). Carefully open the flaps to expose the interior of the chile, and, using a butter knife or small measuring spoon, scrape the inside to remove the seeds and ribs. Repeat with the remaining peppers; set aside.","\nPlace the cream cheese, pepperoni, Parmesan, and salt in a medium bowl, season with freshly ground black pepper, and mix until smooth and evenly combined. Transfer the mixture to a quart-size resealable plastic bag, cut one bottom corner off to make a 3/4-inch-wide opening, and squeeze the mixture into the chiles until just filled (be careful not to overfill). Insert a toothpick widthwise through each chile to secure the flaps and filling. Place the filled chiles on the prepared baking sheet in two evenly spaced rows of six.","\nBroil for 4 minutes, rotate the pan, and continue to broil until the peppers are starting to char and the filling is browned and bubbly, about 4 minutes more. Remove from the oven, and remove the toothpicks if desired. Let cool for 5 minutes before serving."],"nutrition":{"calories":373,"fat":33.63,"saturatedFat":16.32,"transFat":0.46,"carbs":5.27,"fiber":1.18,"sugar":3.61,"protein":12.71,"cholesterol":96.7,"sodium":800.67}}