{"title":"Strawberry Cosmopolitan","tags":["Strawberries","Dinner Party","Fruit","Brunch","Cocktails","Drink","Easy"],"image":null,"servings":1,"description":"The Cosmopolitan is a vodka-based cocktail that’s a colorful and fruit-flavored variation of the Martini. This take is perfect for hot summer months when strawberries are in season and a refreshing libation is in order.","totalTime":5,"ingredients":["2 ounces lemon-infused (citron) vodka","1 ounce cranberry juice","1 ounce strawberry purée, strained of seeds","1/2 ounce fresh lime juice","1/2 strawberry for garnish (optional)"],"directions":["\nShake the vodka, cranberry juice, strawberry purée, and lime juice with ice; then strain into a chilled cocktail glass. Garnish with a strawberry half."],"nutrition":{"calories":158,"fat":0.12,"saturatedFat":0.01,"carbs":7.2,"fiber":0.62,"sugar":4.99,"protein":0.25,"sodium":1.7}}