{"title":"Roasted Fish with Thai Pesto","tags":["Fish","Asian","Thai","Dinner Party","Gluten Free","Healthy","Low Fat","Sauces","Chile Peppers","Dinner","Weeknight Dinner","Winter","Pescatarian","Main Dish","Easy"],"image":null,"servings":2,"rating":5.1,"description":"Whole roasted fish might seem a little daunting if you’ve never tried it before, but this is a perfect starter recipe. Cilantro, mint, lemongrass, lime zest, and ginger are blended into a thick Thai pesto that flavors the fish inside and out.\nGame plan: If you have time, complete the recipe through step 2 up to 2 1/2 hours ahead (just keep the fish covered in the refrigerator)—the flavors will permeate the fish even more.\nThis recipe was featured as part of our Chile Pepper Recipes photo gallery.","totalTime":50,"ingredients":["3/4 cup tightly packed fresh cilantro leaves and tender stems","1/4 cup tightly packed fresh mint leaves","3 medium garlic cloves","1 medium jalapeño, seeded and coarsely chopped","2 tablespoons lemongrass, coarsely chopped","2 teaspoons ginger, peeled and coarsely chopped","2 teaspoons fish sauce","Zest of 1 medium lime","1/4 cup plus 1 tablespoon peanut oil","1-1/2-pound whole sea bass, red snapper, or barramundi, gutted and cleaned"],"directions":["\nHeat the oven to 400°F and arrange a rack in the middle. Combine cilantro, mint, garlic, jalapeño, lemongrass, ginger, fish sauce, and lime zest in a food processor and pulse until evenly puréed. With the food processor running, slowly drizzle in 1/4 cup of the peanut oil and process until mixture resembles a thick pesto, about 2 minutes.","\nRinse fish inside and out and pat dry with paper towels. Season all over with salt and freshly ground black pepper. Spread herb mixture inside fish and close securely with butcher’s twine or toothpicks.","\nCut a piece of parchment paper or aluminum foil long enough to enclose the fish and place on a baking sheet. Drizzle the foil with remaining 1 tablespoon peanut oil. Place fish on the foil and fold the foil over (don’t close too tightly though; leave some room around the fish). Roast fish in the oven until flesh is white and firm to the touch, about 40 minutes. Serve immediately.","#Beverage pairing: Villa Maria Private Bin Riesling, New Zealand. The combination of the fish with the exotic and strongly flavored pesto favors a wine that will complement rather than contrast with the dish. When it comes to Asian food, Riesling is always a good bet, and this one from New Zealand has all the verve and zip of a European Riesling but brings some bright, fresh Pacific Rim fruit flavor as well."],"nutrition":{"calories":586,"fat":37.44,"saturatedFat":6.48,"carbs":7.26,"fiber":1.9,"sugar":1.01,"protein":54.2,"cholesterol":95.18,"sodium":643.85}}