{"title":"Smooth Operator","tags":["New Year's Eve","Christmas","Dinner Party","Bridal Shower","Liqueur","Digestif","Dairy","Cocktails","Drink","Holidays","Cream","Winter","Ice","Easy"],"image":null,"servings":6,"description":"This easy blender cocktail recipe is a mixture of cream, Frangelico, Baileys Irish Cream, Kahlúa, and fresh banana.","totalTime":5,"ingredients":["8 ounces heavy cream","1 medium banana","3 ounces Frangelico","1 ounce Baileys Irish Cream","1 ounce Kahlúa","1 cup ice"],"directions":["\nPlace all of the ingredients except the ice in a blender. Add the ice and blend until smooth, about 30 seconds."],"nutrition":{"calories":175,"fat":15.15,"saturatedFat":9.5,"carbs":7.84,"fiber":0.52,"sugar":4.39,"protein":1.15,"cholesterol":54.53,"sodium":23.84}}