{"title":"Maryland Style Mac 'n' Cheese","tags":["Pasta","Mac and Cheese","Worcestershire Sauce","Dairy","Horseradish","Old Bay","Panko Breadcrumbs"],"image":null,"servings":null,"rating":1,"description":"This recipe by Team Rachael RayGuns took Third Place at SF Food Wars’ 2009 Mac Battle Royale with Cheese. Congratulations! Also included: a bonus recipe for the spicy Bloody Mary served alongside.","ingredients":["#For the macaroni and cheese:","1 cup panko bread crumbs","1 stick + 3 tablespoons of butter","1 package of shell macaroni (1 lb)","5 cups hot milk","1/2 cup flour","3 large shallots, chopped","2 cups shredded extra sharp aged white cheddar","2 cups shredded sharp white cheddar","2 cups shredded Swiss Gruyère","1 tablespoon allspice","1 tablespoon sea salt","2 tablespoons Old Bay Seasoning","1 teaspoon pepper","1/2 teaspoon cayenne","#For the crab topping:","2 tablespoons Old Bay Seasoning","1 bunch of green onions, chopped","2 cups lump Maryland blue crab meat, picked, rinsed and dried","#For the Bloody Maryland:","1 shot vodka","1/2 glass V8 juice","1/2 glass Clamato juice","Dash of Worcestershire sauce","Dash of Tabasco","Pinch of horseradish","Pinch of celery salt","Pinch of Old Bay","1 tsp of olive juice","Dash of lime juice","Sprig of bruised rosemary"],"directions":["\nPreheat oven to 375 degrees.","\nIn a small pan, melt 2 tablespoons of butter over medium heat.","\nPour panko bread crumbs into a medium sized bowl and add butter. Stir until panko is slightly wet and set aside. ","\nFill a 2-quart saucepan with water, boil and add a pinch of salt and macaroni. Cook until very al dente (about a minute less than the recommended cooking time on the package). Rinse macaroni with very cold water and set aside. ","\nIn a small saucepan, heat 1 tablespoon of butter until melted. Add shallot and sauté until translucent and soft, about 6 minutes. Set aside. ","\nIn a large saucepan, melt remaining 6 tablespoons of butter until bubbling. Add flour and cook, stirring constantly for about a minute. ","\nPour hot milk into saucepan with butter and flour mixture, in parts, whisking constantly until well combined and there are no lumps. Continue cooking, whisking constantly, until mixture becomes thick and begins to bubble. ","\nRemove from heat and add Old Bay, pepper, salt, allspice and cayenne. Whisk until thoroughly combined. Taste for additional seasoning. ","\nAdd prepared shallots, 1 1/2 cups of Gruyère, 1 1/2 cups of aged cheddar and 1 1/2 cups of the sharp cheddar to the mixture. Set cheese sauce aside.  ","0\nIn a very large bowl, combine cheese sauce and cooked, cooled macaroni. Pour mixture into a large pan or casserole dish.","1\nCover casserole dish with remaining cheese. Sprinkle the top with wet panko. ","2\nBake at 375 degrees for about 30 minutes—or until crust becomes golden.  ","3\nWhile macaroni and cheese is in the oven, heat two tablespoons of butter over medium heat.  ","4\nWhen butter begins to bubble, add crab, green onion and 2 tablespoons of Old Bay Seasoning. Sauté over medium heat, stirring frequently, for 4-5 minutes. Set aside. ","5\nWhen macaroni and cheese is cooked, set aside to rest for 5-10 minutes. Spoon over crab mixture and serve immediately.","#For the Bloody Maryland:","","\nCombine ingredients into one tall glass with ice.","","","\nRefrigerate for at least one hour.","","","\nEnjoy."]}