{"title":"Classic Cobb Salad","tags":["Salad","Los Angeles Area","Easter","Academy Awards","Blue Cheese","Healthy","Low Carb","Turkey","Eggs","Avocados","Herbs","Bacon","Lettuce","Scallions","Watercress","Lunch","Dinner","Vegetables","Easy"],"image":null,"servings":4,"description":"The Cobb salad is said to have originated at the Brown Derby restaurant in Los Angeles way back in the ’30s. The poster child for composed salads (where the ingredients are decoratively arranged rather than tossed), the Cobb is beautiful when the ingredients are presented in rows. But don’t feel pressured to do so; it tastes just as good tossed together.\nTry it with another Los Angeles original, the Monte Cristo.\nGame plan: If tomatoes are not in their prime and you’re dying to make this salad, toss the chopped tomatoes with a pinch of salt and set them in a fine mesh strainer over a bowl for at least 10 minutes to boost their flavor.","totalTime":15,"ingredients":["12 ounces coarsely chopped romaine, Bibb, and watercress greens, washed, dried, and torn into bite-size pieces (about 10 cups)","1/2 cup Red Wine–Parsley Vinaigrette","1 medium tomato, cored, seeded, and finely chopped","8 ounces smoked turkey, finely chopped","3 ounces crumbled blue cheese","1 medium avocado, finely chopped (cut just before serving)","6 pieces bacon, browned and crumbled","2 large hard-boiled eggs, peeled and finely chopped","6 tablespoons thinly sliced scallions (about 4 scallions)"],"directions":["\nPlace greens in a nonreactive serving bowl and drizzle with vinaigrette. Toss to coat, and season with salt and freshly ground black pepper.","\nArrange remaining ingredients decoratively over top of greens, season with freshly ground black pepper, and serve.","#Beverage pairing: Adelsheim Pinot Gris, Oregon. This mixed bag of a salad could pair with any number of whites or light reds. But Pinot Gris from Oregon is a good call. Its medium body straddles the contrast between creamy avocado and crisp romaine. Its acidity handles vinegar and scallions. And its melon fruitiness makes a nice match with salty bacon."],"nutrition":{"calories":653,"fat":53.07,"saturatedFat":15.43,"transFat":0.09,"carbs":16.36,"fiber":8.37,"sugar":5.85,"protein":32.15,"cholesterol":178.73,"sodium":684.07}}