{"title":"Indian New Potatoes with Turmeric","tags":["Potatoes","Indian","Vegan","Vegetarian","Side Dish","Weeknight Dinner","Summer","Vegetables"],"image":null,"servings":2,"description":"Potatoes go Indian in this spiced, quick preparation that’s easy enough to whip up for a weeknight meal.\nWhat to buy: Look for fresh turmeric in Korean and Southeast Asian markets. Choose plump, firm, clean “fingers” of turmeric with no signs of shriveling or wilting. Purchase high-quality powdered turmeric, as cheaper types may be unpleasantly acrid. Note that turmeric’s color will fade if stored too long.","totalTime":20,"ingredients":["1 1/2 pounds unpeeled new potatoes","6 tablespoons vegetable oil","Pinch of asafetida (optional)","1 tablespoon black mustard seeds","1 teaspoon cumin seeds","1 teaspoon turmeric","1 teaspoon ground coriander","1 teaspoon ground cumin","1/2 teaspoon cayenne"],"directions":["\nCut potatoes into small dice. Heat vegetable oil in a wok or frying pan over medium heat.","\nWhen hot, quickly add asafetida, then black mustard seeds and cumin seeds, then stir in the potatoes. Sprinkle in turmeric and cook, shaking often, for about 15 minutes, or until lightly browned and almost cooked through.","\nJust before the potatoes are done, sprinkle in coriander, ground cumin, cayenne, and salt to taste. Drain any excess oil in a colander before serving."],"nutrition":{"calories":666,"fat":44.2,"saturatedFat":2.97,"transFat":0.32,"carbs":63,"fiber":8.93,"sugar":3.01,"protein":8.38,"sodium":25.2}}