{"title":"Cream Cheese Frosting (sugar-free)","tags":[],"image":null,"servings":null,"description":"This recipe would go great on cupcakes or even my Carrot Cake Muffins.","ingredients":["8 oz. cream cheese (softened)","1/4 c. butter (softened)","1T. erythritol","1/4 t. stevia powdered extract","1 t. vanilla"],"directions":["\nCream together the cream cheese and butter until creamy.","\nMix in the vanilla, erythritol and stevia.","\nSpread on carrot cake muffins or cupcakes or frost a cake! Store extra in the refrigerator."]}