{"title":"Easy Berry Butter Cake","tags":["Easter","Memorial Day","Labor Day","4th of July","Mother's Day","Valentine's Day","Baking","Dessert","Dinner Party","Birthday","Mascarpone","Vegetarian","Blueberries","Strawberries","Fruit","Cakes","Party Planning","Cream","Summer","Easy"],"image":null,"servings":8,"rating":4.1,"description":"A grown-up version of shortcake, this butter cake is so simple that we decided to finish it with nothing more than berries and a whipped cream topping, making it one of the easiest cakes ever.\nWhat to buy: We prefer almond extract in the filling, but if you only have vanilla extract on hand, add 1/2 teaspoon to the cake and 1/2 teaspoon to the filling.\nIf you don’t have any mascarpone or can’t find it at the grocery store, use cream cheese instead; it will have a more distinct flavor but be just as good.\nThis recipe was featured as part of our Oh, Crap! It’s Mother’s Day! story.","totalTime":65,"ingredients":["#For the cake:","1 1/2 cups all-purpose flour, plus more for coating the pan","3/4 teaspoon baking powder","1/4 plus 1/8 teaspoon fine salt","8 tablespoons unsalted butter (1 stick), softened, plus more for coating the pan","1 cup granulated sugar","2 large eggs, at room temperature","1/2 cup whole milk","#For the filling:","1/2 cup mascarpone cheese, at room temperature","1 cup heavy cream","1 tablespoon granulated sugar","1/2 teaspoon almond extract","#To assemble:","1 1/2 pounds mixed berries, washed (if you’re using strawberries, they’ll also need to be hulled and quartered)"],"directions":["#For the cake:","\nHeat the oven to 350°F and arrange a rack in the middle. Coat an 8-inch round cake pan with butter and flour, tap out the excess flour, and set the pan aside. Combine measured flour, baking powder, and salt in a medium bowl and whisk until evenly combined; set aside.","\nPlace measured butter in the bowl of a stand mixer fitted with a paddle attachment and beat on medium high until light in color and fluffy, about 3 to 5 minutes. Add sugar and continue to beat on medium high until white in color and the texture of wet sand, about 3 minutes more.","\nAdd eggs one at a time, letting each incorporate fully before adding the next. Stop the mixer and scrape down the sides of the bowl with a rubber spatula. With the mixer on low, add half of the flour mixture. Mix just until incorporated, then add milk and continue mixing until smooth. Add the rest of the flour mixture, mixing just until incorporated, about 2 minutes more.","\nScrape the batter into the prepared cake pan. Bake until a cake tester inserted into the center comes out clean, about 40 minutes. Transfer to a wire rack to cool, about 15 minutes. Run a knife around the perimeter of the cake and turn out onto the rack, right side up, to cool completely. Meanwhile, make the filling.","#For the filling:","\nPlace mascarpone in the bowl of a stand mixer fitted with a whisk attachment and whip on medium speed until smooth, about 1 minute. Add cream, sugar, and almond extract, increase speed to medium high, and whip until ingredients are combined and firm peaks form, about 15 seconds more. Cover and refrigerate until ready to use.","#To assemble:","\nSlice cake in half horizontally using a serrated knife. Divide filling evenly between the cut side and the top of the cake. Divide berries evenly over the filling. Stack cakes on top of each other and serve."],"nutrition":{"calories":518,"fat":29.6,"saturatedFat":17.63,"transFat":0.47,"carbs":59.16,"fiber":2.67,"sugar":37.2,"protein":6.68,"cholesterol":134.99,"sodium":161.17}}