{"title":"Basil Digestif","tags":["Digestif","Basil","Infusion","Gluten Free","Preserving","DIY","Gift Ideas","Easy"],"image":null,"servings":3,"description":"A sip of this sweet, peppery after-dinner drink will help settle your stomach and satisfy your sweet tooth.\nWhat to buy: We chose Everclear 151 grain alcohol to use in our digestifs; it picks up the flavoring elements much faster than vodka.\nThis recipe was featured as part of our Make Your Own Digestifs project.","totalTime":5,"ingredients":["14 large, fresh basil leaves","2 cups grain alcohol, such as Everclear 151","1 1/2 cups Rich Simple Syrup"],"directions":["\nPlace basil leaves in a 1-quart glass jar with a tightfitting lid, add alcohol, cover, and let steep at room temperature, undisturbed, for 6 days.","\nAfter 6 days, remove leaves and add rich simple syrup. Stir to combine. Store in the freezer."]}