{"title":"Grilled Chicken Breasts with Balsamic Rosemary Marinade","tags":["Grilling","Chicken","Main Dish","Marinating","Balsamic Vinegar","Soy Sauce","Sauces","Olive Oil","Rosemary","Chicken Breast","Brown Sugar","Easy"],"image":"https://search.chow.com/thumbnail/1200/0/www.chowstatic.com/assets/2015/05/31423_grilled_chicken_breasts_balsamic_rosemary.jpg","servings":4,"rating":5.2,"description":"Balsamic vinegar, olive oil, soy sauce, brown sugar, black pepper, and fresh rosemary make a highly flavorful marinade for grilled chicken breasts in this recipe adapted from Williams-Sonoma. Serve with Polenta, Garlic Roasted Potatoes, or our classic sautéed Zucchini.","totalTime":265,"ingredients":["4 boneless, skinless chicken breasts, butterflied","2/3 cup balsamic vinegar","1/3 cup olive oil","2 tablespoon soy sauce","4 teaspoons light brown sugar","3/4 teaspoon freshly ground black pepper","1/3 cup finely chopped fresh rosemary","4 medium garlic cloves, minced"],"directions":["Pat the chicken breasts with paper towels to dry and place in a large zipper-lock plastic bag.","In a food processor, pulse the balsamic vinegar, olive oil, soy sauce, brown sugar, and black pepper until blended. With the motor running, drop the rosemary and garlic through the feed tube and continue to process until smooth. Add this marinade to the zipper-lock bag, seal, and shake to make sure the chicken is well coated. Place in a baking dish and refrigerate for 4 hours or up to overnight, turning the bag a few times.","Preheat the grill to medium heat.","Remove the chicken from the bag and arrange it on a well-oiled grill. Cook until a nice crust forms on both sides, about 3 to 4 minutes per side. Let the chicken rest on a serving platter for 10 minutes before serving."],"nutrition":{"calories":547,"fat":25.33,"saturatedFat":4.09,"transFat":0.02,"carbs":12.3,"fiber":0.55,"sugar":9.33,"protein":62.37,"cholesterol":198.56,"sodium":573.99}}