{"title":"Spiced Pumpkin-Pecan Pancakes","tags":["Pecans","Pumpkin","Pancakes","Christmas","Thanksgiving","Breakfast","Dessert","Baking Powder","Milk","Eggs","Butter","Vegetable Oil","Cinnamon","Ginger","Nutmeg","Pumpkin Pie Spice Mix","Nuts","Brown Sugar","Brunch","Holidays","Flour","Fall","Winter","Easy"],"image":null,"servings":10,"rating":5.1,"description":"Pumpkin is one of the most popular fall ingredients, and the versatile squash can be put in anything from soup to pie to pancakes. The batter for these breakfast cakes comes together easily: Just whisk the dry ingredients (including flour and warm spices of cinnamon, nutmeg, ginger, and cloves), then fold them into the wet mixture of pumpkin, milk, butter, and eggs. For extra fall flavor, we stir in some toasted pecans. Griddle your pancakes, and drizzle them with plenty of maple syrup; if you want, get fancy with some molasses-clove butter to melt on top. We recommend pairing with a steaming cup of Irish Coffee.\nThis recipe was featured as part of our pumpkin sweets recipe gallery.","totalTime":30,"ingredients":["1 1/2 cups all-purpose flour","1/3 cup packed dark brown sugar","2 1/2 teaspoons baking powder","1 1/2 teaspoons ground cinnamon","3/4 teaspoon fine salt","1/2 teaspoon ground ginger","1/2 teaspoon freshly grated nutmeg","1/8 teaspoon ground cloves","1 1/4 cups whole milk","1/2 cup pumpkin purée (not pie filling)","3 tablespoons unsalted butter, melted and slightly cooled","2 large eggs","1 teaspoon vanilla extract","1/2 cup toasted pecans, coarsely chopped","3 to 4 teaspoons vegetable oil","Butter, for serving","Maple syrup, for serving"],"directions":["\nHeat the oven to 200°F and place a baking sheet on one of the racks.","\nWhisk together the flour, sugar, baking powder, cinnamon, salt, ginger, nutmeg, and cloves in a medium bowl until evenly combined; set aside.","\nWhisk the milk, pumpkin, butter, eggs, and vanilla in a large bowl until evenly combined. Add the flour mixture and pecans and stir until just mixed and moistened (the batter will be lumpy), about 30 strokes. Set the batter aside to rest while the pan or griddle heats.","\nHeat a large, seasoned cast iron skillet, nonstick frying pan, or griddle over medium heat. Test to see if the pan is hot enough by sprinkling a couple of drops of cold water in it: If the water bounces and sputters, the pan is ready to use; if it evaporates instantly, the pan is too hot.","\nOnce the pan is ready, add 1 teaspoon of the oil and tilt the pan to coat. Ladle the batter into the pan in 1/3-cup portions. Cook until golden brown on the bottom, about 3 to 5 minutes. Using a flat spatula, flip the pancakes and cook until the second side is golden brown, about 2 to 3 minutes more. Remove to the baking sheet in the oven to keep warm. Repeat with the remaining batter, adding 1 teaspoon of oil to the pan between batches. Serve immediately with butter and maple syrup."],"nutrition":{"calories":216,"fat":10.86,"saturatedFat":3.56,"transFat":0.16,"carbs":25.5,"fiber":1.59,"sugar":9.41,"protein":4.82,"cholesterol":49.41,"sodium":213.63}}