{"title":"Spicy Oven-Roasted Chickpeas","tags":["Chickpeas","Super Bowl","Christmas","Dinner Party","Hiking","Road Trip","Healthy","Vegetarian","Olive Oil","Beans","Appetizer","Snack","Salt","Easy"],"image":"https://search.chow.com/thumbnail/1200/0/www.chowstatic.com/assets/2014/09/30368_spicy_roasted_chickpeas_3000x2000.jpg","servings":4,"rating":4.7,"description":"Crunchy and spicy are the two things I love most in food. These baked chickpeas are both, plus a tasty and healthy snack. Just toss them with a little olive oil and some spices, then roast in the oven until crunchy. They’ll stay crispy for a few days stored in a resealable bag at room temperature.","totalTime":45,"ingredients":["2 (15-ounce) cans chickpeas, also known as garbanzo beans, thoroughly drained and rinsed (about 3 cups)","2 tablespoons olive oil","1 teaspoon ground cumin","1 teaspoon chili powder","1/2 teaspoon cayenne pepper","1/2 teaspoon sea salt"],"directions":["Heat the oven to 400°F and arrange a rack in the middle.","Place the chickpeas in a large bowl and toss with the remaining ingredients until evenly coated. Spread the chickpeas in an even layer on a rimmed baking sheet and bake until crisp, about 30 to 40 minutes."],"nutrition":{"calories":631,"fat":16.06,"saturatedFat":1.87,"carbs":95.12,"fiber":18.65,"sugar":16.13,"protein":30.92,"sodium":295}}