{"title":"Low Sugar Coconut Orange Balls ","tags":["Easy"],"image":null,"servings":40,"description":"These wheat-free little coconut balls are great for traveling (just keep ’em cold). Good for kids since they are not loaded with sugar.","totalTime":15,"ingredients":["1/2 c. raisins","3/4 c. chopped nuts (walnuts, pecans, peanuts, any type)","1 T. orange zest","2-3 T. juice from an orange","1-2 T. honey","2 c. shredded coconut flakes","1 - 8oz package of cream cheese"],"directions":["\nIn a bowl, combine cream cheese, nuts, raisins, orange zest, orange juice and honey. Use your hands.","\nForm into golf ball sized balls.","\nRoll in coconut flakes."]}