{"ingredients":["2 cups + of spinach","2 bananas","1 cup cottage cheese","1/3 cup milk","2 tbs. flaxseed meal"],"directions":["Place all ingredients in the blender in order given (so spinach is at the bottom). Blend until smooth. (Maybe it’s just my blender, but I can never get it to be completely homogenous. Usually I have lots of green flecks in it from the spinach, and you can see the flax a little bit.)","Add ice cubes (optional) and blend until no ice chunks remain."],"url":"https://pinchofyum.com/green-monster","title":"Green Monster","description":"This green monster smoothie recipe is the best way I’ve found to add spinach into my smoothies and still enjoy the taste! Full of protein, flax, fruits, and vegetables.","image":"https://pinchofyum.com/wp-content/uploads/2011/04/green-monster-183x183.jpeg","servings":"2","review":5,"prepTime":5,"totalTime":10,"cookTime":5}