{"ingredients":["whole wheat tortilla","asparagus (about 5-6 stalks)","1/2 cup frozen peas","1/2 cup ricotta cheese","1 tsp. minced garlic","2 slices cheese (I used Gouda)","garnishes: green onions, gorgonzola cheese, parsley"],"directions":["Grill the asparagus and cook the peas.","Mix the garlic with the ricotta. Season with salt and pepper.","Spread mixture on half of the tortilla, layer vegetables, top with cheese slices and place the other tortilla half on top.","Grill up the quesadilla. Cut into wedges and stack the wedges! Garnish and enjoy!"],"url":"https://pinchofyum.com/asparagus-quesadilla-lasagna","title":"Asparagus Quesadilla Lasagna","description":"This asparagus quesadilla lasagna is a quesadilla layered like lasagna and stuffed with asparagus and cheese. Bizarre and delicious.","image":"https://pinchofyum.com/wp-content/uploads/Asparagus-Quesadilla-Lasagna-Recipe-185x185.jpeg","servings":"1","prepTime":15,"totalTime":25,"cookTime":10}