{"ingredients":["3 tablespoons butter, melted","juice of one lime","1 teaspoon chili powder","1/2 teaspoon garlic powder","1/2 teaspoon sea salt","12 ounces Australis Barramundi (can be purchased at Costco or find your store here)","1 peach, chopped","1/4 cup cilantro leaves, roughly chopped","1/4 cup red onion, minced","half a jalapeño, seeded and minced","lime juice and salt to taste","corn tortillas","mayo for a quick sauce (see notes)","avocado, lime, or other toppings"],"directions":["CHILI LIME FISH: Defrost the fish by soaking it in the packaging in cold water for about 15 minutes. Preheat the oven to 400 degrees. Whisk the butter, lime juice, chili powder, garlic powder, and salt together. Place the fish in a small oven-safe dish, pour sauce over the top, and bake for 15 minutes. Remove fish from the oven, flake into small pieces, and toss with any sauce left in the pan. Bake for another 5 minutes so the sauce soaks into the fish.","PEACH SALSA: Toss all ingredients together.","TACOS: Assemble, layer, load it up, squeeze more lime over the top, and DEVOUR."],"url":"https://pinchofyum.com/easy-chili-lime-fish-tacos","title":"Easy Chili Lime Fish Tacos","description":"Chili Lime Fish Tacos – these are so easy, it will blow your mind. 5 basic ingredients for the fish, and a quick peach salsa to add some color and flavor.","image":"https://pinchofyum.com/wp-content/uploads/Chili-Lime-Fish-Tacos-Recipe-185x185.jpg","servings":"2 (about 5-6 tacos total)","review":4.7,"prepTime":10,"totalTime":30,"cookTime":20}