{"ingredients":["1 lb. ground beef","1 yellow onion, diced","3-4 tablespoons taco seasoning","1/4 cup water","1 16-ounce can black beans","2-3 ounces Pepperjack Velveeta","fresh spinach or lettuce","fresh salsa","Cotija cheese, crumbled","tortilla chips, crushed","sour cream"],"directions":["Saute onion with a small amount of oil in a large skillet over medium high heat. When soft and fragrant, add ground beef. Cook until no longer pink. Drain most of the grease from the pan. Add seasoning and water; stir until thickened slightly.","Add Velveeta in small pieces; mix until melted. Add black beans and stir until combined. Remove from heat and let cool slightly.","Assemble salads with beef/bean mixture, fresh salsa, cheese crumbles, crushed tortillas, and sour cream."],"url":"https://pinchofyum.com/tex-mex-taco-salad","title":"Tex-Mex Taco Salad","description":"This tex-mex taco salad is so easy to make and full of delicious flavors, textures, and colors. Topped with tex-mex style ground beef.","image":"https://pinchofyum.com/wp-content/uploads/taco-salad-185x185.jpg","servings":"4-6","prepTime":5,"totalTime":25,"cookTime":20,"nutrition":{"totalFat":16.2,"totalFatDailyValue":25,"cholestrol":74.7,"cholestrolDailyValue":25,"sodium":819.3,"sodiumDailyValue":34,"carbohydrates":10.3,"carbohydratesDailyValue":3,"sugars":2.5,"protein":23.4,"proteinDailyValue":47,"vitaminA":14.3,"vitaminADailyValue":1,"vitaminC":1.2,"vitaminCDailyValue":2}}