{"ingredients":["1 cup farro (another grain like brown rice or quinoa would work)","2 cups chicken broth","3 cups water, divided","1 tablespoon olive oil","1/2 red onion, minced","2-3 cloves garlic, minced","2-3 jalapeños, minced (remove ribs and seeds if you don’t want it to be spicy)","1 lb. ground turkey","1 14-ounce can black beans, rinsed and drained","2 teaspoons ancho chili powder","2 teaspoons chili powder","1 teaspoon cumin","1 teaspoon salt","1 cup salsa (works best with a “fresh” salsa brand like Salsa Lisa)","2 14-ounce cans crushed fire roasted tomatoes","toppings (sour cream, cheese, green onions, tortilla chips)"],"directions":["Bring the chicken broth and 1 cup of water to a boil in a small saucepan. Add the farro (or rice or whatever grain you’re using), cover the pot, and reduce to a simmer for about 30 minutes or until all liquid is evaporated.","While the farro is cooking, heat the olive oil over medium high heat. Add the onions, garlic, and jalapeños and saute for 1-2 minutes, stirring frequently to avoid burning the garlic. Add the turkey and cook until all the meat is browned and broken apart into “crumbles”. Add the black beans, ancho chili powder, chili powder, cumin, salt, and salsa and simmer for a few minutes. Add the tomatoes and however much of the remaining 2 cups water that you feel like you need to get the right consistency. Simmer for a few minutes while the farro finishes cooking in a separate pot.","Add the cooked farro to the pot of chili and stir to combine. Top with sour cream, cheese, green onions, and tortilla chips."],"url":"https://pinchofyum.com/30-minute-spicy-ancho-turkey-chili","title":"30 Minute Spicy Ancho Turkey Chili","description":"This 30 Minute Spicy Ancho Turkey Chili is super simple to make and includes ground turkey, tomatoes, black beans, and lots of spice.","image":"https://pinchofyum.com/wp-content/uploads/ancho-turkey-chili-recipe-185x185.jpg","servings":"8","review":4.8,"prepTime":10,"totalTime":40,"cookTime":30,"nutrition":{"totalFat":7.2,"totalFatDailyValue":11,"cholestrol":39.1,"cholestrolDailyValue":13,"sodium":1279.1,"sodiumDailyValue":53,"carbohydrates":18.5,"carbohydratesDailyValue":6,"sugars":4.8,"protein":19.1,"proteinDailyValue":38,"vitaminA":67.1,"vitaminADailyValue":4,"vitaminC":10.4,"vitaminCDailyValue":17}}