{"ingredients":["6-8 cups turkey broth (see notes)","2 tablespoons fish sauce","2 whole star anise","6 whole cloves","1/4 cup cilantro stems","1 tablespoon dark brown sugar","1 cinnamon stick","1 3-inch piece of ginger, peeled and cut into pieces","8 ounces rice noodles","2 cups shredded leftover turkey","cilantro, mint, lime, hot sauce, fish sauce, soy sauce, chili peppers, sprouts, or anything else you’d want to top your pho with!"],"directions":["In a large stock pot, simmer all the broth ingredients together for an hour or so. Pour through a fine mesh colander, reserving liquid and discarding solids.","Return to heat and add noodles. Let the noodles soak until soft (about 10 minutes). Add the turkey. Transfer to bowls (noodles and turkey heaped in the middle, broth ladled over the whole thing) and top with anything your pho-loving heart desires. And DON’T SKIP THE LIME. My favorite."],"url":"https://pinchofyum.com/easy-turkey-pho","title":"Easy Turkey Pho","description":"Turkey Pho recipe – LIGHT and so flavorful. All familiar ingredients that can be bought at a mainstream grocery store. Perfect for leftover turkey!","image":"https://pinchofyum.com/wp-content/uploads/Turkey-Pho-Recipe-185x185.jpg","servings":"6 servings","review":4.8,"prepTime":10,"totalTime":25,"cookTime":15,"nutrition":{"totalFat":11.7,"totalFatDailyValue":18,"cholestrol":120.7,"cholestrolDailyValue":40,"sodium":1250.2,"sodiumDailyValue":52,"carbohydrates":79.6,"carbohydratesDailyValue":27,"sugars":3.8,"protein":51.8,"proteinDailyValue":104,"vitaminA":6.9,"vitaminADailyValue":0,"vitaminC":45.5,"vitaminCDailyValue":76}}