{"ingredients":["turkey","provolone cheese, sliced","red pepper hummus","quartered artichokes","wheat bread","butter"],"directions":["Assemble on bread; butter the outside; grill until golden."],"url":"https://pinchofyum.com/red-pepper-and-artichoke-panini","title":"Red Pepper and Artichoke Panini","description":"This red pepper and artichoke panini is simple and delicious – turkey, red pepper, and artichokes stacked between buttery grilled bread. Yum!","image":"https://pinchofyum.com/wp-content/uploads/2011/02/Red-Pepper-and-Artichoke-Panini-183x183.jpeg","prepTime":5,"totalTime":10,"cookTime":5}