{"ingredients":["1 frozen waffle","cottage cheese","sliced fruit (I’ve done strawberries, bananas, peaches, blueberries, etc)"],"directions":["Toast the waffle.","Top with cottage cheese and fruit.","Drizzle with honey or sprinkle with sugar."],"url":"https://pinchofyum.com/waffle-berry-stacks","title":"Waffle Berry Stacks","description":"These waffle berry stacks are a quick and easy snack made with cottage cheese, fresh berries, and frozen waffles. So delicious!","image":"https://pinchofyum.com/wp-content/uploads/Waffle-Berry-Stacks-recipe-185x185.jpg","prepTime":5,"totalTime":10,"cookTime":5}