{"ingredients":["2 lb. chicken drumsticks","1-2 teaspoon minced garlic","1-2 teaspoon minced onion","1 tablespoon oyster sauce","1 teaspoon black pepper","1 teaspoon salt","1 tablespoon seasoning mix (Magic Sarap)","1 egg","1 tablespoon cornstarch","1-2 cups oil for frying"],"directions":["Place the raw chicken in a large bowl. Add the garlic, onion, oyster sauce, black pepper, salt, seasoning mix, egg, and cornstarch. Stir until the chicken is evenly coated.","Heat oil in a large pot over medium heat. When the oil is hot, place the chicken, one piece at a time, in the oil. The oil should cover the chicken pieces almost completely and it will bubble gently as the chicken cooks. Continue to fry the chicken until the skin is golden brown and crispy. The exact amount of time you’ll need depends on the temperature of the oil, but the aunties left their chicken in for about 15-20 minutes (a long time!) with the oil over lower heat. Remove from the oil and set on paper towels to drain excess oil. Repeat in small batches until all the chicken is fried."],"url":"https://pinchofyum.com/filipino-fried-chicken","title":"Filipino Fried Chicken","description":"This simple and delicious recipe for Filipino fried chicken comes from the orphanage that I worked at for one year in Cebu, Philippines.","image":"https://pinchofyum.com/wp-content/uploads/2013/06/fried-chicken-3-183x183.jpg","servings":"8","review":4.9,"prepTime":10,"totalTime":30,"cookTime":20,"nutrition":{"totalFat":23.8,"totalFatDailyValue":37,"cholestrol":115,"cholestrolDailyValue":38,"sodium":722.1,"sodiumDailyValue":30,"carbohydrates":1.8,"carbohydratesDailyValue":1,"sugars":0.1,"protein":18.9,"proteinDailyValue":38,"vitaminA":24.1,"vitaminADailyValue":2,"vitaminC":0.3,"vitaminCDailyValue":0}}