{"ingredients":["1 lb. uncooked rigatoni","6 small fresh tomatoes, diced","1 12-ounce can crushed or diced tomatoes","2 1/2 cups your favorite jarred tomato sauce","1 small onion, diced","3 cloves garlic, minced","1/2 cup fresh basil, torn or sliced into ribbons","½ block grated cheese","salt and pepper","1 tablespoon olive oil"],"directions":["Cook rigatoni according to directions on package. Drain and set aside. Preheat broiler.","Heat olive oil in a large skillet. Saute onion and garlic over medium high heat for 2-3 minutes, stirring so the garlic doesn’t burn. Add crushed tomatoes and fresh tomatoes. Season with salt and pepper and simmer for 5-10 minutes or until mixture thickens slightly. Add half of the basil and stir for 1 minute. Remove from heat and add to the pasta. Pour in tomato sauce and stir to combine (and you can add more sauce until it’s saucy enough for you if you). Pour into a baking dish or skillet.","Top with shredded cheese and place under broiler for 5-8 minutes or until cheese is melted and bubbly. Sprinkle with remaining fresh basil and serve."],"url":"https://pinchofyum.com/baked-caprese-rigatoni","title":"Baked Caprese Rigatoni","description":"This baked caprese rigatoni has lots of fresh tomatoes, basil, and Mozzarella. Simple ingredients baked to pasta perfection.","image":"https://pinchofyum.com/wp-content/uploads/baked-caprese-rigatoni-185x185.jpg","servings":"8","review":4.7,"prepTime":15,"totalTime":25,"cookTime":10,"nutrition":{"totalFat":4.7,"totalFatDailyValue":7,"cholestrol":5.4,"cholestrolDailyValue":2,"sodium":184.3,"sodiumDailyValue":8,"carbohydrates":46.9,"carbohydratesDailyValue":16,"sugars":7.5,"protein":10.3,"proteinDailyValue":21,"vitaminA":69.2,"vitaminADailyValue":5,"vitaminC":18.8,"vitaminCDailyValue":31}}