{"ingredients":["1/3 cup old-fashioned rolled oats","1/3 cup fiber or bran cereal (i.e. Fiber One original)","1 cup water or milk","pinch of salt","1/4 cup egg whites, beaten","1/4 cup pumpkin puree","1 tablespoon brown sugar","pumpkin pie spices, to taste (I use cinnamon, ginger, cloves, and allspice)","cream, milk, or evaporated milk optional"],"directions":["Combine oats, cereal, water or milk, and salt in a small saucepan. Bring to a boil until and stir until mixture starts to thicken slightly.","With one hand, pour in the egg whites and stir continuously with the other hand (if you don’t, the egg whites will get scrambled, which is not yummy).","Mix in pumpkin, sugar, and seasoning and heat until warmed through. Serve immediately with desired toppings."],"url":"https://pinchofyum.com/powered-up-pumpkin-oats","title":"Powered Up Pumpkin Oats","description":"This pumpkin oatmeal is powered up with pumpkin, bran, and egg whites. This is my all-time favorite oatmeal for the morning!","image":"https://pinchofyum.com/wp-content/uploads/Pumpkin-Oatmeal-185x185.jpg","servings":"1","review":5,"prepTime":5,"totalTime":20,"cookTime":15,"nutrition":{"totalFat":12.1,"totalFatDailyValue":19,"cholestrol":24.4,"cholestrolDailyValue":8,"sodium":278.9,"sodiumDailyValue":12,"carbohydrates":75.3,"carbohydratesDailyValue":25,"sugars":29.9,"protein":24.6,"proteinDailyValue":49,"vitaminA":662.8,"vitaminADailyValue":44,"vitaminC":2.7,"vitaminCDailyValue":5}}