{"ingredients":["1 tablespoon olive oil","1 cup roughly chopped sweet onion","2 cloves garlic, minced","1-2 chipotle peppers in adobo sauce, chopped","1 teaspoon dried oregano","1⁄2 teaspoon ground cumin","3⁄4 cup canned crushed fire-roasted tomatoes","1⁄4 cup chicken stock","1⁄2 teaspoon kosher salt","3 cups shredded cooked chicken (rotisserie chicken works!)","10 (6-inch) corn tortillas","2 ripe avocados, sliced","1/4 cup chopped fresh cilantro","1/2 cup diced red onion","crumbled cotija","1 lime, cut into wedges"],"directions":["Sauce: Heat a large skillet over medium. Once warm, add the oil and onion. Sauté for 4 minutes or until tender, stirring occasionally. Add in the garlic and cook for 30 seconds more. Stir in the chipotles, oregano, and cumin, and toast for 1 minute. Add in the tomatoes, stock, and salt. Bring to a simmer, and cook for 7 minutes.","Blend: Place the tomato mixture in a high-powered or regular blender, and blend until smooth.","Chicken: Return the blended sauce to the pan over low heat. Add the chicken, and cook for 5 minutes. Taste and add more salt if necessary.","Serving: Prepare the garnishes. To assemble, top the tortillas with the chicken and garnish with the avocado slices, cilantro, red onion, and cotija. Serve with a lime wedge for squeezing."],"url":"https://pinchofyum.com/the-best-chicken-tinga-tacos","title":"The Best Chicken Tinga Tacos","description":"Chicken Tinga Tacos – the only chicken tinga tacos recipe you will ever need! Spicy, saucy, simple, and so fresh. Recipe is posted with permission from The Minimalist Kitchen (affiliate link) cookbook (although I’ve taken the liberty of adding “The Best” as a necessary recipe title prefix).","image":"https://pinchofyum.com/wp-content/uploads/Chicken-Tinga-Tacos-1-2-185x185.jpg","servings":"3 servings (10-12 tacos)","review":5,"prepTime":10,"totalTime":20,"cookTime":10,"nutrition":{"totalFat":4.9,"totalFatDailyValue":7,"cholestrol":83,"cholestrolDailyValue":28,"sodium":260.5,"sodiumDailyValue":11,"carbohydrates":3.2,"carbohydratesDailyValue":1,"sugars":1.3,"protein":25.9,"proteinDailyValue":52,"vitaminA":16.2,"vitaminADailyValue":1,"vitaminC":2,"vitaminCDailyValue":3}}