{"ingredients":["3 cups rolled oats","1 heaping cup pecans, chopped roughly","1/2 to 3/4 cup pistachios, chopped roughly","1/2 cup white whole wheat flour","1/4 cup chia seeds","1 teaspoon cinnamon","1/2 teaspoon salt","1/2 cup golden raisins","3/4 cup melted coconut oil (see notes)","2 tablespoons honey","2 tablespoons real maple syrup"],"directions":["Preheat the oven to 250 degrees. Mix all the dry ingredients together (except the raisins – set aside for later). Whisk the wet ingredients until smooth. Combine the wet and the dry ingredients in a large bowl until the mixture is moistened.","Spread the mixture on the baking sheet in a thin layer (use two pans if necessary – I just use one 10×15 jelly roll pan).","Bake for one hour, stirring every 20 minutes. During the last 20 minutes of baking, stir in the golden raisins. When you remove the granola from the oven at the end, don’t stir it right away – the granola will form crunchy clusters as it cools. Yum!"],"url":"https://pinchofyum.com/our-favorite-coconut-oil-granola","title":"Our Favorite Coconut Oil Granola","description":"This Coconut Oil Granola is our ULTIMATE FAVORITE recipe! Made with pecans, pistachios, golden raisins, honey, oats, and coconut oil.","image":"https://pinchofyum.com/wp-content/uploads/granola-recipe-1-185x185.jpg","servings":"12 (about a half cup per serving)","review":4.9,"prepTime":10,"totalTime":70,"cookTime":60,"nutrition":{"totalFat":25.1,"totalFatDailyValue":39,"cholestrol":0,"cholestrolDailyValue":0,"sodium":99.1,"sodiumDailyValue":4,"carbohydrates":32.5,"carbohydratesDailyValue":11,"sugars":9.4,"protein":6.6,"proteinDailyValue":13,"vitaminA":2.3,"vitaminADailyValue":0,"vitaminC":0.8,"vitaminCDailyValue":1}}