{"ingredients":["1 package King’s Hawaiian Original Hawaiian Sweet 12 Pack Dinner Rolls","1 can regular coconut milk","1 cup milk","7 eggs","2 teaspoons vanilla","turbinado sugar","sliced bananas","sliced strawberries","flaked coconut","maple syrup"],"directions":["Preheat the oven to 350 degrees. Tear the bread into bite-sized pieces. Arrange evenly in a greased 9×13 baking dish,","Whisk the coconut milk, milk, eggs, and vanilla in a large bowl. Pour the milk mixture over the bread, covering all pieces. Bake for 40-45 minutes, keeping an eye on the top and covering with foil if it starts to burn. When finished, the french toast bake will be puffy and firm (shouldn’t jiggle when you shake it back and forth).","Optional: After everything is fully baked, top with turbinado sugar and banana slices and return to the oven uncovered for a few minutes until golden brown. Remove and let stand for 15 minutes. Top with strawberry slices for a big color pop! Pritty."],"url":"https://pinchofyum.com/super-easy-coconut-french-toast-bake","title":"Super Easy Coconut French Toast Bake","description":"This Super Easy Coconut French Toast Bake can be made with just five ingredients! A colorful, pretty, simple brunch dish.","image":"https://pinchofyum.com/wp-content/uploads/2014/04/KINGS-HAWAIIAN-5-183x183.jpg","servings":"12","review":4.2,"prepTime":10,"totalTime":55,"cookTime":45,"nutrition":{"totalFat":9,"totalFatDailyValue":14,"cholestrol":125.4,"cholestrolDailyValue":42,"sodium":128.4,"sodiumDailyValue":5,"carbohydrates":17.9,"carbohydratesDailyValue":6,"sugars":5.8,"protein":7.7,"proteinDailyValue":15,"vitaminA":59.1,"vitaminADailyValue":4,"vitaminC":0.2,"vitaminCDailyValue":0}}