{"ingredients":["1/2 cup sugar","2 1/2 tablespoons coarse sea salt, pulsed gently in a food processor","a few dashes of freshly crushed black pepper","16 ounces salmon, cut into 4 filets, with skin","olive oil"],"directions":["Combine the sugar, salt, and black pepper in a shallow bowl. Dip each filet into the bowl and coat the entire surface of the salmon with the sugar/salt mixture.","Heat a little bit of olive oil in a large nonstick skillet over medium heat. When the oil is hot, add the salmon, skin side down in the pan, and saute for about 5 minutes. If you’re worried about the burnt sugar in the pan (or if there’s too much oil/liquid) just drain it off or spoon it out of the pan. If there’s a lot of oil splattering, turn the heat down. I would not recommend going higher than medium heat.","Flip each salmon filet (carefully! keep the skin on there because it helps the filets hold together) and saute for another 2-3 minutes. Flip to the side and saute each of the sides for another 2-3 minutes, if the filet is thick enough.","Preheat the broiler to 450 degrees. Sprinkle the top of each salmon filet with a teaspoon or two of additional sugar/salt mixture. Transfer the pan from the stovetop into the oven. Let the salmon broil for 5-10 minutes, checking occasionally to make sure it’s not burning. The sugar in the pan might look burnt but that’s okay as long as the tops of the salmon are looking golden brown. When the salmon is done cooking, remove from the oven and allow to cool for a few minutes (that sugar gets HOT). Gently peel off the skin before eating – it will be very dark because it’s totally caramelized with sugar, and it should come off very easily."],"url":"https://pinchofyum.com/caramelized-salmon","title":"Caramelized Salmon","description":"This caramelized salmon is simple, healthy and completely gorgeous. Just five ingredients and 20 minutes get that browned caramelized crust on the salmon.","image":"https://pinchofyum.com/wp-content/uploads/2013/07/salmon-33-183x183.jpg","servings":"4","review":4.5,"prepTime":5,"totalTime":25,"cookTime":20,"nutrition":{"totalFat":8.8,"totalFatDailyValue":14,"cholestrol":57.8,"cholestrolDailyValue":19,"sodium":4448.9,"sodiumDailyValue":185,"carbohydrates":25,"carbohydratesDailyValue":8,"sugars":25,"protein":25.2,"proteinDailyValue":50,"vitaminA":55.5,"vitaminADailyValue":4,"vitaminC":0,"vitaminCDailyValue":0}}