{"ingredients":["1 batch brownies","1/2 cup salted peanuts (if don’t have salted, add sea salt)","1 cup chopped Reese’s peanut butter cups","1 1/2 cup milk chocolate chips","1 1/2 cup creamy peanut butter","1/2 tablespoon butter","1 1/2 cups Rice Krispies Cereal"],"directions":["Mix brownies and bake for 15-20 minutes in a 9 x 13 pan. They need room on top, so it’s ok if they aren’t very thick.","Sprinkle the peanuts and Reeses cups on top of the brownies after baking. Put them back in the oven for another 5 minutes to get everything a little melty.","In a saucepan, melt the chocolate chips, peanut butter, and butter, and then stir in the Rice Krispies. Pour this mixture over the top of the brownies.","Refrigerate for 2 hours."],"url":"https://pinchofyum.com/scotchabrownies","title":"Scotchabrownies","description":"Scotchabrownies! A combination of scotcheroos and brownies in one epic dessert bar.","image":"https://pinchofyum.com/wp-content/uploads/2010/08/scotchabrownies-183x183.jpeg","servings":"25 bars","prepTime":10,"totalTime":130,"cookTime":120,"nutrition":{"totalFat":10.9,"totalFatDailyValue":17,"cholestrol":0.7,"cholestrolDailyValue":0,"sodium":89.8,"sodiumDailyValue":4,"carbohydrates":7.3,"carbohydratesDailyValue":2,"sugars":2.9,"protein":5.1,"proteinDailyValue":10,"vitaminA":203.3,"vitaminADailyValue":14,"vitaminC":1.1,"vitaminCDailyValue":2}}