{"ingredients":["10 strawberries","juice of 4 large lemons","1/3 cup sugar","1 3/4 cups water","rum?"],"directions":["Puree strawberries (minus the green part…) in a food processor.","Juice the lemons – use a juicer if possible – and add the lemon juice to the food processor. Add the sugar and puree again for 15-20 seconds.","If you want to take out the seeds and pulp of the strawberries, strain it through a cheesecloth. Yes, I bought a cheesecloth!","Pour into a pitcher, add water, and stir. Add ice cubes and refrigerate until chilled. For the adults, pour in a little rum!"],"url":"https://pinchofyum.com/real-strawberry-lemonade","title":"Real Strawberry Lemonade","description":"An easy recipe for real strawberry lemonade using pureed strawberries and fresh lemon juice. Perfect fresh and tasty recipe for summer!","image":"https://pinchofyum.com/wp-content/uploads/Real-Strawberry-Lemonade-with-Ice-185x185.jpg","servings":"3","prepTime":5,"totalTime":10,"cookTime":5}