{"ingredients":["3 large sweet potatoes, diced (about 6 cups)","3 cups vegetable broth","1 onion, minced","4 cloves garlic, minced","2 teaspoon each ground coriander, garam masala, and chili powder","1/2 teaspoon salt","1 1/2 cups uncooked red lentils (masoor dal)","1 can coconut milk","1 cup water"],"directions":["Place the sweet potatoes, vegetable broth, onion, garlic, and spices in a crockpot. Cook on high for 3 hours, until vegetables are soft.","Add the lentils and stir once. Replace the lid and cook on high for an additional 1 1/2 hours.","Stir in the coconut milk and as much water as needed to get the right consistency."],"url":"https://pinchofyum.com/crockpot-sweet-potato-lentils","title":"Crockpot Sweet Potato Lentils","description":"These Crockpot Sweet Potato Lentils include coconut milk and are filling and healthy! Perfect over warm naan for lunch or dinner.","image":"https://pinchofyum.com/wp-content/uploads/2013/09/lentils-11-183x183.jpg","servings":"6-8","review":4.8,"prepTime":15,"totalTime":255,"cookTime":240,"nutrition":{"totalFat":11.8,"totalFatDailyValue":18,"cholestrol":0,"cholestrolDailyValue":0,"sodium":475.2,"sodiumDailyValue":20,"carbohydrates":48.4,"carbohydratesDailyValue":16,"sugars":6.8,"protein":11.8,"proteinDailyValue":24,"vitaminA":728.6,"vitaminADailyValue":49,"vitaminC":6.1,"vitaminCDailyValue":10}}