{"ingredients":["1 cup chopped romaine (I didn’t have romaine so I used spinach)","1 cup unsweetened coconut milk","2 cups chopped raw carrots","1 cup chopped pineapple","1 banana","2 clementines, peeled (also didn’t have so I used mango)","1/2 teaspoon vanilla extract","dash of ground cinnamon and/or nutmeg"],"directions":["Blend the romaine (or spinach) and coconut milk until smooth.","Add the remaining ingredients and blend again until smooth.","Top with pistachios and toasted coconut! My fave."],"url":"https://pinchofyum.com/carrot-cake-smoothie-bowl","title":"Carrot Cake Smoothie Bowl","description":"Carrot Cake Smoothie Bowl – an easy, nutrition-packed dessert or snack recipe with a secret super-healthy ingredient! Guilt-free snack!","image":"https://pinchofyum.com/wp-content/uploads/Carrot-Cake-Smoothie-Bowl-Recipe-185x185.jpg","servings":"2 large smoothie bowls","review":5,"prepTime":5,"totalTime":10,"cookTime":5,"nutrition":{"totalFat":24.9,"totalFatDailyValue":38,"cholestrol":0,"cholestrolDailyValue":0,"sodium":173.6,"sodiumDailyValue":7,"carbohydrates":151,"carbohydratesDailyValue":50,"sugars":55.9,"protein":5.1,"proteinDailyValue":10,"vitaminA":1124.6,"vitaminADailyValue":75,"vitaminC":55.8,"vitaminCDailyValue":93}}