{"ingredients":["2 avocados, seeds and skin removed","zest and juice of 1 lime","2 cloves garlic","1 tsp salt AND pepper","1 teaspoon honey","3/4 cup Roasted Salsa Verde (I love Archer Farms brand)","a handful of fresh herbs (I used cilantro and parsley)"],"directions":["Mix the lime juice, zest, garlic, salt, pepper, and honey in a small bowl.","In a food processor, puree lime juice mixture, salsa verde, and herbs.","Add the avocados and puree until desired consistency."],"url":"https://pinchofyum.com/avocado-tomatillo-dip","title":"Avocado Tomatillo Dip","description":"This easy avocado tomatillo dip is made with salsa verde and avocados. It’s a great alternative to traditional guacamole and works well in any recipe.","image":"https://pinchofyum.com/wp-content/uploads/2011/04/Avocado-Tomatillo-Dip-183x183.jpeg","prepTime":5,"totalTime":10,"cookTime":5}