{"ingredients":["6 slices bacon","4 tablespoons butter","2 cups mirepoix (celery, carrots, and onions, all minced)","3 cloves garlic, minced","1/2 teaspoon salt and/or seasoning (to taste, see notes)","1/4 cup all purpose flour","3 cups whole milk","1-2 cups chicken broth","2 russet potatoes, peeled and cubed"],"directions":["Bacon Prep: Bake the bacon on a baking sheet lined with parchment paper at 400 degrees for 20 minutes. Crumble or cut into pieces.","Soup Base: Melt the butter in a soup pot. Add the mirepoix, garlic, salt, and seasoning and sauté until nice and soft. Add flour and stir with the vegetables for a few minutes to cook off any floury taste. Add milk, just a little bit at a time, stirring after each addition until smooth and creamy. The soup should start out very thick and eventually thin out as you add milk. Add the potatoes, and add chicken broth as needed to achieve the right consistency. For a thicker soup, you may not need as much of the broth.","Simmer Time: Let the soup simmer for 30-40 minutes. The potato soup will thicken as it simmers, and even more as it cools down. I like to wait until the potatoes are almost melty, with their edges softened just a bit, before removing from heat. When ready to serve, crumble the bacon and stir it into the soup."],"url":"https://pinchofyum.com/creamy-potato-soup","title":"Basic + Awesome Creamy Potato Soup","description":"Creamy Potato Soup – so simple and all-homemade, with carrots, celery, potatoes, milk, butter, flour, and bacon. perfect comfort food with no canned cream-of-anything soups.","image":"https://pinchofyum.com/wp-content/uploads/Creamy-Potato-Soup-Recipe-185x185.jpg","servings":"4-6 servings","review":4.9,"prepTime":15,"totalTime":75,"cookTime":60}