{"ingredients":["6 tbs. flour","6 tbs. dark brown sugar","2 tbs. brewed coffee","2 tbs. butter, melted","3 cups flour","1 tsp. baking powder","1/2 tsp. salt","1/4 tsp. baking soda","1 cup plain yogurt or sour cream","1 tsp. vanilla","4 tbs. butter","1/4 cup canola oil","2 cups sugar","2 eggs","2 egg whites","1 cup powdered sugar","1 tablespoon brewed coffee"],"directions":["Preheat the oven to 350. Grease a bundt pan. Make your streusel.","Mix the cake ingredients, dry and wet separately, then both together.","Pour half of batter into the pan; top with streusel, top with the other half.","Bake for 50 minutes.","Allow at least 30 minutes of cooling time. Drizzle with glaze!"],"url":"https://pinchofyum.com/coffee-streusel-bundt-cake","title":"Coffee-Streusel Bundt Cake","description":"This coffee streusel bundt cake is the perfect addition to any brunch – simple, elegant, and layered with perfectly buttery streusel crumbs.","image":"https://pinchofyum.com/wp-content/uploads/2011/02/Coffee-Streusel-Bundt-Cake-183x183.jpeg","prepTime":30,"totalTime":90,"cookTime":60}