{"ingredients":["1 head cauliflower","2 tablespoons olive oil","salt and pepper","1/2 cup cornmeal","2 eggs","2 teaspoons Italian seasoning","1/2 cup barbecue sauce","1 cup cooked, shredded chicken","3/4 cup shredded Mozzarella cheese","thinly sliced red onions","fresh cilantro"],"directions":["Chop the cauliflower into medium pieces. Heat a large skillet over high heat. Add the oil and heat until shiny. Place the cauliflower in the hot oil, stir to cover with oil, and place a lid on the skillet. Check skillet every few minutes to keep cauliflower from burning, but let it get a nice browned roasted outside. Continue to let cauliflower cook, covered, for about 10-15 minutes, or until tender-crisp. Let cool for a few minutes.","Preheat the oven to 450. In a blender or large food processor, place eggs, cornmeal, and seasoning. Place cauliflower in blender and puree until you have a semi-smooth, thick batter. Cover a pizza pan with parchment paper and pour batter into the center of the paper. Spread until you have about a 1/2 inch thick crust or thinner if desired.","Bake the crust for about 20 minutes, checking occasionally to keep from burning. I liked the crispy edges, so I recommend letting it brown a little bit more than a normal crust.","While crust is cooking, coat chicken with barbecue sauce. When the crust is cooked through and golden brown, remove and top with barbecue chicken, half the cheese, red onion, and the rest of the cheese. Bake for 10-15 minutes or until cheese is melted and golden. Top with cilantro, slice, and serve!"],"url":"https://pinchofyum.com/light-bbq-chicken-pizza","title":"Light BBQ Chicken Pizza","description":"This light BBQ chicken pizza has just 150 calories per slice thanks to a cauliflower pizza crust. Healthy, colorful, and full of BBQ flavor!","image":"https://pinchofyum.com/wp-content/uploads/bbq-chicken-pizza-185x185.jpg","servings":"8","review":4.6,"prepTime":30,"totalTime":70,"cookTime":40,"nutrition":{"totalFat":8.7,"totalFatDailyValue":13,"cholestrol":67,"cholestrolDailyValue":22,"sodium":539.8,"sodiumDailyValue":22,"carbohydrates":18.7,"carbohydratesDailyValue":6,"sugars":8.5,"protein":12,"proteinDailyValue":24,"vitaminA":46.1,"vitaminADailyValue":3,"vitaminC":35.7,"vitaminCDailyValue":59}}