{"ingredients":["1 medium zucchini, grated","1/2 tsp salt","zest of 1 lemon","a handful of parsley, chopped","chives, chopped","1 egg","pepper","1/2 cup flour","oil for frying","Goat Cheese, 100 grams","Plain yogurt, 2/3 cup","Salt, pepper, and chives (to taste)"],"directions":["Mix all but the oil together until it’s no longer lumpy.","Heat oil in a large skillet, medium-high.","Using a tablespoon, make small balls and drop them into the oil (I’d recommend about 4-5 at a time).","Fry on each side, flipping after a few minutes when they are golden brown.","Drain on paper towel-lined plates.","Mix it all up! Ta da."],"url":"https://pinchofyum.com/zucchini-fritters-goat-cheese-sauce","title":"Zucchini Fritters & Goat Cheese Sauce","description":"Super simple, easy-to-make golden crispy zucchini fritters & goat cheese sauce. A perfect quick & easy appetizer for your next party!","image":"https://pinchofyum.com/wp-content/uploads/Zucchini-Fritters-Goat-Cheese-Sauce-Featured-183x183.jpg","review":5,"prepTime":5,"totalTime":20,"cookTime":15,"nutrition":{"totalFat":34.2,"totalFatDailyValue":53,"cholestrol":104.9,"cholestrolDailyValue":35,"sodium":673.4,"sodiumDailyValue":28,"carbohydrates":30.2,"carbohydratesDailyValue":10,"sugars":4.3,"protein":11.2,"proteinDailyValue":22,"vitaminA":139.1,"vitaminADailyValue":9,"vitaminC":24,"vitaminCDailyValue":40}}