{"ingredients":["1/3 cup rolled oats","3/4 cup water","pinch salt","1 egg white","1 banana (I used a frozen one)","1 tbs. flaxmeal","1 tsp. packed brown sugar","pinch cinnamon","1/2 tbs. peanut butter"],"directions":["Combine oats, water, and salt in a bowl. Beat the egg white, then whisk it in with the uncooked oats.","Microwave for 2 minutes (or boil on stovetop). Check consistency and continue to heat as necessary until the oats are fluffy and thick.","Thaw banana, mash, and add to oats. Heat another 30 seconds in microwave.","Stir in flax, brown sugar, and cinnamon. Top with peanut butter!"],"url":"https://pinchofyum.com/pb-banana-power-oats","title":"Peanut Butter Banana Power Oats","description":"These peanut butter banana power oats are packed with protein and fiber for a healthy start to your day! Quick, easy, and peanut butter delicious.","image":"https://pinchofyum.com/wp-content/uploads/2011/06/Peanut-Butter-Banana-Power-Oats-183x183.jpeg","review":5,"prepTime":5,"totalTime":10,"cookTime":5}