{"ingredients":["1 banana, fresh or frozen","1 cup mango chunks, fresh or frozen","1/2 cup wild blueberries, fresh or frozen","1/2 cup plain nonfat Greek yogurt","1/2 cup milk (or just enough to help things blend smoothly)","1 heaping tablespoon raw honey (more to taste)","1/2 cup kale or any other add ins that you want"],"directions":["Place bananas, mangoes, blueberries, yogurt, and milk in a blender. Blend until smooth. Add the kale and honey; blend again until smooth.","If desired (and especially if all your ingredients were fresh instead of frozen), add a few ice cubes to increase the volume of the smoothie and help it stay chilled. Crush until smooth.","Top with additional blueberries and serve immediately."],"url":"https://pinchofyum.com/honey-wild-blueberry-smoothie","title":"Honey and Wild Blueberry Smoothie","description":"This Honey and Wild Blueberry Smoothie is so simple and delicious. Creamy, refreshing, and healthy – a great, easy breakfast or snack!","image":"https://pinchofyum.com/wp-content/uploads/blueberry-smoothie-3-183x183.jpg","servings":"2","review":5,"prepTime":5,"totalTime":10,"cookTime":5,"nutrition":{"totalFat":2.7,"totalFatDailyValue":4,"cholestrol":7.2,"cholestrolDailyValue":2,"sodium":38.4,"sodiumDailyValue":2,"carbohydrates":45.4,"carbohydratesDailyValue":15,"sugars":32.1,"protein":5.7,"proteinDailyValue":11,"vitaminA":95.9,"vitaminADailyValue":6,"vitaminC":41.4,"vitaminCDailyValue":69}}