{"ingredients":["2 cups dry monggo beans, mung beans, or green lentils","6 cups vegetable broth","1 tablespoon oil","1 onion, minced","2 cloves garlic, minced","1 tablespoons freshly grated ginger","1 cup coconut milk (I used the canned kind)","1 bunch chopped or pulled malunggay leaves (or spinach)","salt to taste"],"directions":["Boil: Bring the broth to a boil in a large pot. Add the rinsed monggo beans and cook, uncovered, for about 40 minutes. I checked on mine every 10 minutes and added more water as needed (mine needed more water every time I checked it). You want the consistency to be like a very thick soup.","Saute: Heat the oil in a large skillet over medium heat. Saute the onion, garlic, and ginger in the oil in a large nonstick skillet until soft and fragrant, about 3 minutes. Add to the monggo pot and allow the mixture to simmer together for a few minutes.","Mix: Stir in the coconut milk and malunggay leaves. Remove the monggo pot from the heat. It just needs to be hot enough to very slightly wilt the leaves. Serve over rice or plain, like a soup."],"url":"https://pinchofyum.com/monggo-beans-mung-bean-soup","title":"Monggo Beans with Malunggay (or Mung Bean Soup)","description":"This recipe for Filipino-style monggo beans (aka mung bean soup) is so easy! Made into a creamy soup with coconut milk, ginger, garlic, and malunggay.","image":"https://pinchofyum.com/wp-content/uploads/2013/04/monggo-soup-5-183x183.jpg","servings":"6","review":5,"prepTime":5,"totalTime":55,"cookTime":50,"nutrition":{"totalFat":12.3,"totalFatDailyValue":19,"cholestrol":0,"cholestrolDailyValue":0,"sodium":708,"sodiumDailyValue":30,"carbohydrates":10.6,"carbohydratesDailyValue":4,"sugars":5,"protein":4.4,"proteinDailyValue":9,"vitaminA":292.6,"vitaminADailyValue":20,"vitaminC":24.2,"vitaminCDailyValue":40}}