{"ingredients":["1 huge bunch of fresh cilantro (2 cups packed)","1/2 cup olive oil","2 tablespoons white vinegar","1 clove garlic","1 teaspoon kosher salt","1/2 teaspoon red pepper flakes","1/4 to 1/2 cup water, if needed"],"directions":["Blend everything up for about a minute until smooth. Add the water if you need more volume in the blender to make it run smoothly. Season to taste!","PUT ON EVERYTHING! I actually do mean everything. So delicious."],"url":"https://pinchofyum.com/5-ingredient-cilantro-vinaigrette","title":"5 Ingredient Cilantro Vinaigrette","description":"This cilantro vinaigrette is EVERYTHING. The flavor is amazing and it only takes 5 ingredients! This recipe is completely inspired by the cilantro vinaigrette in the beautiful What’s Gaby Cookin cookbook!","image":"https://pinchofyum.com/wp-content/uploads/Cilantro-Vinaigrette-feature-185x185.jpg","servings":"1 cup","review":4.6,"nutrition":{"totalFat":28.1,"totalFatDailyValue":43,"cholestrol":0,"cholestrolDailyValue":0,"sodium":585.4,"sodiumDailyValue":24,"carbohydrates":0.7,"carbohydratesDailyValue":0,"sugars":0.1,"protein":0.2,"proteinDailyValue":0,"vitaminA":31.6,"vitaminADailyValue":2,"vitaminC":2.6,"vitaminCDailyValue":4}}