{"ingredients":["6 cloves garlic, crushed","1 teaspoon black pepper","2 tablespoons lime juice","2 tablespoons oyster sauce","1 tablespoon soy sauce","2 teaspoons salt","1 bouillon cube","2 tablespoons brown sugar","2 lbs. chicken thighs, cut into small pieces (at the shelter they keep the bone in)"],"directions":["Combine all the ingredients except chicken to make a marinade. Marinate the chicken for 3-4 hours.","Start a charcoal grill and let the coals get very hot. You want smoking, flameless coals. Thread the chicken pieces onto wood skewers and place on a metal grate over the coals. Brush with oil and grill until the chicken is cooked through, about 5 minutes. Remove from heat and let rest for a few minutes.","Repeat the grilling process with the cooked chicken, brushing with oil as necessary, until the outside of the chicken is a deep golden brown with a crispy exterior. Dip in a soy sauce and vinegar mixture with bird’s eye chilis for a little spiciness."],"url":"https://pinchofyum.com/filipino-chicken-barbecue","title":"Filipino Chicken Barbeque","description":"This recipe for Filipino chicken barbecue comes from the orphanage that I worked at for a year. Chicken on skewers, marinated and cooked over an open grill.","image":"https://pinchofyum.com/wp-content/uploads/2013/06/BBQ-chicken-13-183x183.jpg","servings":"5","review":4.6,"prepTime":240,"totalTime":245,"cookTime":5,"nutrition":{"totalFat":7.6,"totalFatDailyValue":12,"cholestrol":170.5,"cholestrolDailyValue":57,"sodium":1395.5,"sodiumDailyValue":58,"carbohydrates":7.3,"carbohydratesDailyValue":2,"sugars":3.9,"protein":36.4,"proteinDailyValue":73,"vitaminA":13.2,"vitaminADailyValue":1,"vitaminC":3,"vitaminCDailyValue":5}}