{"ingredients":["2 cups frozen cubed watermelon","1 cup water","1 tablespoon of honey or other sweetener to taste","a few mint and/or basil leaves, if you want to take it to the next level"],"directions":["Blend the watermelon and the water until smooth. Add the honey and mint and blend another 10-20 seconds until mostly smooth and the consistency of a slushy.","Serve immediately!"],"url":"https://pinchofyum.com/worlds-best-watermelon-smoothie","title":"World’s Best Watermelon Smoothie","description":"World’s Best Watermelon Smoothie! Featuring 4 simple ingredients -> watermelon, mint, honey, and water. You’re gonna go nuts.","image":"https://pinchofyum.com/wp-content/uploads/Watermelon-Smoothie-Recipe-185x185.jpg","servings":"2 smoothies","review":4.8,"prepTime":3,"totalTime":5,"cookTime":2}