{"ingredients":["3 cups rolled oats","1 1/4 cups sliced raw almonds","3/4 cup unsweetened coconut flakes","1/2 cup cocoa powder","1/4 teaspoon salt","1/2 cup turbinado sugar","2/3 cup melted coconut oil (measured in liquid form)","1/3 cup maple syrup","1 teaspoon vanilla (optional)","1 1/2 cups chocolate chips","sea salt for finishing"],"directions":["Make: Preheat the oven to 250 degrees Fahrenheit. Toss the oats, almonds, coconut, cocoa, salt, and 1/3 cup of the sugar in a large bowl. Whisk the melted coconut oil, maple syrup, and vanilla together. Set aside. Pour the liquids over the dry ingredients and stir to combine. Spread the granola into two large jelly roll pans in an even layer.","Bake: for 50 minutes total, stopping about halfway through to check the granola and shake or stir the pan if needed. After 50 minutes, sprinkle the chocolate chips over the top of the granola, return to the oven for 5-10 minutes until chocolate chips are very soft. Sprinkle with the remaining turbinado sugar and coarse sea salt to taste. The added sugar and salt should stick the outside of the chocolate chips. *YES*","Store: Let the granola stand for 1-2 hours. Gently scoop the granola into jars or an airtight container for storing. The advantage of doing this when the chocolate chips are still soft (at the 1-2 hour mark) is that it makes for great texture once it cools – the chocolate chips will sort of melt their way into the clusters and harden within each individual granola cluster. SO GOOD. You can also leave the granola out overnight or for several hours until the chocolate chips are fully cooled and hardened if you want to preserve the shape of the individual chocolate chip pieces in the granola."],"url":"https://pinchofyum.com/the-ultimate-chocolate-granola","title":"The Ultimate Chocolate Granola","description":"The Ultimate Chocolate Granola with almonds, oats, coconut flakes, chocolate chips, topped with crunchy sugar and sea salt.","image":"https://pinchofyum.com/wp-content/uploads/chocolate-chip-granola-recipe-1-185x185.jpg","servings":"16 servings - about 1/3 cup each","review":4.9,"prepTime":15,"totalTime":65,"cookTime":50,"nutrition":{"totalFat":20.2,"totalFatDailyValue":31,"cholestrol":0,"cholestrolDailyValue":0,"sodium":49.3,"sodiumDailyValue":2,"carbohydrates":39.6,"carbohydratesDailyValue":13,"sugars":24.1,"protein":5.6,"proteinDailyValue":11,"vitaminA":0,"vitaminADailyValue":0,"vitaminC":0,"vitaminCDailyValue":0}}