{"ingredients":["2 heads broccoli, cut into small florets","2 cups chopped purple cabbage","1/2 cup golden raisins","1/2 cup slivered almonds","1/2 cup chopped green onions","2/3 cup Simply Orange Low Acid","2 tablespoons miso","2 tablespoons almond butter","1 shallot","2 tablespoons canola oil"],"directions":["Toss all the salad ingredients together in a bowl.","Pulse the dressing ingredients in a food processor until smooth. Pour over the salad ingredients and toss to combine.","Serve immediately! Add more orange juice to add more moisture as needed."],"url":"https://pinchofyum.com/clean-broccoli-salad","title":"Clean Broccoli Salad with Creamy Almond Dressing","description":"CLEAN Broccoli Salad – non-mayo-based vegan goodness! with purple cabbage, raisins, almonds, green onions, and almond butter dressing.","image":"https://pinchofyum.com/wp-content/uploads/Broccoli-Salad-Recipe-185x185.jpg","servings":"6-8","review":4.6,"prepTime":10,"totalTime":15,"cookTime":5,"nutrition":{"totalFat":22.8,"totalFatDailyValue":35,"cholestrol":0,"cholestrolDailyValue":0,"sodium":435.2,"sodiumDailyValue":18,"carbohydrates":49,"carbohydratesDailyValue":16,"sugars":22.4,"protein":17,"proteinDailyValue":34,"vitaminA":134,"vitaminADailyValue":9,"vitaminC":304.7,"vitaminCDailyValue":508}}