{"ingredients":["1 Nespresso Altissio capsule","1 teaspoon honey","1/4 cup skim or almond milk","1/4 cup half and half","1/4 teaspoon vanilla","6-8 ice cubes"],"directions":["Brew the Altissio using a Nespresso VertuoLine System. It should make about 1/4 cup of espresso. Stir the honey into the hot espresso to dissolve. Add the milk, cream, and vanilla and stir to combine.","Place the ice cubes in a shaker and pour the coffee and milk mixture over the ice. Cover and shake for 20 seconds. Pour into a glass with the ice cubes. Serve immediately."],"url":"https://pinchofyum.com/milk-and-honey-iced-coffee","title":"Milk and Honey Iced Coffee","description":"This Milk and Honey Iced Coffee is so simple – just four ingredients to the most deliciously sweet and creamy homemade coffee drink!","image":"https://pinchofyum.com/wp-content/uploads/2014/07/iced-coffee-6-183x183.jpg","servings":"1","course":"Drinks","cuisine":"American","review":4.7,"prepTime":5,"totalTime":7,"cookTime":2,"nutrition":{"totalFat":1.5,"totalFatDailyValue":2,"cholestrol":2.9,"cholestrolDailyValue":1,"sodium":111.3,"sodiumDailyValue":5,"carbohydrates":11.5,"carbohydratesDailyValue":4,"sugars":8.8,"protein":1.9,"proteinDailyValue":4,"vitaminA":33.3,"vitaminADailyValue":2,"vitaminC":0.4,"vitaminCDailyValue":1}}