{"ingredients":["1 yellow onion","2 bell peppers (I used red and yellow)","1 tablespoon olive oil","4 tablespoons butter, divided","16 ounces fresh sliced white mushrooms","1 1/4 cup shredded cheese (obvi, smoked gouda is my fave)","10 flour tortillas","sour cream and cilantro and anything else for topping"],"directions":["Prep the peppers: Slice the onion and peppers into thin strips. Heat the olive oil in a large nonstick skillet over medium high heat; add the onions and saute for 3-5 minutes or until soft. Add the peppers and saute for 5 minutes until soft and roasty-looking on the outside. Transfer to a bowl.","Prep the mushrooms: Wipe the skillet with a paper towel and return to the stove. Add 1 1/2 tablespoons butter and melt over medium low heat. Add the mushrooms and saute for 5-8 minutes or until golden brown. Toss in the bowl with the peppers and onions.","Assemble and cook: Wipe the skillet with a paper towel (again) and return to the stove. For each quesadilla, melt 1/2 tablespoon butter in the skillet and layer these ingredients directly in the pan: 1 tortilla, 2 tablespoons cheese, 1/3 cup pepper mushroom mixture, 2 tablespoons cheese, 1 tortilla. By the time you’ve layered them, the bottom will probably be getting a little golden brown. Press the quesadilla together with the back of a spatula to help it stick and carefully flip it over in the skillet. I usually hold my hand on the top tortilla as I flip it to keep the filling from falling out. Let the quesadilla brown for another 2-3 minutes on the other side, just enough to turn golden brown and melt the cheese. Remove and cut into wedges (and repeat for the other quesadillas). Top with sour cream, cilantro or anything else you like!"],"url":"https://pinchofyum.com/smoked-gouda-mushroom-quesadillas","title":"Smoked Gouda Mushroom Quesadillas","description":"These Smoked Gouda Mushroom Quesadillas are deeeelicious! Creamy and melty, golden and crunchy, perfect for a quick vegetarian lunch.","image":"https://pinchofyum.com/wp-content/uploads/2014/07/quesadillas-3-183x183.jpg","servings":"5 quesadillas","review":4.6,"prepTime":15,"totalTime":35,"cookTime":20,"nutrition":{"totalFat":23.1,"totalFatDailyValue":35,"cholestrol":55.7,"cholestrolDailyValue":19,"sodium":589.6,"sodiumDailyValue":25,"carbohydrates":39.3,"carbohydratesDailyValue":13,"sugars":3.2,"protein":16.4,"proteinDailyValue":33,"vitaminA":153.8,"vitaminADailyValue":10,"vitaminC":39.4,"vitaminCDailyValue":66}}