{"ingredients":["3 cups cauliflower florets","2 cups Southern Grove Walnuts, whole","2 individual Pueblo Lindo Chipotles in adobo sauce","1 tablespoon Stonemill Chili Powder","1 teaspoon Stonemill Ground Cumin","1 teaspoon salt","1 pineapple, cored and diced","2 jalapeños, ribs and seeds removed, minced","1 bunch of cilantro, chopped","1/2 red onion, diced","1 teaspoon salt","juice of 2 limes","Avocados","Limes","Purple cabbage","Tortillas"],"directions":["WALNUT “CHORIZO”: Preheat oven to 375 degrees. Pulse everything in a food processor until evenly ground, similar to the texture of ground meat. Transfer to a greased or parchment-lined baking sheet. Bake for 30 minutes, stirring halfway to prevent browning.","PINEAPPLE SALSA: Mix!","PREP YOUR EXTRAS: Mash your avocados with some garlic powder, salt, and lime juice. Toss your shredded cabbage with lime juice, olive oil, and salt. Char the tortillas over an open gas burner.","TACOS: Layer avocado mash, walnut chorizo, pineapple salsa, and slaw into a soft, warm, charred tortilla. Oh my gosh. Be amazed."],"url":"https://pinchofyum.com/walnut-chorizo-tacos","title":"Walnut Chorizo Tacos with Pineapple Salsa","description":"Walnut Chorizo Tacos with Pineapple Salsa! Spicy walnut/cauliflower “meat”, fresh guacamole, tangy slaw, and a homemade pineapple salsa. My favorite tacos!","image":"https://pinchofyum.com/wp-content/uploads/Vegan-Walnut-Chorizo-Tacos-Feature-1-185x185.jpg","servings":"12 servings (a heaping 1/4 cup taco meat per serving)","review":4.9,"prepTime":20,"totalTime":50,"cookTime":30,"nutrition":{"totalFat":11.2,"totalFatDailyValue":17,"cholestrol":182.5,"cholestrolDailyValue":61,"sodium":723.5,"sodiumDailyValue":30,"carbohydrates":9.1,"carbohydratesDailyValue":3,"sugars":1.5,"protein":24.7,"proteinDailyValue":49,"vitaminA":10,"vitaminADailyValue":1,"vitaminC":9.5,"vitaminCDailyValue":16}}