{"ingredients":["3 small frozen bananas, slightly thawed","5 ounces (half a block) firm tofu","1/4 cup chocolate almond milk","2-3 tablespoons sugar, honey, or sweetener (I used Truvia)","1-2 tablespoons cocoa (I used less because mine was dark cocoa)","1 teaspoon vanilla","2 tablespoons malted milk powder"],"directions":["Blend the bananas, tofu, milk, and sugar until smooth. Add the cocoa and blend again until smooth. Add the vanilla and malted milk powder.","Pour into 2 glasses and serve topped with malted milk powder or chocolate chips."],"url":"https://pinchofyum.com/healthy-double-chocolate-malt","title":"Healthy Double Chocolate Malt","description":"This healthy double chocolate malt is made with bananas, tofu, almond milk, and cocoa. So thick and creamy and healthier than the original!","image":"https://pinchofyum.com/wp-content/uploads/healthy-double-chocolate-malt2-185x185.jpg","servings":"2","review":5,"prepTime":5,"totalTime":10,"cookTime":5,"nutrition":{"totalFat":6.3,"totalFatDailyValue":10,"cholestrol":1.8,"cholestrolDailyValue":1,"sodium":61,"sodiumDailyValue":3,"carbohydrates":67.7,"carbohydratesDailyValue":23,"sugars":46.6,"protein":12.5,"proteinDailyValue":25,"vitaminA":69.7,"vitaminADailyValue":5,"vitaminC":15.1,"vitaminCDailyValue":25}}