{"ingredients":["3 individual chipotle peppers in adobo sauce + 1 teaspoon of their sauce","4 cloves garlic","1 tablespoon oil","1 cup freshly squeezed orange juice (store bought is fine – I just use my own so there’s no added sugar)","1 1/2 cups reduced sodium chicken broth","1/2 cup light beer (or replace with 1/2 cup broth)","1/2 cup fresh cilantro, chopped","1 pound boneless skinless chicken breasts","2 teaspoons yellow mustard"],"directions":["Mince the chipotle peppers and garlic cloves. Heat the oil in a large pot over medium heat. Add the garlic and chipotle; saute for 1-2 minutes, stirring constantly to prevent burning. Smells will be yummy.","Add the orange juice, chicken broth, beer, and cilantro and turn the heat to high to bring to a boil. Add the raw chicken breasts; cover and reduce heat to medium-low. Simmer for 15-20 minutes or until the chicken breasts are cooked through. Remove the chicken breasts from the pot and place on a cutting board for a few minutes to cool. Shred the chicken with two forks.","Meanwhile, keep the sauce left in the pan over low heat. Whisk in the mustard and cook the sauce until it reduces by about half and you get all that mmm mmm good flavor in a thicker, more concentrated sauce. Add the shredded chicken back to the pot with the sauce and toss to combine. Top with additional fresh cilantro."],"url":"https://pinchofyum.com/spicy-chipotle-shredded-chicken","title":"Spicy Shredded Chipotle Chicken","description":"This Spicy Chipotle Shredded Chicken is perfect for tacos, nachos, quesadillas, salads, and more! Spicy, saucy, and delish.","image":"https://pinchofyum.com/wp-content/uploads/2014/06/chipotle-chicken-31-183x183.jpg","servings":"4-6 depending on how you use it","review":4.9,"prepTime":15,"totalTime":45,"cookTime":30,"nutrition":{"totalFat":3.5,"totalFatDailyValue":5,"cholestrol":56.3,"cholestrolDailyValue":19,"sodium":207.4,"sodiumDailyValue":9,"carbohydrates":8.9,"carbohydratesDailyValue":3,"sugars":6.1,"protein":18.9,"proteinDailyValue":38,"vitaminA":126.7,"vitaminADailyValue":8,"vitaminC":97.9,"vitaminCDailyValue":163}}