{"ingredients":["1 can chickpeas, drained","2 cloves garlic","1 tbs. tahini","1 squeeze of fresh lemon juice","1 tbs. olive oil","salt to taste","cayenne to taste (I would start small with 1/4 teaspoon)"],"directions":["Put chickpeas, garlic, tahini, lemon juice, salt, and cayenne in a food processor. Process until a thick paste forms.","Add the oil (streaming it in while the food processor is running seems to work best) and continue to add 1 tbs. of water at a time, until the consistency smooth and spreadable.","Sprinkle extra cayenne on top for more spice, and feta to cool things down!"],"url":"https://pinchofyum.com/spicy-hummus","title":"Spicy Hummus","description":"This spicy hummus is topped with crushed red pepper, feta cheese, and olive oil. A healthy, easy snack with crackers or veggies!","image":"https://pinchofyum.com/wp-content/uploads/2011/06/Spicy-Hummus-183x183.jpeg","servings":"4 servings","prepTime":5,"totalTime":10,"cookTime":5}