{"ingredients":["3 cups cherry tomatoes (or small tomatoes – tricolor or heirloom are super pretty!)","3 tablespoons olive oil, divided","3 cloves garlic","3 cups spinach","3 cups water","1 cup corn grits or polenta (I used Bob’s Red Mill – you can buy it on Amazon here)","4 ounces goat cheese","1/2 teaspoon salt"],"directions":["Preheat the oven to 425 degrees. Wash the tomatoes, place on a baking sheet, and pat dry. Drizzle with 1 tablespoon of the oil. Roast for 10 minutes, gently turn the tomatoes, and repeat until the tomatoes are browned, about 30 minutes. I turned the heat up to 450 at the end to get more browning action.","Heat the remaining 2 tablespoons oil in a large heavy pan. Add the garlic and saute gently until fragrant, but do not brown – browned garlic tastes bitter and gross. When the garlic is smelling awesome, add the spinach and turn off the heat. You should be able to just keep stirring the spinach around for a minute and it will wilt and reduce in size. Transfer to a bowl and set aside. Wipe out the pan with a paper towel.","In the same pan, bring the water to a boil. Add the polenta and whisk until smooth. Simmer for 15 minutes or so until the polenta has thickened. Add the goat cheese and the salt and stir until smooth. Taste and adjust as necessary. Serve the polenta immediately with the tomatoes and the spinach."],"url":"https://pinchofyum.com/roasted-tomatoes-with-goat-cheese-polenta","title":"Roasted Tomatoes with Goat Cheese Polenta","description":"Roasted Tomatoes with Goat Cheese Polenta! Fresh, juicy tomatoes, vibrant green spinach, and a creamy goat cheese polenta!","image":"https://pinchofyum.com/wp-content/uploads/Roasted-Tomatoes-with-Spinach-and-Goat-Cheese-Polenta-Recipe-185x185.jpg","servings":"4","review":4.9,"prepTime":15,"totalTime":75,"cookTime":60,"nutrition":{"totalFat":17.1,"totalFatDailyValue":26,"cholestrol":13.1,"cholestrolDailyValue":4,"sodium":576.2,"sodiumDailyValue":24,"carbohydrates":14.6,"carbohydratesDailyValue":5,"sugars":3.1,"protein":7.9,"proteinDailyValue":16,"vitaminA":234.3,"vitaminADailyValue":16,"vitaminC":22.3,"vitaminCDailyValue":37}}