{"ingredients":["3 cups prepared chili, or 2 cans","1 block cream cheese (I used light)","3 oz. Velveeta cheese","1 can black beans","chili powder, cumin, or cayenne to taste","cilantro for topping","tortilla chips for dipping"],"directions":["In microwaveable safe bowl, melt first 3 ingredients. Stir well until blended together. Add black beans and seasoning, if desired. Transfer to a mini-crockpot for serving. Serve with cilantro and chips!"],"url":"https://pinchofyum.com/chili-cheese-black-bean-dip","title":"Chili Cheese Black Bean Dip","description":"This chili cheese black bean dip is always a hit! Made in a mini-crockpot and served with tortilla chips. Party food with just 5 ingredients!","image":"https://pinchofyum.com/wp-content/uploads/2011/12/dip2-183x183.jpg","servings":"24","review":4.7,"prepTime":5,"totalTime":10,"cookTime":5,"nutrition":{"totalFat":4.5,"totalFatDailyValue":7,"cholestrol":14.5,"cholestrolDailyValue":5,"sodium":235.8,"sodiumDailyValue":10,"carbohydrates":5.9,"carbohydratesDailyValue":2,"sugars":1.2,"protein":4.7,"proteinDailyValue":9,"vitaminA":20.3,"vitaminADailyValue":1,"vitaminC":1,"vitaminCDailyValue":2}}