{"ingredients":["1/2 cup Thai style chili sauce (see notes)","1/2 cup water or chicken broth","1/4 cup Wholesome!® Organic Blue Agave","1/4 cup soy sauce","2 tablespoons rice vinegar","2 tablespoons lime juice","2 tablespoons Wholesome!® Organic Light Brown Sugar","1 clove garlic, minced","2 lbs. boneless skinless chicken thighs","2 cups uncooked quinoa","chopped peanuts, cilantro, and chili flakes for topping"],"directions":["Sauce: Whisk all the sauce ingredients together. Set aside about 1/2 cup sauce to marinade the chicken. In a small saucepan over medium heat, bring the sauce to a boil and reduce heat to low. Simmer for 30 minutes or so until the sauce has thickened.","Quinoa: Cook according to package directions.","Chicken: Place the chicken in a bag or bowl with the reserved 1/2 cup sauce to marinate. Return to the refrigerator and let it all hang out for 30 minutes or so, while the sauce thickens. Shake off excess marinade and transfer to a hot grill pan or skillet. Let the chicken cook for a few minutes on each side, until no longer pink, brushing periodically with the thickened sauce.","Serving: Plate the quinoa on a large platter and top with the chicken. Brush the whole thing with extra sauce. Sprinkle with cilantro, peanuts, and chili flakes."],"url":"https://pinchofyum.com/spicy-thai-chicken-and-quinoa","title":"Spicy Thai Chicken and Quinoa","description":"Spicy Thai Chicken and Quinoa, made with chili sauce, agave, lime juice, garlic, cilantro, and peanuts! Sticky, saucy, and delicious.","image":"https://pinchofyum.com/wp-content/uploads/Spicy-Thai-Chicken-recipe-185x185.jpg","servings":"4-6","review":4.8,"prepTime":15,"totalTime":55,"cookTime":40,"nutrition":{"totalFat":5.6,"totalFatDailyValue":9,"cholestrol":46.7,"cholestrolDailyValue":16,"sodium":687.3,"sodiumDailyValue":29,"carbohydrates":52.8,"carbohydratesDailyValue":18,"sugars":12.9,"protein":19.2,"proteinDailyValue":38,"vitaminA":12.6,"vitaminADailyValue":1,"vitaminC":6.9,"vitaminCDailyValue":11}}