{"ingredients":["6-10 tomatoes (I used 6 medium/smallish ones)","1/2 cup cooked brown rice","1/2 cup fresh sweet corn (canned works, but fresh is better)","1 clove garlic, minced","a handful of fresh basil ribbons","salt and pepper to taste","grated cheese (I used Gouda)"],"directions":["Wash and dry the corn. Place corn in a sturdy non-stick or cast iron skillet over medium high heat with no oil or butter. Let sit for 3-4 minutes and stir. Repeat until corn gets nice and brown on the outside. Remove from heat and set aside.","Cut the tops of the tomatoes off and carefully scoop out the flesh, reserving the flesh in a separate bowl. Set whole tomatoes aside. Crush the tomato flesh with the back of a spoon or in a food processor until there are no large chunks. Don’t totally puree it – just chop/mash it up.","Combine the mashed tomato mixture, brown rice, basil, corn and garlic. Season with salt and pepper. Add a small handful of the shredded cheese, reserving some for topping. Stir it all together until well-mixed.","Preheat broiler. Stuff the whole tomatoes with the tomato, rice, and corn mixture until rounded on the top. Top with shredded cheese. Broil for 3-5 minutes or until cheese reaches desired meltiness and tomatoes are heated through."],"url":"https://pinchofyum.com/roasted-corn-and-basil-stuffed-tomatoes","title":"Roasted Corn and Basil Stuffed Tomatoes","description":"These stuffed tomatoes are filled to the brim with roasted corn, fresh basil, and topped with melted Mozzarella cheese. Simple and healthy!","image":"https://pinchofyum.com/wp-content/uploads/stuffed-tomatoes-185x185.jpg","servings":"8","review":5,"prepTime":10,"totalTime":15,"cookTime":5,"nutrition":{"totalFat":3.9,"totalFatDailyValue":6,"cholestrol":14.1,"cholestrolDailyValue":5,"sodium":109.5,"sodiumDailyValue":5,"carbohydrates":10.1,"carbohydratesDailyValue":3,"sugars":4.1,"protein":4.9,"proteinDailyValue":10,"vitaminA":76.9,"vitaminADailyValue":5,"vitaminC":17.9,"vitaminCDailyValue":30}}