{"ingredients":["1/2 cup Quaker Oats rolled oats","1/4 cup chia seeds","1 cup milk or water","pinch of salt and cinnamon","maple syrup or other sweetener to taste","1 cup frozen berries of choice (or yesterday’s smoothie leftovers)","yogurt for topping","berries for topping"],"directions":["Place the oats, seeds, milk, salt, and cinnamon in a jar with a lid. Refrigerate overnight.","Puree the berries. (I usually incorporate this into my smoothie routine, so I either use leftover smoothie or just blend up a huge smoothie batch so I have a little extra for the oats. You don’t HAVE to do this, but it’s a nice way to add some fruit and color.)","Stir oats with your frozen berry puree and top with yogurt and more berries, nuts, honey, whatevs you like."],"url":"https://pinchofyum.com/chia-overnight-oats","title":"Berry Chia Overnight Oats","description":"Chia Overnight Oats made with chia, oats, and almond milk. So easy and perfect for a quick healthy breakfast on the go! YUM!","image":"https://pinchofyum.com/wp-content/uploads/Chia-Overnight-Oats-Recipe-185x185.jpg","review":4.6,"prepTime":5,"totalTime":10,"cookTime":5,"nutrition":{"totalFat":22,"totalFatDailyValue":34,"cholestrol":24.4,"cholestrolDailyValue":8,"sodium":114.5,"sodiumDailyValue":5,"carbohydrates":75.8,"carbohydratesDailyValue":25,"sugars":27.5,"protein":20,"proteinDailyValue":40}}