{"ingredients":["6 slices bacon","1 yellow onion","8 tablespoons salted butter, divided","2 teaspoons Dijon mustard","1 teaspoon Worcestershire sauce","1 package King’s Hawaiian Hamburger Buns","2 pounds sliced deli ham","1 pound sliced Swiss (or any white melty) cheese"],"directions":["Fry the bacon until crispy. Place on paper towels to drain.","Slice onion into thin strips. Melt 1 tablespoon butter in a small skillet; add onions and cook over very low heat for 30 minutes, stirring occasionally. The onions should turn a deep golden color and taste sweet. Melt the remaining butter and whisk with the mustard and Worcestershire sauce.","Preheat the oven to 350 degrees. Cut foil into large squares for wrapping each sandwich. Brush the bottom of each bun with butter mixture on both sides. Top with ham, onions, bacon, and cheese. Brush the top of the bun with butter on both sides, place on the sandwich, and wrap with foil. Repeat for remaining sandwiches. Bake for 20 minutes or until warmed through and cheese is melted. Store leftovers in the fridge with a piece of wax paper between them to prevent sticking. Reheat leftovers in the oven wrapped in foil or in the microwave for 1 minute."],"url":"https://pinchofyum.com/hot-ham-and-cheese-sandwiches-bacon-caramelized-onions","title":"Hot Ham and Cheese Sandwiches with Bacon and Caramelized Onions","description":"These simple Hot Ham and Cheese Sandwiches are made extra yummy by baking them with bacon and caramelized onions. Just so good.","image":"https://pinchofyum.com/wp-content/uploads/2014/08/ham-and-cheese-105-183x183.jpg","servings":"6 sandwiches","review":4.7,"prepTime":15,"totalTime":75,"cookTime":60,"nutrition":{"totalFat":40.4,"totalFatDailyValue":62,"cholestrol":215.2,"cholestrolDailyValue":72,"sodium":2349.6,"sodiumDailyValue":98,"carbohydrates":33.3,"carbohydratesDailyValue":11,"sugars":10,"protein":54.2,"proteinDailyValue":108,"vitaminA":180.3,"vitaminADailyValue":12,"vitaminC":0.4,"vitaminCDailyValue":1}}