{"ingredients":["2 cups dry roasted peanuts","1-2 tablespoons honey or sugar","additional salt to taste"],"directions":["Place peanuts in a food processor. Turn the food processor on and let it run for 4-5 minutes. During this time, you’ll see the peanuts go in stages from crumbs to a dry ball to a smooth and creamy “liquid” peanut butter. Stir in the sugar, honey, or salt, if you want.","Store in the fridge or at room temperature if you think you’ll go through it fast enough (I know people who store it both ways – I would just advise the fridge if it’s going to be several weeks before you get through it)."],"url":"https://pinchofyum.com/5-minute-homemade-peanut-butter","title":"5 Minute Homemade Peanut Butter","description":"5 Minute Homemade Peanut Butter! Just peanuts, a food processor, and five minutes. DONE! Sooo creamy, delicious, and EASY!","image":"https://pinchofyum.com/wp-content/uploads/Homemade-Peanut-Butter-Recipe-185x185.jpg","servings":"1 1/2 cups peanut butter","review":4.9,"prepTime":2,"totalTime":5,"cookTime":3,"nutrition":{"totalFat":17.5,"totalFatDailyValue":27,"cholestrol":0,"cholestrolDailyValue":0,"sodium":1.4,"sodiumDailyValue":0,"carbohydrates":9.5,"carbohydratesDailyValue":3,"sugars":3.8,"protein":6.4,"proteinDailyValue":13,"vitaminA":0,"vitaminADailyValue":0,"vitaminC":0.3,"vitaminCDailyValue":0}}