{"ingredients":["¼ cup oil","¼ cup water","½ cup chopped green onions","½ cup cilantro leaves","1-2 cloves garlic","½ teaspoon salt","juice of 2 limes","½ cup sour cream, Greek yogurt, or mayo","3-4 cups shredded purple and green cabbage","1 cup quinoa","1 lb. cod or other white fish","1/2 cup flour","2 teaspoons EACH cumin and chili powder","1/4 to 1/2 teaspoon cayenne pepper (this is what makes it spicy so adjust to taste)","1 teaspoon salt","1 tablespoon EACH butter and olive oil","avocado, pepitas, cotija cheese, lime wedges, or other extras for serving"],"directions":["SLAW: Pulse the slaw ingredients (in order, starting with oil and ending with lime juice) until chopped/chunky. Add the sour cream and pulse again until just combined (you don’t want it totally smooth green – just like an herb-loaded creamy sauce). Toss the sauce with the cabbage. Let it sit in the fridge while you prep the other ingredients.","QUINOA: Prepare the quinoa according to package directions.","FISH: Pat the cod dry with paper towels and cut into bite-sized pieces. Combine the flour, spices, and salt in a shallow dish. Heat the oil and butter in a large skillet over medium high heat. Dredge each piece of fish in the flour and add to the hot pan, frying for a few minutes on each side. When the fish is golden brown, remove from pan and sprinkle with the salt.","SERVING: Plate each dish with a scoop of quinoa, a few pieces of fish, a scoop of cilantro lime slaw, and avocado or any other extra toppings you like. Serve with lime wedges and additional salt as needed."],"url":"https://pinchofyum.com/spicy-fish-taco-bowls-with-cilantro-lime-slaw","title":"Spicy Fish Taco Bowls with Cilantro Lime Slaw","description":"Spicy Fish Taco Bowls with cilantro lime slaw – crispy, fresh, and SO yummy! quinoa, slaw, avocado, and crispy fish!","image":"https://pinchofyum.com/wp-content/uploads/Fish-Taco-Bowls-Recipe-185x185.jpg","servings":"4","review":4.9,"prepTime":20,"totalTime":50,"cookTime":30,"nutrition":{"totalFat":27.9,"totalFatDailyValue":43,"cholestrol":69.8,"cholestrolDailyValue":23,"sodium":1078.3,"sodiumDailyValue":45,"carbohydrates":51.2,"carbohydratesDailyValue":17,"sugars":3.7,"protein":31.5,"proteinDailyValue":63,"vitaminA":146.1,"vitaminADailyValue":10,"vitaminC":51.1,"vitaminCDailyValue":85}}