{"ingredients":["2 lbs. boneless skinless chicken breasts, cut into small pieces","3 tablespoons spicy seasoning mix*","a few tablespoons of olive oil","3 sweet potatoes, peeled and diced","5-6 cups broccoli florets (broccolini FTW)","coarse sea salt and freshly cracked pepper","avocado / hummus / lemon juice / chives / olive oil for serving"],"directions":["Preheat the oven to 425 degrees. Toss the chicken pieces with the spices and a quick stream of olive oil. Stir to combine; store in the fridge for about 30 minutes while you prep other ingredients.","Arrange the vegetables on their own sheet pans (preferably ones with edges to catch drips, etc.). Drizzle with olive oil and sprinkle generously with salt. Arrange the chicken on a separate sheet pan.","Bake all ingredients for 12-15 minutes. Remove the broccoli and chicken. Stir sweet potatoes and roast another 15 minutes or so.","Done! Divide your servings out into containers and be happy you have meal starters ready for the week! 😀"],"url":"https://pinchofyum.com/spicy-chicken-sweet-potato-meal-prep-magic","title":"Spicy Chicken Sweet Potato Meal Prep Magic Bowls","description":"Spicy Chicken and Sweet Potato Meal Prep Magic! 3 big sheet pans + 45 minutes = healthy meals for a week!","image":"https://pinchofyum.com/wp-content/uploads/Chicken-Sweet-Potato-Meal-Prep-Bowls-Recipe-185x185.jpg","servings":"8","review":4.9,"prepTime":15,"totalTime":45,"cookTime":30,"nutrition":{"totalFat":4.9,"totalFatDailyValue":8,"cholestrol":82.7,"cholestrolDailyValue":28,"sodium":326.9,"sodiumDailyValue":14,"carbohydrates":15.3,"carbohydratesDailyValue":5,"sugars":3.3,"protein":28,"proteinDailyValue":56,"vitaminA":372.9,"vitaminADailyValue":25,"vitaminC":50.2,"vitaminCDailyValue":84}}