{"ingredients":["1/2 cup peanut butter","1/3 cup sesame oil","1/3 cup light low sodium soy sauce","1/4 cup rice vinegar","2 tablespoons chili paste (like sambal oelek)","2 tablespoons sugar","1 clove garlic, minced","1 knob of fresh ginger, peeled and grated","12 ounces extra firm tofu","4-6 zucchini","sesame seeds and scallions for topping"],"directions":["Chili Sesame Sauce: Shake all the sauce ingredients in a jar or toss them in the food processor and give them a whirl. If you’re going to have this cold, refrigerate your sauce for a while.","Tofu: Press excess moisture out of the tofu. Cut into bite sized pieces. Heat a tiny bit of oil in a nonstick pan. Add the tofu and stir fry until golden brown. Add about 1/2 cup sauce and simmer until the sauce starts to evaporate / absorb into the tofu and becomes browned in the pan. Keep gently flipping and scraping browned bits off the bottom – after a while, you should end up with nicely golden brown tofu with some little yummy browned bits from the sauce.","All Together: Spiralize your zucchini and toss with about 1/4 cup sauce per serving. Top with tofu, sesame seeds, and scallions. Serve immediately."],"url":"https://pinchofyum.com/sesame-zoodles","title":"Spicy Sesame Zoodles with Crispy Tofu","description":"Spicy Sesame Zoodles with Crispy Tofu! SUPER easy recipe with familiar ingredients – soy sauce, peanut butter, sesame oil, garlic, zucchini, and tofu. Vegan / Vegetarian","image":"https://pinchofyum.com/wp-content/uploads/Chili-Sesame-Zoodles-Recipe-185x185.jpg","servings":"6","review":4.8,"prepTime":10,"totalTime":25,"cookTime":15,"nutrition":{"totalFat":26.7,"totalFatDailyValue":41,"cholestrol":0,"cholestrolDailyValue":0,"sodium":714.2,"sodiumDailyValue":30,"carbohydrates":12.2,"carbohydratesDailyValue":4,"sugars":7.8,"protein":13.1,"proteinDailyValue":26,"vitaminA":4,"vitaminADailyValue":0,"vitaminC":3.8,"vitaminCDailyValue":6}}