{"ingredients":["1/2 cup rice vinegar","1/4 cup Wholesome! coconut palm sugar","1 tablespoon sesame oil","1 teaspoon salt","6-8 carrots, cut into thin ribbons (I used a peeler to make those curls)","1 lb. ground pork","1-2 tablespoons lemongrass paste","4 cloves garlic, minced","1 tablespoon chili paste (like Sriracha or Sambal Oelek)","1 tablespoon fish sauce","1 tablespoon Wholesome! coconut palm sugar","2 teaspoons cornstarch","1 teaspoon salt","quinoa, rice, or noodles","herbs: cilantro, basil, mint, green onions","crushed peanuts or sesame seeds","spicy mayo (just mayo with a hit of sriracha)"],"directions":["Quick Pickled Carrots: Whisk the rice vinegar, palm sugar, sesame oil, and salt together. Soak the carrots in the mixture for one hour.","Meatballs: Mix all ingredients. Roll into small meatballs with your hands (they might feel wet and heavy – pop them in the fridge or freezer for a few minutes to get them to hold their shape a bit better). Heat a little bit of olive oil over medium high heat. Add the meatballs and fry until golden brown on the outside and fully cooked (not pink) inside.","Bowls: Layer the carrots and meatballs over quinoa, rice, or noodles. Top with herbs, peanuts, sesame seeds, and/or spicy mayo. I would feel happy for you if you also added an avocado."],"url":"https://pinchofyum.com/banh-mi-bowls","title":"Banh Mi Bowls","description":"Banh Mi Bowls! A quick and easy meal featuring quinoa or rice topped with quick pickled carrots, herbs, peanuts, and easy lemongrass pork meatballs, all covered with spicy mayo.","image":"https://pinchofyum.com/wp-content/uploads/Banh-Mi-Bowls-Recipe-185x185.jpg","servings":"enough meatballs / carrots for 4 bowls","review":4.6,"prepTime":15,"totalTime":30,"cookTime":15,"nutrition":{"totalFat":24.9,"totalFatDailyValue":38,"cholestrol":81.6,"cholestrolDailyValue":27,"sodium":1237.1,"sodiumDailyValue":52,"carbohydrates":55.9,"carbohydratesDailyValue":19,"sugars":8.5,"protein":24.3,"proteinDailyValue":49}}