{"ingredients":["2 large, ripe papayas","1 large, ripe mango","1 orange","3/4 cup coconut milk (I used the kind from a can)","1/2 cup regular milk","1 tablespoon honey"],"directions":["Cut the papayas in half and remove the seeds. Cut the peel off the halves, roughly chop the peeled papaya and place in the blender. Cut a mango in half around the pit (there’s a large pit down the middle), scoop the flesh out of each half and place in the blender. Peel an orange, separate the sections, roughly chop into small pieces, and place in the blender.","Cover the fruit with the coconut milk, regular milk, and honey. Blend until very smooth. Add ice and blend until smooth, or serve chilled."],"url":"https://pinchofyum.com/papaya-mango-smoothie","title":"Papaya Mango Smoothie","description":"This papaya mango smoothie is made with just papaya, mango, milk, and honey! The end result is smooth, creamy, and refreshing.","image":"https://pinchofyum.com/wp-content/uploads/2013/04/papaya-smoothie-5-183x183.jpg","servings":"4","review":5,"prepTime":15,"totalTime":20,"cookTime":5,"nutrition":{"totalFat":13.2,"totalFatDailyValue":20,"cholestrol":3.1,"cholestrolDailyValue":1,"sodium":53,"sodiumDailyValue":2,"carbohydrates":69.3,"carbohydratesDailyValue":23,"sugars":49.4,"protein":5,"proteinDailyValue":10,"vitaminA":248.1,"vitaminADailyValue":17,"vitaminC":297.9,"vitaminCDailyValue":496}}