{"ingredients":["1 lb. large shrimp","salt, pepper, and olive oil for the pan","4 cloves garlic","4 cups diced fresh tomatoes or halved cherry tomatoes","2 cups chicken or vegetable broth","4 tablespoons butter","1/2 cup fresh basil leaves, cut or torn into small pieces","salt to taste","8 ounces DeLallo capellini","Parmesan cheese for topping"],"directions":["SHRIMP: Heat a swish of oil in a large skillet over medium heat. Add the shrimp and season with salt and pepper. Cook until pink, about 2 minutes per side. Remove shrimp from the pan and set aside.","GARLIC BUTTER POMODORO SAUCE: In the same pan, heat just a tiny bit more oil over medium low heat and toss the garlic in. Saute for a minute or two until it smells amazing. Add the tomatoes and broth and simmer for 10-ish minutes. The tomatoes will start to become saucy, and gradually that sauce will start to thicken. This is good.","CAPELLINI: Cook according to package directions. Drain and set aside.","ALL TOGETHER NOW: Add the butter and basil to the thickened sauce and stir to combine. If it needs thickening, let it hang out on low heat for just a little while longer. Season to taste. When the sauce is ready, add the shrimp back in. Serve the sauce over top of the pasta with a little Parm, salt, and pepper."],"url":"https://pinchofyum.com/garlic-butter-capellini-pomodoro-with-shrimp","title":"Garlic Butter Capellini Pomodoro with Shrimp","description":"Garlic Butter Capellini Pomodoro with Shrimp – simple prep, easy ingredients: capellini pasta, shrimp, garlic, butter, basil, and fresh tomatoes. Ready in 30 minutes!","image":"https://pinchofyum.com/wp-content/uploads/Shrimp-Capellini-Pomodoro-TR-185x185.jpg","servings":"4","review":4.7,"prepTime":10,"totalTime":40,"cookTime":30,"nutrition":{"totalFat":12.8,"totalFatDailyValue":20,"cholestrol":215.5,"cholestrolDailyValue":72,"sodium":609.5,"sodiumDailyValue":25,"carbohydrates":52.3,"carbohydratesDailyValue":17,"sugars":5.6,"protein":32.2,"proteinDailyValue":64,"vitaminA":161.3,"vitaminADailyValue":11,"vitaminC":21.4,"vitaminCDailyValue":36}}