{"ingredients":["1 lb boneless, skinless chicken breasts","19 ounces (about 2 ½ cups) enchilada sauce","2 cups shredded cheese (I used Mozzarella because I had it on hand)","6-8 small flour tortillas","1 can refried beans (I like Amy’s Organic Refried Black Beans – so yummy!)"],"directions":["Cook and shred the chicken. I do this by boiling a large pot of water and cooking the chicken breasts in the water for about 30 minutes until cooked through. Then I shred the chicken with 2 forks. You can do this ahead of time.","Preheat the oven to 375 degrees. Place a few spoonfuls of enchilada sauce in the bottom of a glass square baking dish (mine was 9×9) to prevent sticking. Place 2 tortillas in the bottom of the dish, overlapping to cover the entire surface. Layer the beans, chicken, cheese, sauce, and tortillas; repeat once to make a total of 2 layers. For me this was about 1/3 cup refried beans, 1 cup of the chicken, ½ cup cheese, and about 3/4 cup enchilada sauce in each layer.","Cover the top with the remaining enchilada sauce and 1 cup cheese. Cover the baking dish with well-oiled aluminum foil and bake for about 30 minutes. Remove foil and bake uncovered for an additional 5 minutes or until cheese is starting to brown and sauce is bubbling.","Allow to rest for at least 15 minutes before cutting and serving (otherwise it will be a soupy mess – delicious, but not ideal). Top with sliced green onions or cilantro."],"url":"https://pinchofyum.com/chicken-enchilada-casserole","title":"Chicken Enchilada Casserole","description":"A 5-ingredient stacked enchilada casserole layered with tortillas, beans, and chicken and covered with cheese and enchilada sauce.","image":"https://pinchofyum.com/wp-content/uploads/2012/11/chicken_enchilada-169-thumbnail-183x183.jpg","servings":"10-12","review":4.8,"prepTime":15,"totalTime":45,"cookTime":30,"nutrition":{"totalFat":6.2,"totalFatDailyValue":10,"cholestrol":36.9,"cholestrolDailyValue":12,"sodium":1012.7,"sodiumDailyValue":42,"carbohydrates":27.2,"carbohydratesDailyValue":9,"sugars":3.9,"protein":17.6,"proteinDailyValue":35,"vitaminA":39.8,"vitaminADailyValue":3,"vitaminC":1,"vitaminCDailyValue":2}}