{"ingredients":["1 tablespoon olive oil","1/2 cup finely chopped onion","5 teaspoons minced garlic, divided","2 cups uncooked quinoa","1 teaspoon chili powder, divided","4 cups vegetable or chicken broth","6 tablespoons salted butter, divided","1 pound raw tail-on shrimp","salt and pepper to taste","fresh parsley for serving","fresh lemon juice for serving"],"directions":["Heat the oil in a large nonstick pot over medium high heat. Add the onion and saute until softened, about 5 minutes. Add 2 teaspoons of the garlic and saute for 1 minute, stirring constantly to prevent burning. Add the uncooked quinoa and 1/2 teaspoon chili powder. Sprinkle with salt and pepper. Saute for another 1 minute to add flavor to the quinoa. Add the broth, bring to a boil, cover and cook for 15-20 minutes. When the quinoa is done, it will be soft throughout. Fluff with a fork and toss with fresh minced parsley.","While the quinoa is cooking, heat 1 tablespoon butter in a large skillet over medium high heat. When the pan is hot and the butter is melted, add the shrimp and sprinkle with the remaining 1/2 teaspoon chili powder directly in the pan. Season with salt and pepper and saute until no longer translucent and golden brown on the outside. Just at the end of the saute, add 1 teaspoon garlic and swirl around in the pan until the garlic is very fragrant.","Melt the remaining 5 tablespoons butter with the 2 teaspoons garlic to make a sauce for drizzling (for this, crushed garlic or garlic paste would work really well but minced is also fine).","Serve the quinoa and shrimp together in one dish, topping with fresh chopped parsley and lemon juice if desired. When the butter is melted and cooled slightly, drizzle over the shrimp and quinoa. Serve immediately, while still hot."],"url":"https://pinchofyum.com/garlic-butter-shrimp-quinoa","title":"Garlic Butter Shrimp and Quinoa","description":"This Garlic Butter Shrimp and Quinoa is ready in 30 minutes and is full of garlic butter flavor. One of my favorite ways to do shrimp!","image":"https://pinchofyum.com/wp-content/uploads/2014/01/shrimp-and-quinoa-11-183x183.jpg","servings":"8","review":4.7,"prepTime":10,"totalTime":55,"cookTime":45,"nutrition":{"totalFat":13.3,"totalFatDailyValue":20,"cholestrol":114.1,"cholestrolDailyValue":38,"sodium":423.2,"sodiumDailyValue":18,"carbohydrates":30.2,"carbohydratesDailyValue":10,"sugars":1.4,"protein":17.7,"proteinDailyValue":35,"vitaminA":78.3,"vitaminADailyValue":5,"vitaminC":1.1,"vitaminCDailyValue":2}}