{"ingredients":["2 lbs. boneless skinless chicken breasts","1/4 cup masala paste (see notes)","1/2 cup plain yogurt","1 1/2 cups tomato puree","1 14 ounce can regular coconut milk","rice and cilantro for serving"],"directions":["PREP: Make the quick masala paste (or maybe – hopefully – you already made this and have it in your freezer?! you’re a rock star).","MARINATE CHICKEN: Cut the chicken into bite sized pieces. Marinate with 1 tablespoon of masala paste and the yogurt for about 30 minutes in the fridge.","SIMMER: Heat a large, deep skillet over medium high heat and add the remaining masala paste. Stir fry for a few minutes to get all the spices going. Add the chicken/yogurt mixture and saute until the chicken is mostly cooked. Add the tomato puree and coconut milk to the pan with the chicken and simmer for 15 or so minutes. Season with salt. Let stand for a while so the sauce will thicken up a bit. Serve over rice with cilantro!"],"url":"https://pinchofyum.com/chicken-tikka-masala","title":"Chicken Tikka Masala","description":"Chicken Tikka Masala – creamy, perfectly spicy, and ready in 30 minutes! you won’t believe how easy it is to make this at home!","image":"https://pinchofyum.com/wp-content/uploads/Chicken-Tikka-Masala-Recipe-185x185.jpg","servings":"6-8","review":4.7,"prepTime":15,"totalTime":30,"cookTime":15}