{"ingredients":["2 poblano peppers","3/4 cup light sour cream","1/4 cup water","2 tablespoons oil","1 teaspoon minced garlic","1/2 teaspoon salt","1/2 cup sliced green onions","1 cup cornmeal","1/2 teaspoon salt","2 tablespoons salted butter, divided","16 ounces sliced mushrooms (I used baby bella and white button mushrooms)","1 teaspoon minced garlic","1 scant tablespoon cornstarch dissolved in 2 tablespoons cold water (optional)"],"directions":["Sauce: Roast the poblano peppers over an open flame or in the oven until the outside is slightly charred. Place under a towel for a few minutes to steam and soften. Cut into pieces and set aside. Puree the sour cream, water, oil, garlic, and salt in a food process. Add the green onions and poblano peppers and puree until desired consistency is reached. I like to leave a little bit of texture in the sauce.","Polenta: Bring 4 cups of water to boil. Add the cornmeal and salt; simmer until thick and bubbly, about 5-10 minutes, keeping in mind that the polenta firms up quite a bit as it cools. Add 1 tablespoon butter once removed from heat.","Mushrooms: Melt 1 tablespoon butter in a large skillet over high heat. Add the garlic and the mushrooms; saute until golden brown. Add the sauce and the cornstarch dissolved in water. Bring to a simmer until the sauce is slightly thickened. Serve the mushrooms and sauce over the polenta."],"url":"https://pinchofyum.com/creamy-poblano-mushrooms-polenta","title":"Creamy Poblano Mushrooms with Polenta","description":"This recipe for Creamy Poblano Mushrooms with Polenta is a simple vegetarian dish with tons of flavor! Simple and delicious!","image":"https://pinchofyum.com/wp-content/uploads/2014/04/poblano-mushrooms-6-183x183.jpg","servings":"4","review":4.5,"prepTime":15,"totalTime":60,"cookTime":45,"nutrition":{"totalFat":19.7,"totalFatDailyValue":30,"cholestrol":30.4,"cholestrolDailyValue":10,"sodium":1130.8,"sodiumDailyValue":47,"carbohydrates":35.8,"carbohydratesDailyValue":12,"sugars":2.7,"protein":10,"proteinDailyValue":20,"vitaminA":125.1,"vitaminADailyValue":8,"vitaminC":72.3,"vitaminCDailyValue":120}}