{"ingredients":["1 whole chicken (could sub pulled rotisserie chicken)","1 bottle chipotle peppers in adobo sauce","8 medium tomatoes, very ripe","2 onions","2 cloves garlic","lettuce, queso, crema, and tostadas"],"directions":["Boil the whole chicken with 1 coarsely chopped onion and 1 clove chopped garlic. When cooked through, shred chicken and set aside.","Wash whole tomatoes and place them in a pan on the stove (no water, no oil). Heat them until the skins get roasted and the insides are soft, turning them frequently.","Put tomatoes, chipotles, and 1 clove garlic in the blender. Salt to taste and a little bit of water. Puree until smooth or to the consistency that you like.","Cut the other onion into large chunks or long, skinny strips. Saute the onion in a large pan with a little oil until translucent. Add tomato mixture and bring to a boil. Add shredded chicken and heat through.","Assemble tostadas with chicken mixture, queso, crema, salsa, and lettuce. Enjoy!"],"url":"https://pinchofyum.com/marisas-spicy-chicken-tostadas","title":"Marisa’s Spicy Chicken Tostadas","description":"A recipe from my 4th grade student’s mom who brought me these spicy chicken tostadas on conference night. Authentic Mexican that’s easy and delicious.","image":"https://pinchofyum.com/wp-content/uploads/chicken-tostadas-185x185.jpg","servings":"8","review":5,"prepTime":10,"totalTime":55,"cookTime":45,"nutrition":{"totalFat":12,"totalFatDailyValue":19,"cholestrol":52.4,"cholestrolDailyValue":17,"sodium":52.5,"sodiumDailyValue":2,"carbohydrates":8,"carbohydratesDailyValue":3,"sugars":5.1,"protein":12,"proteinDailyValue":24,"vitaminA":251.4,"vitaminADailyValue":17,"vitaminC":21.3,"vitaminCDailyValue":35}}