{"ingredients":["1 can coconut milk","2 tablespoons red curry paste","2 small heads broccoli (and/or other veggies of choice)","1 can chickpeas, rinsed and drained","1/2 tablespoon cornstarch dissolved in 2 tablespoons cold water","optional: minced garlic or onion"],"directions":["Saute broccoli (and onion/garlic if you’re using it) in a tablespoon of oil. After a few minutes, add the coconut milk and let simmer for 5-8 minutes. The broccoli should soften but still be tender-crisp.","Add the curry paste to the pan and whisk it until it combines with the coconut milk. Add the chickpeas.","Bring to a slight boil and add the cornstarch. Boil for about a minute, then reduce heat and let cool slightly. Sauce will thicken as the mixture cools."],"url":"https://pinchofyum.com/5-ingredient-coconut-curry","title":"5 Ingredient Coconut Curry","description":"This 5-ingredient coconut curry has broccoli and chickpeas and a creamy coconut curry sauce that comes together super fast.","image":"https://pinchofyum.com/wp-content/uploads/coconut-curry-185x185.jpg","servings":"3-4","review":4.2,"prepTime":5,"totalTime":15,"cookTime":10,"nutrition":{"totalFat":26.2,"totalFatDailyValue":40,"cholestrol":0,"cholestrolDailyValue":0,"sodium":242,"sodiumDailyValue":10,"carbohydrates":57.6,"carbohydratesDailyValue":19,"sugars":11.5,"protein":19.1,"proteinDailyValue":38,"vitaminA":351.2,"vitaminADailyValue":23,"vitaminC":59.2,"vitaminCDailyValue":99}}