{"ingredients":["5 tablespoons butter","1 large yellow onion, roughly chopped","3 large potatoes, peeled and roughly chopped","8 cups chicken or vegetable broth","2-3 cups chopped kale, stems removed","2 cups milk","salt and pepper to taste"],"directions":["Heat the butter in a large pot over medium high heat. Add the onions and potatoes and saute until golden brown, 5-8 minutes, sprinkling with salt and pepper. Add 6 cups of the broth and the kale; simmer for 5-10 minutes until the kale softens and becomes a darker green.","Transfer the soup to a heavy-duty blender. Puree for 2-3 minutes or until the soup is completely smooth. Transfer the pureed soup back the pan and stir in the milk and the remaining 2 cups broth depending on how thick you want the soup to be. Season with salt and pepper and serve with yummy paninis, toasted wheat bread, or crackers, cheese, and hummus."],"url":"https://pinchofyum.com/creamy-potato-kale-soup","title":"Creamy Potato Kale Soup","description":"This Creamy Potato Kale Soup is beyond velvety! It’s our new favorite soup to pair with paninis, bread, and grilled cheese.","image":"https://pinchofyum.com/wp-content/uploads/2014/05/potato-kale-soup-91-183x183.jpg","servings":"8","review":4.6,"prepTime":15,"totalTime":40,"cookTime":25,"nutrition":{"totalFat":9,"totalFatDailyValue":14,"cholestrol":20.3,"cholestrolDailyValue":7,"sodium":969.1,"sodiumDailyValue":40,"carbohydrates":30.8,"carbohydratesDailyValue":10,"sugars":6.6,"protein":6.6,"proteinDailyValue":13,"vitaminA":68.3,"vitaminADailyValue":5,"vitaminC":28.8,"vitaminCDailyValue":48}}