{"ingredients":["Sweet Potato Pizza Crust","1/2 cup barbecue sauce","1/2 cup shredded chicken","1/4 cup thinly sliced red onion","1 cup mozzarella cheese","1/2 cup chopped cilantro"],"directions":["Prepare the pizza crust.","Top with sauce, chicken, red onion, and mozzarella cheese, in that order. Bake at 400 degrees for 10 minutes, or until the cheese is melted and pizza is hot.","Finish with cilantro. Cut and serve!"],"url":"https://pinchofyum.com/bbq-chicken-sweet-potato-pizza","title":"BBQ Chicken Sweet Potato Pizza","description":"BBQ Chicken Sweet Potato Pizza! with a 3-ingredient sweet potato crust! easy real food pizza with chicken, BBQ sauce, red onion, cheese, cilantro.","image":"https://pinchofyum.com/wp-content/uploads/Sweet-Potato-Pizza-Recipe-185x185.jpg","servings":"2","review":5,"prepTime":15,"totalTime":65,"cookTime":50}