{"ingredients":["1/2 cup Land O Lakes® Butter, room temperature","1 cup white sugar","juice and zest of one lemon","2 eggs","1 1/2 cups flour","1 teaspoon baking powder","1 teaspoon salt","1/2 cup milk","1 cup blueberries – I used frozen without thawing them","Land O Lakes® Butter with Olive Oil and Sea Salt for topping!"],"directions":["Prep: Preheat the oven to 350 degrees. Line a loaf pan with parchment paper.","Mix Part One: Cream the butter and sugar until fluffy. Mix in the lemon juice, lemon zest, and eggs.","Mix Part Two: Stir in the flour, baking powder, salt, and milk until the batter is mixed. Gently fold in the blueberries.","Bake: Pour batter into prepared pan. Bake for about one hour – the top should be golden brown and spring back when you touch it.","Serve: Let cool. Slice, slather on the butter with olive oil, and serve!"],"url":"https://pinchofyum.com/blueberry-lemon-bread","title":"Springy Blueberry Lemon Bread","description":"Blueberry Lemon Bread – loaded with juicy lemon and blueberries. SO YUMMY with the perfect thick, soft texture!","image":"https://pinchofyum.com/wp-content/uploads/Lemon-Bread-1-6-185x185.jpg","servings":"8-10 slices","review":5,"prepTime":15,"totalTime":75,"cookTime":60}