{"ingredients":["1 tablespoon olive oil","1 head cauliflower, cut into small florets (about 6 cups)","3 cloves garlic, minced","1 cup milk","3 cups vegetable or chicken broth","1 14-ounce can white beans, rinsed and drained","1/2 cup cornmeal","1/2 cup shredded cheese, like sharp cheddar or havarti","1 teaspoon salt","1 tablespoon bacon fat","1 package kalettes, if you can find them! OR 3 cups chopped kale","3 cloves garlic, minced","1 tablespoon olive oil","1 lb. shrimp (enough for 4 people)","a few good shakes of garlic salt, chili powder, cayenne, and/or black pepper"],"directions":["For the cauliflower: Heat the olive oil in a large soup pot. Add the cauliflower and garlic. Saute for a minute or two, until the garlic is really fragrant. Add the milk and 2 cups broth. Simmer for 10 minutes or until soft. Add the while beans and mash roughly with the back of a large wooden spoon – I loved the rustic, chunky texture of this. Stir in the cornmeal and things will start to thicken a bit. Adjust the consistency by adding in the last cup of broth as needed. Stir in the salt and cheese and season to taste.","For the kale: Heat the bacon fat in a nonstick skillet over medium low heat. Add the greens and garlic and saute until softened. For the kalettes, I added a little water at the end to sort of steam them to finish them off. Remove kale and wipe out pan with a paper towel.","For the shrimp: In the same skillet, add the oil over medium heat. Pat the shrimp dry. Add to the pan and sprinkle with seasonings to taste. Cook for just a few minutes and then add a quick splash of water or broth to the pan (about 2 tablespoons) to pull the browned bits and spices into something of a saucy-coating for the shrimp. It’s delicious.","Serve the shrimp and kale over a big pile of cauliflower mash! SO yummy."],"url":"https://pinchofyum.com/spicy-shrimp-cauliflower-mash-roasted-kale","title":"Spicy Shrimp with Cauliflower Mash and Garlic Kale","description":"Spicy Shrimp with Cauliflower Mash and Garlic Kale – tender-sweet shrimp and smoky garlic kale over creamy cauliflower mash. DELICIOUS weeknight dinner!","image":"https://pinchofyum.com/wp-content/uploads/Shrimp-and-Cauliflower-Recipe-185x185.jpg","servings":"4","review":4.7,"prepTime":10,"totalTime":30,"cookTime":20,"nutrition":{"totalFat":16.5,"totalFatDailyValue":25,"cholestrol":199.7,"cholestrolDailyValue":67,"sodium":1516.3,"sodiumDailyValue":63,"carbohydrates":32.3,"carbohydratesDailyValue":11,"sugars":6.7,"protein":34.7,"proteinDailyValue":69,"vitaminA":71.5,"vitaminADailyValue":5,"vitaminC":42.9,"vitaminCDailyValue":72}}