{"ingredients":["1 cup uncooked orzo","1-2 cups rotisserie chicken, shredded or cut into small pieces","1-2 cups chopped cucumber","1-2 cups baby spinach","1-2 cups fresh sweet corn (3-4 ears), cut off the cob","2 cloves garlic, minced","Crumbled goat cheese (optional)","olive oil","lemon juice","a small bundle of fresh dill, minced","a small bunch of green onions, sliced","salt and pepp"],"directions":["Cook orzo according to package directions.","Heat a little bit of olive oil in a large skillet over medium heat. Add the garlic and the corn; saute until the corn is bright yellow and tender.","Toss all ingredients together, including dill, green onions, and olive oil, lemon juice, goat cheese, and salt and pepper to taste. Serve hot or cold. YUMMYYYYYY."],"url":"https://pinchofyum.com/zippy-orzo-summer-salad","title":"Zippy Orzo Summer Salad","description":"Orzo Summer Salad! With chicken and orzo, loaded with fresh veggies, and finished with a zippy lemon dressing and goat cheese.","image":"https://pinchofyum.com/wp-content/uploads/Orzo-Chicken-Salad-Recipe-185x185.jpg","servings":"3-4","review":4.8,"prepTime":10,"totalTime":25,"cookTime":15,"nutrition":{"totalFat":13,"totalFatDailyValue":20,"cholestrol":26.3,"cholestrolDailyValue":9,"sodium":45.6,"sodiumDailyValue":2,"carbohydrates":28.3,"carbohydratesDailyValue":9,"sugars":3.4,"protein":12.2,"proteinDailyValue":24}}