{"ingredients":["1 pound uncooked whole wheat pasta","4 cups water","3 tablespoons butter, cut into small pieces","1 teaspoon salt","2 1/2 cups shredded cheese","1 cup whole milk"],"directions":["Noodles: Put the whole wheat pasta, water, butter, and salt into the Instant Pot (affiliate link). Cook for 4 minutes using the manual function. You can release the steam in two ways: 1) Quick release the steam using the valve on top immediately after the timer goes off (note: this can cause some butter to spray out, so be prepared with a towel); or 2) Do natural release for 10 minutes – there will still be a little bit of steam, but it will avoid the butter spray. When it’s done, the noodles should have a thin layer of starchy, buttery sauce on them.","Cheese: Gently stir in the cheese and milk. Add more seasoning or liquid as necessary. MWAH! Enjoy. It’s so, so good."],"url":"https://pinchofyum.com/instant-pot-mac-and-cheese","title":"Instant Pot Mac and Cheese","description":"Instant Pot Mac and Cheese – made with just 5 real food ingredients. This is SO MUCH BETTER (and easier) than any mac and cheese I’ve ever had! Unreal.","image":"https://pinchofyum.com/wp-content/uploads/Instant-Pot-Mac-and-Cheese-Recipe-185x185.jpg","servings":"6-8","review":3.9,"prepTime":5,"totalTime":10,"cookTime":5}