{"ingredients":["15 medium-sized tomatillos, husks removed","3 jalapeno peppers, ribs and seeds removed","4 cloves garlic, peeled","1/2 cup fresh packed cilantro","1 cup chicken broth","1/2 cup sour cream","salt to taste","10 or so 8-inch tortillas – corn or flour will work","12 ounces shredded cheese – Pepper Jack or Monterrey Jack are my favorites","1 lb. cooked chicken, shredded","additional mix-ins like sautéed mushrooms, white beans, spinach, or whatever is striking your fancy"],"directions":["Make the Sauce: Preheat the oven to 425 degrees. Line a baking sheet with foil. Place tomatillos and jalapeños on the baking sheet. Wrap peeled garlic in foil and add to baking sheet. Drizzle everything with a little olive oil and sprinkle with salt. Roast for 30 minutes, stirring halfway to prevent excessive scorching. Pulse everything in a blender (including juices). Add other sauce ingredients, blend until smooth. Season with salt to taste.","Make the Filling: In a large bowl, combine about one third of the sauce (2 or so cups) with the chicken. Stir in about half of the cheese and any other mix-ins you want.","Make the Enchiladas Verdes: Reduce the oven temperature to 400 degrees. Grease a 9×13 baking dish. Place filling on tortillas, roll up, and arrange in pan, seam side down. Cover with another cup or two of sauce and remaining cheese (just eyeball it). Bake for about 15 minutes, until bubbly and delish. Top with cilantro or cotija or red onion – all your favorite standbys are welcome."],"url":"https://pinchofyum.com/simple-enchiladas-verdes","title":"Simple Enchiladas Verdes","description":"Enchiladas Verdes, with a simple homemade roasted tomatillo sauce that will make your tastebuds rock out. Plus chicken and cheese and tortillas. Super yum.","image":"https://pinchofyum.com/wp-content/uploads/Enchiladas-Verdes-Recipe-185x185.jpg","servings":"6","review":4.9,"prepTime":45,"totalTime":60,"cookTime":15,"nutrition":{"totalFat":12.8,"totalFatDailyValue":20,"cholestrol":89.3,"cholestrolDailyValue":30,"sodium":870.2,"sodiumDailyValue":36,"carbohydrates":40.5,"carbohydratesDailyValue":14,"sugars":4.5,"protein":39.1,"proteinDailyValue":78,"vitaminA":89.2,"vitaminADailyValue":6,"vitaminC":48.4,"vitaminCDailyValue":81}}