{"ingredients":["1 1/2 cups lentils, rinsed and picked over","1/2 large onion, diced","2 tablespoons butter","2 tablespoons red curry paste","1/2 tablespoon garam masala","1 teaspoon curry powder","1/2 teaspoon turmeric","1 teaspoon sugar","1 teaspoon minced garlic","1 teaspoon minced ginger","a few good shakes of cayenne pepper","1 14 ounce can tomato puree","1/4 cup coconut milk or cream","cilantro for garnishing","rice for serving"],"directions":["Cook the lentils according to directions. Drain and set aside.","Melt the butter in a large saucepan over medium high heat. Add the onion and saute for a few minutes until fragrant and golden. Add all the spices (curry paste, garam masala, curry powder, turmeric, cayenne, sugar, garlic, ginger) and stir fry for 1-2 minutes. Add the tomato puree; stir and simmer until smooth.","Add the lentils and the cream. Stir to combine and simmer for another 15-20 minutes (the longer, the better)! Serve over rice and garnish with cilantro."],"url":"https://pinchofyum.com/red-curry-lentils","title":"Red Curry Lentils","description":"Red curry lentils is my all-time favorite lentil recipe. Thick, creamy, saucy, and perfect as leftovers. Plus it’s healthy and easy!","image":"https://pinchofyum.com/wp-content/uploads/lentils3-Square-183x183.jpg","servings":"6","review":4.8,"prepTime":15,"totalTime":45,"cookTime":30,"nutrition":{"totalFat":6.6,"totalFatDailyValue":10,"cholestrol":10.2,"cholestrolDailyValue":3,"sodium":184.4,"sodiumDailyValue":8,"carbohydrates":14.7,"carbohydratesDailyValue":5,"sugars":5.2,"protein":3.4,"proteinDailyValue":7,"vitaminA":275.6,"vitaminADailyValue":18,"vitaminC":12.2,"vitaminCDailyValue":20}}