{"ingredients":["1 lb. spaghetti noodles","1 lb. Italian tomato sauce (the kind they used was called “Italian” but tasted sweet and was very smooth in texture)","8 ounces tomato paste","2 tablespoons minced onion","2 tablespoons minced garlic","2 tablespoons oil","1 lb. ground pork","½ cup minced carrots and red peppers","2 cups diced or thinly sliced hot dogs","1 cup water","1 tablespoon salt","1 teaspoon seasoning mix","7 ounces evaporated milk","grated cheese for topping (they use a processed cheese similar to Velveeta)"],"directions":["Cook the noodles according to package directions. Set aside.","Place the garlic, onion, and oil in a large saucepan or skillet. Saute for 3-4 minutes or until soft and fragrant. Add the ground pork and brown the meat until it’s completely cooked.","Add the minced vegetables and hot dog pieces and stir to combine. Add the water and allow the mixture to simmer for 10-15 minutes. Add the tomato sauce and tomato paste to the meat and continue to simmer the mixture for another 10-15 minutes. Add the evaporated milk and salt and stir until incorporated.","Combine the noodles and the sauce in a large pot or mixing bowl. Top with grated cheese. At Cherne they grate a processed cheese similar to Velveeta and let it melt into the top layer of the spaghetti."],"url":"https://pinchofyum.com/filipino-spaghetti","title":"Filipino Spaghetti","description":"This recipe for every kid’s favorite – Filipino Spaghetti – comes from the orphanage that I worked at for a year in Cebu. So simple, so good.","image":"https://pinchofyum.com/wp-content/uploads/spaghetti-9-819x1024-185x185.jpg","servings":"12-16","review":4.3,"prepTime":15,"totalTime":75,"cookTime":60,"nutrition":{"totalFat":7.5,"totalFatDailyValue":12,"cholestrol":29.8,"cholestrolDailyValue":10,"sodium":694.7,"sodiumDailyValue":29,"carbohydrates":48.9,"carbohydratesDailyValue":16,"sugars":12.6,"protein":17.7,"proteinDailyValue":35,"vitaminA":104.2,"vitaminADailyValue":7,"vitaminC":24.8,"vitaminCDailyValue":41}}