{"ingredients":["1 1/2 cups water","1 1/2 cups sugar","1 bunch fresh mint leaves OR 1 teaspoon peppermint extract (or a combination of both)","3/4 cup milk","1 ounce unsweetened chocolate","1 Nespresso Altissio espresso capsule","whipped cream","crushed candy canes"],"directions":["Bring the water to a low boil. Add the sugar and stir until dissolved. Add the mint or peppermint extract and steep for 10-15 minutes (heat off or on low) until the syrup has good flavor to it. Remove the mint leaves and store in the refrigerator for future peppermint mochas. 🙂","Heat the milk and unsweetened chocolate together until melted (could be in the microwave or on the stovetop).","Prepare one espresso capsule and add the milk mixture and 2-3 tablespoons mint syrup. Top with whipped cream and candy cane pieces."],"url":"https://pinchofyum.com/cozy-homemade-peppermint-mocha","title":"Cozy Homemade Peppermint Mocha","description":"Cozy Homemade Peppermint Mocha! Creamy, minty, rich dark chocolate… SO yummy. Cozy up, grab a blanket and a book, and get your December on.","image":"https://pinchofyum.com/wp-content/uploads/Peppermint-Mocha-Recipe-185x185.jpg","servings":"1 peppermint mocha","review":5,"prepTime":5,"totalTime":15,"cookTime":10,"nutrition":{"totalFat":15,"totalFatDailyValue":23,"cholestrol":4.2,"cholestrolDailyValue":1,"sodium":98.3,"sodiumDailyValue":4,"carbohydrates":23.5,"carbohydratesDailyValue":8,"sugars":15.9,"protein":10.3,"proteinDailyValue":21,"vitaminA":3.7,"vitaminADailyValue":0,"vitaminC":0,"vitaminCDailyValue":0}}