{"ingredients":["4 cups sliced or diced apples","1 tablespoon flour","1/2 cup sugar","3/4 cup brown sugar","1/3 cup butter","3/4 cup oatmeal","3/4 cup flour","1/4 teaspoon baking soda","1/2 teaspoon salt"],"directions":["Preheat oven to 350. Combine the first three ingredients and place in a greased 8×8 baking dish.","Combine the remaining ingredients and sprinkle over the top of the apple mixture.","Bake 30 minutes at 350. Serve warm with whipped cream or ice cream, or drizzled with caramel or honey. Refrigerate leftovers."],"url":"https://pinchofyum.com/classic-apple-crisp","title":"Classic Apple Crisp","description":"My Grandma’s recipe for classic apple crisp! Perfectly thick and gooey with a delicious buttery crust. The BEST fall dessert.","image":"https://pinchofyum.com/wp-content/uploads/apple-crisp-4-1-185x185.jpg","servings":"8","review":3.1,"prepTime":10,"totalTime":40,"cookTime":30,"nutrition":{"totalFat":8.9,"totalFatDailyValue":14,"cholestrol":20.1,"cholestrolDailyValue":7,"sodium":190.2,"sodiumDailyValue":8,"carbohydrates":52.6,"carbohydratesDailyValue":18,"sugars":31.3,"protein":4.4,"proteinDailyValue":9,"vitaminA":65.1,"vitaminADailyValue":4,"vitaminC":2.2,"vitaminCDailyValue":4}}