{"ingredients":["2 cups cooked, cold brown rice","3 tablespoons oil, divided","1/2 head green cabbage, shredded","1 large carrot, shredded","(also any other vegetables that you want)","1 yellow onion, diced","4 cloves garlic, grated or minced","1 1-inch piece ginger, grated or minced"],"directions":["Heat 1 tablespoon of the oil in a large nonstick skillet. Saute the onion, garlic, and ginger until soft and fragrant.","Add another 1 tablespoon oil to the pan and add the vegetables. Saute until tender-crisp. Season generously with salt and pepper.","Add the rice and 1 tablespoon oil (if needed). Stir fry until heated through and/or lightly browned. Season with salt and pepper. Serve with lime (or calamansi, if in the Philippines) and soy sauce."],"url":"https://pinchofyum.com/skinny-garlicfried-rice","title":"Skinny Garlic Fried Rice","description":"Skinny Garlic Fried Rice! A super easy, quick meal packed with brown rice, carrots, and garlic. Customize with any veggies you’d like!","image":"https://pinchofyum.com/wp-content/uploads/garlic-fried-rice-185x185.jpg","servings":"4-6","review":4.6,"prepTime":10,"totalTime":20,"cookTime":10,"nutrition":{"totalFat":11.6,"totalFatDailyValue":18,"cholestrol":0,"cholestrolDailyValue":0,"sodium":37.7,"sodiumDailyValue":2,"carbohydrates":34.9,"carbohydratesDailyValue":12,"sugars":3.8,"protein":4.3,"proteinDailyValue":9,"vitaminA":284.7,"vitaminADailyValue":19,"vitaminC":15.8,"vitaminCDailyValue":26}}