{"ingredients":["3 medium size yellow onions","2 tablespoons salted butter","2 teaspoons each salt and sugar","1/4 cup white wine","12 ounces sour cream","8 ounces cream cheese, softened","fresh parsley to taste","soy sauce (!!) or Worcestershire to taste"],"directions":["Prep: Peel the onions and slice them very thinly. I find it helpful to use a mandoline for this.","Sauté: Heat the butter in a nonstick skillet over medium heat. Add the onions, sprinkle with salt and sugar, and saute for 10-15 minutes, stirring every few minutes. Pour a little bit of wine in and let it sizzle out. Stir, add wine, sizzle, etc. After about 30 minutes, your onions should be deeply golden brown and fragrant.","Mix: Transfer onions to a cutting board and chop coarsely into small pieces – or just use a kitchen scissors and snip them up right in the pan. Mix the cream cheese and sour cream. Mix in the onions and a handful of fresh parsley. Taste and season – if you want just a little sumthin sumthin extra, add a small splash (like, a tablespoon or less) of soy sauce and/or Worcestershire. This just gives it a little depth and umami flavor."],"url":"https://pinchofyum.com/onion-dip","title":"Caramelized Onion Dip","description":"This caramelized onion dip is a total crowd pleaser! Serve with chips, pita or bagel crisps, or on sandwiches and burgers. YUM.","image":"https://pinchofyum.com/wp-content/uploads/Onion-Dip-Recipe-185x185.jpg","servings":"12+ (perfect amount for a party)","review":4.9,"prepTime":10,"totalTime":55,"cookTime":45,"nutrition":{"totalFat":12.5,"totalFatDailyValue":19,"cholestrol":34.3,"cholestrolDailyValue":11,"sodium":483.5,"sodiumDailyValue":20,"carbohydrates":6.5,"carbohydratesDailyValue":2,"sugars":2.7,"protein":3.5,"proteinDailyValue":7,"vitaminA":108.7,"vitaminADailyValue":7,"vitaminC":2.3,"vitaminCDailyValue":4}}