{"ingredients":["2-ish cups cherry tomatoes","1 tablespoon olive oil","2 cloves garlic, minced","2 tablespoons balsamic vinegar","1 tablespoon butter","salt to taste"],"directions":["Place the tomatoes in a nonstick skillet over medium high heat with NO OIL IN THE PAN. We are trying to blister the outsides of the skins a little bit here.","Once the skins get a little blistered and the tomatoes are looking soft, turn the heat down to avoid lots of splatter, and add the olive oil and garlic. Be careful not to brown the garlic.","Press the tomatoes gently with the back of a wooden spoon so they break open and release their juices. Add the balsamic and let the whole mixture reduce until it’s thickened a bit, maybe 5-10 minutes.","Finish with the knob of butter and season with salt to taste."],"url":"https://pinchofyum.com/tomato-sauce","title":"Basic Garlic Butter Tomato Sauce","description":"Basic Garlic Butter Tomato sauce made with cherry tomatoes, garlic, balsamic, and butter. SO simple, good on everything. ????????","image":"https://pinchofyum.com/wp-content/uploads/Tomato-Sauce-Recipe-185x185.jpg","servings":"1 cup sauce","review":4.9,"prepTime":5,"totalTime":15,"cookTime":10,"nutrition":{"totalFat":6.5,"totalFatDailyValue":10,"cholestrol":7.6,"cholestrolDailyValue":3,"sodium":6.2,"sodiumDailyValue":0,"carbohydrates":4.8,"carbohydratesDailyValue":2,"sugars":3.2,"protein":0.8,"proteinDailyValue":2,"vitaminA":55.6,"vitaminADailyValue":4,"vitaminC":10.7,"vitaminCDailyValue":18}}