{"ingredients":["3 tablespoons sesame oil","2 tablespoons rice vinegar","2 cloves garlic","1 tablespoon fresh ginger (I use a fresh paste)","1/2 teaspoon salt","1/4 cup peanut butter","3-4 tablespoons water","2-3 tablespoons sesame seeds","1/2 teaspoon red pepper flakes","1 lb. boneless skinless chicken breasts","4 ounces soba noodles","1 cucumber (can swap for other veggies, too)","3 large carrots","1 handful cilantro"],"directions":["Sauce: In a food processor, combine all the ingredients for the sesame sauce except the sesame seeds and red pepper flakes. Pulse until mostly smooth; stir in sesame seeds and red pepper flakes.","Noodles: Cook soba noodles according to package directions. Drain and set aside.","Chicken: Heat a large skillet with a little oil over medium heat. Cut the chicken breasts in half if they are large. Add the chicken; sprinkle chicken with salt and pepper. Saute until barely golden brown on the outside. Add about a third of the sesame sauce to the chicken with a little water to thin it out. It might splatter, so turn down the heat at this point and have a lid ready. Let the chicken finish cooking in the sauce for a few minutes. Remove the chicken from heat, let cool slightly, and shred.","Veggies: Chop the veggies super-finely or put them in the food processor and get them all minced up. Drain out any excess moisture.","Toss everything together and serve hot or cold."],"url":"https://pinchofyum.com/chopped-chicken-sesame-noodle-bowls","title":"Chopped Chicken Sesame Noodle Bowls","description":"Chopped Chicken Sesame Noodle Bowls – loaded with veggies, chicken, cilantro, and a homemade sesame-peanut sauce. So good!","image":"https://pinchofyum.com/wp-content/uploads/sesame-noodles-recipe-1-185x185.jpg","servings":"4-6","review":4.6,"prepTime":10,"totalTime":30,"cookTime":20,"nutrition":{"totalFat":10.2,"totalFatDailyValue":16,"cholestrol":55.2,"cholestrolDailyValue":18,"sodium":408.2,"sodiumDailyValue":17,"carbohydrates":21,"carbohydratesDailyValue":7,"sugars":2.7,"protein":21,"proteinDailyValue":42,"vitaminA":315.5,"vitaminADailyValue":21,"vitaminC":4.2,"vitaminCDailyValue":7}}