{"ingredients":["2 1/2 cups flaked coconut, unsweetened","1/4 cup + 1 tablespoon coconut oil, melted","1/4 cup honey","1/2 teaspoon vanilla","a pinch of sea salt","4 ounces dark chocolate for topping"],"directions":["Pulse the coconut in a food processor until sticky crumbs form. Set aside about 1/4 cup of the mixture.","Mix the coconut oil, honey, vanilla, and sea salt. Stir in the coconut from step one. Form the mixture into small balls by squeezing until a ball forms. The mixture will be crumbly, so it doesn’t work to put the mixture in your hands and roll it. You have to squeeze it. There will be a little bit of excess oil – that’s okay.","Once you have the balls rolled, refrigerate for 1 hour or so until they are firm. At this point, if you want, you should be able to take them out and re-roll them to get the shape just right since they’ll be firm and malleable.","Heat a nonstick skillet over medium heat. Add the coconut and shake or stir constantly for a few minutes until the coconut is lightly browned and fragrant.","Melt the chocolate for a minute or so in the microwave. Stir it until it’s smooth. Dip each coconut ball in the chocolate and remove with a fork, letting excess chocolate drip off. Place on a parchment lined baking sheet and top with the toasted coconut from step three. Freeze or refrigerate to set the chocolate. I like these best in the fridge because they are soft enough to eat anytime!"],"url":"https://pinchofyum.com/naturally-sweet-dark-chocolate-coconut-bites","title":"Naturally Sweet Dark Chocolate Coconut Bites","description":"These dark chocolate coconut bites are naturally sweet and creamy on the inside and covered with a layer of delicious chocolate!","image":"https://pinchofyum.com/wp-content/uploads/Dark-Chocolate-Coconut-Truffles-Recipe-185x185.jpg","servings":"12-15","review":4.6,"prepTime":15,"totalTime":20,"cookTime":5,"nutrition":{"totalFat":16.9,"totalFatDailyValue":26,"cholestrol":0.5,"cholestrolDailyValue":0,"sodium":7,"sodiumDailyValue":0,"carbohydrates":10.9,"carbohydratesDailyValue":4,"sugars":8.8,"protein":1.4,"proteinDailyValue":3,"vitaminA":0.2,"vitaminADailyValue":0,"vitaminC":1.1,"vitaminCDailyValue":2}}