{"ingredients":["1/2 cup olive oil","3 cloves garlic","1 slice crusty white bread, about 1 inch thick, crust removed","1/4 cup fresh parsley","1 cup almonds","2 cups vegetable or chicken broth (or ideally fish stock – but I couldn’t find any)","1 bay leaf","2 lbs. large shrimp (16-20)","additional bread for serving"],"directions":["Heat the oil in a large skillet over medium heat. Add the bread to the oil in the pan. Fry for a few minutes on each side until golden brown and crispy. Place on a paper towel lined plate to cool. Turn the heat off on the oil.","Place the fried bread in a food processor and pulse until crumbs form. Add the 3 cloves garlic, parsley, almonds, and a few tablespoons of the broth into a food processor and pulse until a paste forms.","Pour the broth and bay leaf into the pan with the oil (if it’s too hot, the oil will splatter, so be careful) and simmer for 10 minutes or so. Stir in the bread paste and mix well – the sauce should start to thicken into a consistency almost like a light gravy or cream sauce. Add the shrimp and simmer for about 5 minutes, until the shrimp are pink and firm.","Serve with extra bread for soaking up the sauce."],"url":"https://pinchofyum.com/spanish-shrimp-with-garlic-bread-sauce","title":"Spanish Shrimp with Garlic Bread Sauce","description":"Spanish Shrimp with Garlic Bread Sauce – made with just 7 familiar, easy to find ingredients and fancy enough for company!","image":"https://pinchofyum.com/wp-content/uploads/Spanish-Shrimp-in-Garlic-Bread-Sauce-Recipe-185x185.jpg","servings":"4-6","review":5,"prepTime":15,"totalTime":30,"cookTime":15,"nutrition":{"totalFat":34.1,"totalFatDailyValue":52,"cholestrol":243.3,"cholestrolDailyValue":81,"sodium":388.6,"sodiumDailyValue":16,"carbohydrates":8.8,"carbohydratesDailyValue":3,"sugars":2.2,"protein":36.7,"proteinDailyValue":73,"vitaminA":1.3,"vitaminADailyValue":0,"vitaminC":1.8,"vitaminCDailyValue":3}}