{"ingredients":["1 chocolate fudge cake mix","1 can cherry pie filling","3 eggs, beaten","1 teaspoon almond or vanilla extract","1 cup sugar","1/3 cup milk","5 tablespoons butter","1 cup chocolate chips"],"directions":["Mix first four ingredients and pour into a greased cake pan. Bake at 350 degrees for 25 minutes. Remove from oven and let cool.","Bring sugar, butter, and milk to a boil in a saucepan. Boil for 1 minute. Stir in chocolate chips and continue stirring until melted. Frost cake immediately."],"url":"https://pinchofyum.com/lazy-chocolate-cherry-fudge-cake","title":"{Lazy} Chocolate Cherry Fudge Cake","description":"This chocolate cherry fudge cake is SUPER easy to make and has the most amazing homemade fudge frosting. Mmmmmmm so good!","image":"https://pinchofyum.com/wp-content/uploads/chocolate-cherry-fudge-cake1-185x185.jpg","servings":"16","review":5,"prepTime":5,"totalTime":35,"cookTime":30,"nutrition":{"totalFat":11.3,"totalFatDailyValue":17,"cholestrol":44.9,"cholestrolDailyValue":15,"sodium":294,"sodiumDailyValue":12,"carbohydrates":49.7,"carbohydratesDailyValue":17,"sugars":35.1,"protein":4,"proteinDailyValue":8,"vitaminA":49.6,"vitaminADailyValue":3,"vitaminC":0.5,"vitaminCDailyValue":1}}