{"ingredients":["1/4 cup olive oil","2 cloves garlic, minced","1/2 an onion, chopped","1-2 stalks celery, chopped","4-5 large carrots, chopped","1 large potato, peeled and chopped","2-3 cups broccoli florets, in large pieces for easy removal","2-3 cups vegetable broth","2 cups Almond Breeze Original Almondmilk","1/4 cup nutritional yeast – optional, see notes","1 1/2 – 2 teaspoons sea salt","croutons – see notes"],"directions":["Make Soup Base: Heat the olive oil over medium high heat. Add the mirepoix, garlic, and potatoes. Saute until softened, about 10 minutes.","Add Broccoli: Add broccoli, vegetable broth, and almond milk. Simmer until bubbly and broccoli is bright green, about 5 minutes.","Blend Blend Blend: Using tongs, pull out most of the broccoli pieces and set aside. Blend the soup, sans broccoli, to a suuuper creamy, cheesy-looking consistency, and then add the broccoli and just pulse a few times to mix it in. This will likely need to be done in batches. Return to pot; stir in nutritional yeast and salt. Taste and adjust and serve!"],"url":"https://pinchofyum.com/detox-broccoli-cheese-soup","title":"The Best Detox Broccoli Cheese Soup","description":"This creamy, “cheesy”, detox broccoli cheese soup has silky smooth texture and classic broccoli cheese flavor with exactly zero ingredients out of a can. Real food meets comfort food.","image":"https://pinchofyum.com/wp-content/uploads/Detox-Broccoli-Cheese-Soup-Recipe-185x185.jpg","servings":"5 servings (2-ish cups each)","review":4.9,"prepTime":15,"totalTime":30,"cookTime":15,"nutrition":{"totalFat":12.8,"totalFatDailyValue":20,"cholestrol":0,"cholestrolDailyValue":0,"sodium":1320.9,"sodiumDailyValue":55,"carbohydrates":19.1,"carbohydratesDailyValue":6,"sugars":3.9,"protein":5.9,"proteinDailyValue":12,"vitaminA":216.9,"vitaminADailyValue":14,"vitaminC":77,"vitaminCDailyValue":128}}