{"ingredients":["1 1/2 cups brown sugar","1/3 cup oil","1 egg","1 cup buttermilk (you can sub milk+vinegar, or plain yogurt+milk)","1 teaspoon baking soda","1 teaspoon vanilla","2 1/2 cups flour","1 1/2 cups chopped apples (I used Wealthy heirloom)","1/2 cup sugar","1 teaspoon cinnamon","1 tablespoon butter"],"directions":["Preheat oven to 325.","Mix ingredients in order given (except the last 3 ingredients).","Pour batter into a 9×13 greased pan.","Combine last 3 ingredients to make a topping and sprinkle it evenly over the batter.","Bake for 45 minutes. It’s delicious when served warm!"],"url":"https://pinchofyum.com/cinnamon-sugar-apple-cake","title":"Cinnamon Sugar Apple Cake","description":"This simple cinnamon sugar apple cake is light and fluffy, loaded with fresh apples, and topped with a crunchy cinnamon sugar layer!","image":"https://pinchofyum.com/wp-content/uploads/apple-cake-TR-185x185.jpg","servings":"16","review":4.8,"prepTime":10,"totalTime":55,"cookTime":45,"nutrition":{"totalFat":6.5,"totalFatDailyValue":10,"cholestrol":15.2,"cholestrolDailyValue":5,"sodium":103.6,"sodiumDailyValue":4,"carbohydrates":37.3,"carbohydratesDailyValue":12,"sugars":21.3,"protein":3.5,"proteinDailyValue":7,"vitaminA":18.5,"vitaminADailyValue":1,"vitaminC":0.4,"vitaminCDailyValue":1}}