{"ingredients":["1 large unpeeled eggplant, cut into 1 inch slices","1 cup seasoned bread crumbs","3/4 cup egg whites","1 cup tomato sauce (pizza, marinara, whatever you like)","1 cup shredded or sliced mozzarella cheese (can sub provolone or other cheese)","toppings: fresh spinach, pepperoni, green pepper, Canadian bacon, etc."],"directions":["Preheat oven to 350 degrees. Press each slice of eggplant with paper towels to remove a little of the excess moisture. Put egg whites and bread crumbs in separate shallow bowls. Dip eggplant slices in egg whites, then coat with breadcrumbs. Put on a baking sheet and drizzle with a tiny bit of olive oil.","Bake for 10 minutes or until crisp on one side. Turn each piece over, drizzle with a tiny bit of olive oil, and bake another 5-8 minutes.","Top each slice with a little tomato sauce, cheese, and your toppings. Bake another 5-10 minutes until cheese is melted."],"url":"https://pinchofyum.com/cheesy-baked-eggplant-pizza","title":"Cheesy Baked Eggplant Pizza","description":"These little eggplant pizzas are baked slices of breaded eggplant topped with marinara and melted cheese. Simple, healthy, delicious!","image":"https://pinchofyum.com/wp-content/uploads/eggplant-pizza-185x185.jpg","servings":"3-4","review":4.9,"prepTime":15,"totalTime":35,"cookTime":20,"nutrition":{"totalFat":16.1,"totalFatDailyValue":25,"cholestrol":50.9,"cholestrolDailyValue":17,"sodium":883.3,"sodiumDailyValue":37,"carbohydrates":33.6,"carbohydratesDailyValue":11,"sugars":9.6,"protein":23.2,"proteinDailyValue":46,"vitaminA":129.7,"vitaminADailyValue":9,"vitaminC":8.1,"vitaminCDailyValue":14}}