{"ingredients":["2 lbs bone-in short ribs (or 1 lb boneless)","1 tablespoon vegetable oil","1 small onion, finely diced","2 cloves garlic, chopped","1/4 cup dry red wine","1 25-oz jar store bought tomato sauce (I use DeLallo tomato basil sauce)","1/2 cup water","1/2 teaspoon salt","1/4 teaspoon crushed red pepper","salt & pepper, to taste"],"directions":["Get ready: Turn instant pot on to the sauté setting. While it heats up, trim any excess fat from the short ribs, then pat dry with a paper towel. Generously season the meat with salt and pepper.","Brown those short ribs: Add oil to the Instant Pot. Add the short ribs to the hot oil and sear on all sides until brown. (The meat does not need to be fully cooked. Just browned.) Remove from pot and set aside.","Onions, garlic, and wine: Use tongs & paper towel to remove any excess oil from the pot. Add onion and garlic and sauté until tender, about 3 minutes, scraping the browned bits off the bottom of the pot. Pour wine in to deglaze (*sizzzles*) and cook for about 2 minutes.","Go-time: Add short ribs, tomato sauce, salt and crushed red pepper to pot. Use 1/2 cup water to rinse out sauce jar and add to pot. Set Instant Pot to the stew/meat setting (35 mins). When it’s done, let it sit untouched for a natural steam release.","Finish up: Remove meat to sheet pan. Shred into bite size pieces, removing bones and any large pieces of fat. Meanwhile, set the Instant Pot to sauté again to reduce/thicken the sauce. Skim any fat off top of sauce and add meat back in. Taste and add salt & pepper if needed. Yummmo!"],"url":"https://pinchofyum.com/instant-pot-short-rib-ragu","title":"Instant Pot Short Rib Ragu","description":"Instant Pot Short Rib Ragu! Ready in an hour. AMAZING on gnocchi, pasta, polenta, rice, potatoes, and more.","image":"https://pinchofyum.com/wp-content/uploads/Gnochi-Feature-1-185x185.jpg","servings":"8 servings","review":5,"prepTime":20,"totalTime":55,"cookTime":35,"nutrition":{"totalFat":21.3,"totalFatDailyValue":33,"cholestrol":78.1,"cholestrolDailyValue":26,"sodium":682,"sodiumDailyValue":28,"carbohydrates":9.3,"carbohydratesDailyValue":3,"sugars":5.7,"protein":24,"proteinDailyValue":48,"vitaminA":37.8,"vitaminADailyValue":3,"vitaminC":3.1,"vitaminCDailyValue":5}}