{"ingredients":["2 cups torn kale (no stems) and parsley, combined","1/2 cup olive oil","1/4 teaspoon salt (more to taste)","1 clove garlic","juice of one lemon","1/4 to 1/2 cup raw almonds"],"directions":["Pulse the kale, oilve oil, salt, garlic, and lemon juice in a food processor until smooth.","Add the almonds and pulse until the almonds are ground to desired consistency.","Serve with pizza, pasta, crackers, eggs, salads, soup, sandwiches, etc."],"url":"https://pinchofyum.com/5-minute-vegan-kale-pesto","title":"5 Minute Vegan Kale Pesto","description":"5 Minute Vegan Kale Pesto – made with almonds, olive oil, kale, garlic, salt, and lemon juice. Less than 150 calories per serving!","image":"https://pinchofyum.com/wp-content/uploads/Kale-Pesto-Easy-Vegan-Recipe-185x185.jpg","servings":"about 1 cup - 8 servings, 2 tablespoons each","review":4.7,"prepTime":3,"totalTime":5,"cookTime":2,"nutrition":{"totalFat":15.5,"totalFatDailyValue":24,"cholestrol":0,"cholestrolDailyValue":0,"sodium":292.4,"sodiumDailyValue":12,"carbohydrates":1.5,"carbohydratesDailyValue":1,"sugars":0.4,"protein":0.8,"proteinDailyValue":2,"vitaminA":20,"vitaminADailyValue":1,"vitaminC":7.2,"vitaminCDailyValue":12}}