{"ingredients":["1 cup freekeh or other grain (quinoa, bulgur, etc.)","1 head cauliflower","2 sweet potatoes","1 tablespoon olive oil","a sprinkle of dried spices that you like, or a few sprigs of thyme, rosemary, etc.","1 large apple","1 bunch parsley (about 1 cup), minced","1 small clove garlic, minced","2/3 cup olive oil","juice of one lemon (more to taste)","1 teaspoon agave (optional)","1/2 teaspoon salt","pepper to taste"],"directions":["Rinse the grains and place in a rice cooker with the appropriate amount of broth or water (refer to package directions – it depends on the grain). Set on the white rice setting and prep the other stuff while it cooks.","Preheat the oven to 425 degrees. Chop the cauliflower into small florets. Peel and chop the sweet potatoes. Place on a baking sheet and drizzle with oil. Sprinkle with salt and pepper and add a few sprigs of thyme or other dried spices if you have some that you like. Roast for 20 minutes, stir, and roast for another 10-15 minutes. When they are golden brown and soft, remove from oven and set aside.","While the veggies are roasting, combine all dressing ingredients in a jar with a tight lid and shake to combine. Chop the apple and set aside.","When the grains and vegetables are done, toss everything together. This can be done when everything is hot or when it’s cooled, although the texture will be different (heavier) when hot. Store leftovers separately (salad and dressing) if possible."],"url":"https://pinchofyum.com/autumn-glow-salad-with-lemon-dressing","title":"Autumn Glow Salad with Lemon Dressing","description":"Autumn Glow Salad with Lemon Dressing – a MUST for healthy, glowy eating! Roasted cauliflower, sweet potato, grains, and apples. Vegetarian and vegan.","image":"https://pinchofyum.com/wp-content/uploads/Roasted-Cauliflower-Salad-in-Bowl-Recipe-185x185.jpg","servings":"6 as a meal, 8-10 as a side","review":4.8,"prepTime":15,"totalTime":75,"cookTime":60,"nutrition":{"totalFat":25.1,"totalFatDailyValue":39,"cholestrol":0,"cholestrolDailyValue":0,"sodium":150.5,"sodiumDailyValue":6,"carbohydrates":21.6,"carbohydratesDailyValue":7,"sugars":3.8,"protein":4,"proteinDailyValue":8,"vitaminA":187.4,"vitaminADailyValue":12,"vitaminC":19.2,"vitaminCDailyValue":32}}