{"ingredients":["1/2 cup butter","1 teaspoon fresh thyme","zest of one orange","2 teaspoons minced garlic","2 lbs. raw shrimp","1/2 teaspoon chili powder","salt and pepper to taste"],"directions":["Heat the butter in a medium skillet over low heat. When the butter is melted, add the thyme leaves. Stir and simmer, keeping the heat low (it burns easily), for 5 minutes or until the butter reaches a golden brown color. Remove from heat and stir in the zest. Pour the butter into a small bowl and let it rest for a few minutes.","In the same skillet, with a light coating of the butter remaining, add the garlic and saute for 1 minute. Add the raw shrimp and the chili powder; shake or toss in the pan for 3-5 minutes or until the shrimp is no longer translucent. Serve with the butter and pasta, grains, rice, or a salad."],"url":"https://pinchofyum.com/orange-brown-butter-shrimp","title":"Orange Brown Butter Shrimp","description":"Orange Brown Butter Shrimp – a 15 minute, 6 ingredient meal that’s nice enough for company!","image":"https://pinchofyum.com/wp-content/uploads/2014/03/orange-brown-butter-shrimp-3-183x183.jpg","servings":"8","review":4.8,"prepTime":10,"totalTime":25,"cookTime":15,"nutrition":{"totalFat":12.1,"totalFatDailyValue":19,"cholestrol":213,"cholestrolDailyValue":71,"sodium":141.4,"sodiumDailyValue":6,"carbohydrates":0.3,"carbohydratesDailyValue":0,"sugars":0,"protein":23,"proteinDailyValue":46,"vitaminA":99.8,"vitaminADailyValue":7,"vitaminC":0.4,"vitaminCDailyValue":1}}