{"ingredients":["1 medium sweet potato, peeled","2/3 cup rolled oats","1 egg","1/2 teaspoon salt","a pinch of garlic powder","1 tablespoon olive oil"],"directions":["Preheat oven to 400 degrees. Pulse the sweet potato and oats through the food processor until very fine. Add the egg and garlic powder and salt; pulse again to mix. The mixture should resemble a loose dough or thick batter.","Transfer to a parchment lined baking sheet or round pizza pan. Press into crusts and shape with your hands – you can either make two smaller crusts (you’ll get more crispy edge surface area) or one larger crust. Crusts should be about 1/4 to 1/2 inch thick.","Bake for 25-30 minutes, until the top is dry to the touch. Remove from oven, let cool, and invert back onto the pan with the dry side facing down. Peel the parchment very gently off the top layer and brush with olive oil. Bake for another 5-10 minutes to get a nice crispy top.","Top with your favorite pizza toppings and pop back into the oven to melt the cheese! Voila."],"url":"https://pinchofyum.com/sweet-potato-pizza-crust","title":"3 Ingredient Sweet Potato Pizza Crust","description":"3 ingredient sweet potato pizza crust – all you need is sweet potatoes, rolled oats, and an egg! SUPER easy hand-holdable healthy pizza crust!","image":"https://pinchofyum.com/wp-content/uploads/Sweet-Potato-Pizza-Crust-Recipe-185x185.jpg","servings":"2 servings[i] (2 individual pan pizzas or 1 crust that can be divided between 2 people)[/i]","review":4.6,"prepTime":20,"totalTime":60,"cookTime":40,"nutrition":{"totalFat":10.9,"totalFatDailyValue":17,"cholestrol":93,"cholestrolDailyValue":31,"sodium":654.4,"sodiumDailyValue":27,"carbohydrates":31.7,"carbohydratesDailyValue":11,"sugars":3.1,"protein":7.7,"proteinDailyValue":15}}