{"ingredients":["4 ounces cream cheese, softened","1 cup powdered sugar","1/4 cup heavy whipping cream","3/4 cup pumpkin","2 teaspoons pumpkin pie spices (I eyeballed it with cinnamon, cloves, and allspice)","1 tablespoon maple syrup","gingersnaps"],"directions":["Using an electric mixer, whip together the cream cheese, powdered sugar, and heavy whipping cream for about 2-3 minutes.","Add the pumpkin, spices, and maple syrup – whip again for 2-3 minutes (the longer you whip, the more fluffy it becomes).","Add a drizzle of maple syrup and crushed gingersnap crumbs on top for looks. Dip with gingersnaps or apple slices!"],"url":"https://pinchofyum.com/pumpkin-dip-for-gingersnaps","title":"Pumpkin Dip for Gingersnaps","description":"This simple and creamy pumpkin dip is always a hit at parties. Only 5 ingredients and perfect for dipping with gingersnaps!","image":"https://pinchofyum.com/wp-content/uploads/pumpkin-dip-21-185x185.jpg","servings":"20-25","review":5,"prepTime":5,"totalTime":15,"cookTime":10,"nutrition":{"totalFat":3.1,"totalFatDailyValue":5,"cholestrol":9.1,"cholestrolDailyValue":3,"sodium":19,"sodiumDailyValue":1,"carbohydrates":6.6,"carbohydratesDailyValue":2,"sugars":6,"protein":0.5,"proteinDailyValue":1,"vitaminA":56.2,"vitaminADailyValue":4,"vitaminC":0.5,"vitaminCDailyValue":1}}