{"ingredients":["2 ripe avocados","1-2 cloves garlic (go for one clove or less if you’re sensitive to strong garlic tastes)","2 tablespoons olive oil","2 tablespoons water (more as needed)","a handful of cilantro","1/2 teaspoon salt","1 teaspoon cumin","half of a Serrano pepper (more or less depending on how much heat you want)","juice of one lime","2 heads cauliflower, cut into small florets","2 14-ounce cans chickpeas, rinsed and drained","1-2 teaspoons chili powder","1-2 teaspoons garam masala","1/2 teaspoon cayenne pepper if you want spicy","oil oil for drizzling","salt and pepper to taste","8 small whole wheat pitas","Greek yogurt for topping"],"directions":["Veggies: Preheat the oven to 425 degrees. Pat the cauliflower and chickpeas dry with paper towels. Arrange in a single layer on one large baking sheet or two baking sheets. Drizzle with olive oil and sprinkle with spices. Give the pan a gentle shake to sort of mix things around. Roast for 15-20 minutes, stir, and roast for an additional 15-20 minutes. The cauliflower and chickpeas should be golden brown and the chickpeas will be semi-crunchy.","Avocado Dip: While the veggies are roasting, puree the avocado dip ingredients in a food processor. Set aside.","Assembly: Spread each pita with a spoonful of avocado dip and top with roasted veggies. Sprinkle with extra salt, pepper, cilantro, and a dollop of Greek yogurt."],"url":"https://pinchofyum.com/roasted-veggie-pitas-with-avocado-dip","title":"Roasted Veggie Pitas with Avocado Dip","description":"Roasted Veggie Pitas with Avocado Dip – super adaptable to any veggies you have on hand – loaded with flavor, and ready in 30 minutes!","image":"https://pinchofyum.com/wp-content/uploads/roasted-veggie-pita-with-avocado-dip-recipe-1-185x185.jpg","servings":"8 small pitas","review":4.9,"prepTime":15,"totalTime":30,"cookTime":15,"nutrition":{"totalFat":11.7,"totalFatDailyValue":18,"cholestrol":0,"cholestrolDailyValue":0,"sodium":650.6,"sodiumDailyValue":27,"carbohydrates":57,"carbohydratesDailyValue":19,"sugars":5.8,"protein":12.8,"proteinDailyValue":26,"vitaminA":13.5,"vitaminADailyValue":1,"vitaminC":35.6,"vitaminCDailyValue":59}}