{"ingredients":["2 tablespoons olive oil","half a yellow onion, minced","2 poblano peppers, seeds removed, minced","1 jalapeño pepper, seeds removed, minced (optional)","16 ounces fresh sliced baby bella mushrooms","1 teaspoon southwest seasoning","24 ounces salsa verde (I used medium)","1 cup water","4-5 cups chicken or vegetable broth","3/4 cup uncooked bulgur","2 14 ounce cans white hominy","1 1/2 teaspoons salt","cilantro, lime juice, cheese, and chips for serving"],"directions":["Heat the olive oil over medium high heat. Add the onions; saute for 1-2 minutes. Add the peppers and mushrooms; saute for 10-15 minutes or until the mushrooms are cooked down to about half their volume and are deep brown (and add another drizzle of oil at this point if necessary).","Add the seasoning, salsa verde, water, 3 cups broth, bulgur, and hominy. Simmer about 15 minutes or until the bulgur is soft. Add additional broth if needed.","Serve with cilantro, a squeeze of lime juice, shredded cheese, and chips! Add more broth or water to the leftovers – it will thicken as the bulgur continues to soak up the moisture."],"url":"https://pinchofyum.com/mushroom-poblano-posole-verde","title":"Mushroom Poblano Posole Verde","description":"This Mushroom Poblano Posole Verde is packed full of zingy flavor and hearty nutrition! Vegetarian and vegan friendly. Delicious!","image":"https://pinchofyum.com/wp-content/uploads/Mushroom-Poblano-Posole-Verde-Recipe-185x185.jpg","servings":"6-8 servings","review":4.9,"prepTime":10,"totalTime":45,"cookTime":35,"nutrition":{"totalFat":6.7,"totalFatDailyValue":10,"cholestrol":2.5,"cholestrolDailyValue":1,"sodium":1643.5,"sodiumDailyValue":68,"carbohydrates":29.5,"carbohydratesDailyValue":10,"sugars":7.2,"protein":6.5,"proteinDailyValue":13,"vitaminA":57,"vitaminADailyValue":4,"vitaminC":51.9,"vitaminCDailyValue":87}}