{"ingredients":["1 1/2 lbs. chicken thighs (I used boneless skinless – delish!)","1/2 cup low sodium soy sauce","1/4 cup oil","1/4 cup vinegar","1/4 cup bourbon","1/4 cup brown sugar","1 tablespoon crushed or sliced ginger (fresh, not dried)","4 cloves crushed garlic","4-5 green onions, cut into thirds or sliced","1 cup uncooked basmati rice"],"directions":["THE NIGHT BEFORE: Combine the soy sauce, oil, vinegar, bourbon, and brown sugar in a bowl. Whisk until combined. Place the chicken in a baking dish (a casserole pan or something with high sides) with lid and pour the sauce over the chicken. Toss in the ginger, garlic, and half of the green onions. Cover and marinate overnight (or for as many hours as you have before baking).","THE DAY OF: Preheat the oven to 350 degrees. Uncover the chicken and bake directly in the marinade for 45 minutes, basting the chicken with the sauce periodically and/or turning the pieces upside down to get them baking in the sauce on both sides. Cook the rice according to package directions.","When the chicken is done, turn the oven temperature to broil and bake for an additional 5-10 minutes to get a nice, browned exterior on the chicken. Remove and serve whole or cut, with extra sauce and scallions, over the rice."],"url":"https://pinchofyum.com/sticky-bourbon-chicken-rice","title":"Sticky Bourbon Chicken with Rice","description":"This sticky bourbon chicken is so easy to make! Perfect served with rice, green onions, and a drizzle of extra sauce. So yummy!","image":"https://pinchofyum.com/wp-content/uploads/2014/03/Bourbon-Chicken-4-183x183.jpg","servings":"6","review":4.8,"prepTime":720,"totalTime":780,"cookTime":60,"nutrition":{"totalFat":14,"totalFatDailyValue":22,"cholestrol":106.5,"cholestrolDailyValue":36,"sodium":876.1,"sodiumDailyValue":37,"carbohydrates":34.8,"carbohydratesDailyValue":12,"sugars":6.3,"protein":26.6,"proteinDailyValue":53,"vitaminA":23.9,"vitaminADailyValue":2,"vitaminC":1.7,"vitaminCDailyValue":3}}