{"ingredients":["1 clove garlic","1 14-ounce can chickpeas or white beans, rinsed and drained","a handful of fresh basil","juice of one lemon (or two, if you love tangy like me!)","a generous drizzle of good quality olive oil","salt and pepper to taste","1 heaping cup canned or jarred artichoke hearts, drained","about 2 cups fresh baby spinach or other greens","10 small pieces of whole wheat bread, toasted"],"directions":["Pulse the garlic and chickpeas and about half of the basil in a food processor until finely minced and crumbly (see picture in post).","Cut the remaining basil into ribbons and chop the artichokes. Toss the chickpea mixture with the lemon, basil, olive oil, salt and pepper, and artichoke hearts. Taste and adjust to your liking.","Add the spinach or greens just before serving. Serve on the toasted bread. You can also serve this with chips or in a wrap… endless possibilities, really."],"url":"https://pinchofyum.com/10-minute-white-bean-artichoke-basil-toasts","title":"10 Minute White Bean Artichoke Basil Toasts","description":"White Bean Artichoke Basil Toasts – a tangy, fresh 10 minute artichoke and basil salad loaded on whole wheat toast. Vegan.","image":"https://pinchofyum.com/wp-content/uploads/Artichoke-Toasts-Recipe-185x185.jpg","servings":"about 10 toasts","review":4.9,"prepTime":15,"totalTime":20,"cookTime":5,"nutrition":{"totalFat":2.4,"totalFatDailyValue":4,"cholestrol":0,"cholestrolDailyValue":0,"sodium":167.2,"sodiumDailyValue":7,"carbohydrates":27.9,"carbohydratesDailyValue":9,"sugars":3.7,"protein":8.7,"proteinDailyValue":17,"vitaminA":28.9,"vitaminADailyValue":2,"vitaminC":4.1,"vitaminCDailyValue":7}}