{"ingredients":["2 yellow onions","6 cloves garlic","1 medium kabocha or butternut squash, peeled and cubed, about 4-5 cups","4 cups vegetable broth","salt + pepper + dried oregano","1/2 cup cream or half and half","1 lb. ground turkey","2 cups packed fresh spinach","1 cup grated Provolone cheese","1 lb. whole wheat rigatoni"],"directions":["Mince the onions and garlic. Combine in a small bowl and set aside.","Bring the vegetable broth to a boil; add half of the onion/garlic mixture and the prepared squash. Cook for 10 minutes or until squash/onion/garlic are fork-tender. Transfer the cooked squash combo with 1/2 cup of the vegetable broth from the pot to a blender and puree until smooth, adding salt, pepper, and dried oregano to taste. Stir in cream and set aside.","Brown the turkey over medium high heat with the remaining onion/garlic mixture. Season generously with salt, pepper, and oregano. Drain out any excess liquid so that the meat will get a browned, almost crispy look.","Cook the rigatoni in a large pot. Undercook the pasta slightly to avoid mushy noodles – I boiled mine for about 6 minutes. Drain the water; add the sauce, sausage, and spinach to the pot with the noodles. Stir until combined. Transfer to a large baking dish (any shape), stopping half way to add a layer of cheese (about 1/2 cup of cheese). Pour remaining pasta mixture in and sprinkle the remaining 1/2 cup of cheese on top. Bake at 375 degrees for 20 minutes or until the top is beginning to brown and everything is heated through."],"url":"https://pinchofyum.com/baked-rigatoni-with-spinach-provolone-turkey","title":"Baked Rigatoni with Spinach, Provolone, and Turkey","description":"This baked rigatoni is loaded with healthy stuff: creamy squash sauce, fresh spinach, ground turkey, and Provolone.","image":"https://pinchofyum.com/wp-content/uploads/2013/01/Baked-Rigatoni-52-183x183.jpg","servings":"10","review":5,"prepTime":15,"totalTime":60,"cookTime":45,"nutrition":{"totalFat":6.4,"totalFatDailyValue":10,"cholestrol":38.1,"cholestrolDailyValue":13,"sodium":382.8,"sodiumDailyValue":16,"carbohydrates":28.6,"carbohydratesDailyValue":10,"sugars":6.2,"protein":16.2,"proteinDailyValue":32,"vitaminA":363.1,"vitaminADailyValue":24,"vitaminC":17.6,"vitaminCDailyValue":29}}