{"ingredients":["3 (10 3/4 oz) cans chicken broth","2 cups water","1/2 cup uncooked wild rice, rinsed","1/2 cup finely chopped green onions","1/2 cup margarine or butter","3/4 cup all-purpose flour","1/2 teaspoon salt","1/4 teaspoon poultry seasoning","1/8 teaspoon pepper","2 cups half and half","1 1/2 cup cubed or shredded cooked chicken or turkey","8 slices bacon, crisply cooked and crumbled","1 tablespoon chopped pimiento","2-3 tablespoons dry sherry, if desired"],"directions":["In a large saucepan, combine chicken broth and water. Add wild rice and onions. Bring to a boil. Reduce heat, cover and simmer 30-45 minutes (or until rice is tender). Once the rice is cooked, there will be some additional broth – do not drain.","In a medium saucepan, melt margarine, stir in flour, salt, seasoning, and pepper. Cook 1 minute, stirring constantly, until smooth and bubbly.","Gradually stir in half and half with the butter/flour mixture and cook until slightly thickened, stirring constantly. Add this creamy mixture back into the saucepan with the rice/broth. Add remaining ingredients (chicken, bacon, pimiento, and sherry). Heat on low, stirring every once in a while, for at least a half an hour. Do not boil. The mixture will look thin, but the longer you heat the soup, the more the flavors marry and the more it will thicken. This soup is best served after gently heating for an extended period of time (even a few hours) or the next day! For extra flavor, add more poultry seasoning and/or bacon."],"url":"https://pinchofyum.com/chicken-bacon-wild-rice-soup","title":"Chicken Bacon Wild Rice Soup","description":"This chicken bacon wild rice soup is my family’s favorite recipe – so thick and creamy and full of chicken, bacon, and wild rice.","image":"https://pinchofyum.com/wp-content/uploads/wild-rice-soup1-1-266x300-185x185.jpg","servings":"6","review":4.5,"prepTime":30,"totalTime":90,"cookTime":60,"nutrition":{"totalFat":35.5,"totalFatDailyValue":55,"cholestrol":73.6,"cholestrolDailyValue":25,"sodium":513.9,"sodiumDailyValue":21,"carbohydrates":31.6,"carbohydratesDailyValue":11,"sugars":5,"protein":24,"proteinDailyValue":48,"vitaminA":165.3,"vitaminADailyValue":11,"vitaminC":3,"vitaminCDailyValue":5}}