{"ingredients":["2 avocados","8 eggs","a handful of dill","a handful of parsley","juice of one lemon","a pinch of salt","a drizzle of olive oil (as needed)"],"directions":["Hard boil the eggs. Cover the eggs with water in a saucepan. Bring to a boil, turn heat off, cover and rest (on hot burner) for 8-10 minutes. Run under cold water and break off the shells. Cut the eggs into small pieces.","Mash the avocados. Mash the avocados in a bowl with the back of a large wooden spoon until mostly smooth.","Mix and serve. Mix the eggs with the avocados, herbs, lemon juice, salt, and olive oil if you need it. Serve immediately at room temperature, or chill and serve cold."],"url":"https://pinchofyum.com/the-best-avocado-egg-salad","title":"The Best Avocado Egg Salad","description":"Avocado Egg Salad – no mayo here! just avocados, eggs, herbs, lemon juice, and salt. Especially good on an everything bagel. Just saying.","image":"https://pinchofyum.com/wp-content/uploads/Avocado-Egg-Salad-Recipe-185x185.jpg","servings":"5 (heaping 1/2 cup each)","review":5,"prepTime":10,"totalTime":20,"cookTime":10,"nutrition":{"totalFat":19.9,"totalFatDailyValue":31,"cholestrol":297.6,"cholestrolDailyValue":99,"sodium":234.3,"sodiumDailyValue":10,"carbohydrates":10.3,"carbohydratesDailyValue":3,"sugars":3.3,"protein":12.9,"proteinDailyValue":26,"vitaminA":150.9,"vitaminADailyValue":10,"vitaminC":25.5,"vitaminCDailyValue":43}}