{"ingredients":["1 medium kabocha squash","1 yellow onion, roughly chopped","2 cloves garlic, smashed (optional – I like it both ways)","2 tablespoons olive oil","1 1/4 cup milk","1/4 teaspoon cayenne pepper","toasted walnuts","salt to taste","cream to taste"],"directions":["Cut the squash into wedges. Scoop out the seeds, cut off the rind, and dice the squash.","Heat the oil in a large skillet over medium high heat. Add the squash, onion, and garlic. Sprinkle with a little salt and saute until lightly browned and the squash is cooked through.","Place the cooked squash in a blender and add the milk and cayenne. Blend for 3-5 minutes or until the mixture is very smooth. Season generously with salt. Top each serving with toasted walnuts, cheese, or cream."],"url":"https://pinchofyum.com/simple-creamy-squash-soup","title":"Simple & Creamy Squash Soup","description":"This simple and creamy squash soup has just 6 ingredients including squash, onion, olive oil, milk, and toasted walnuts. It’s my go-to soup recipe!","image":"https://pinchofyum.com/wp-content/uploads/squash-soup9-185x185.jpg","servings":"4","review":4.8,"prepTime":10,"totalTime":20,"cookTime":10,"nutrition":{"totalFat":12,"totalFatDailyValue":18,"cholestrol":7.6,"cholestrolDailyValue":3,"sodium":39.9,"sodiumDailyValue":2,"carbohydrates":18.2,"carbohydratesDailyValue":6,"sugars":6.2,"protein":3.8,"proteinDailyValue":8,"vitaminA":596,"vitaminADailyValue":40,"vitaminC":23,"vitaminCDailyValue":38}}