{"ingredients":["2 slices whole wheat bread, crust on the outside","6 tbs. hummus","6 roasted red peppers","1/2 cup artichokes, drained and chopped","1/2 cup fresh spinach, chopped","4 tbs. mozzarella cheese"],"directions":["Divide toppings between the two bread slices in this order: hummus, red pepper, spinach, artichokes, and cheese.","Broil at 400 degrees for about 10 minutes or until cheese is melted.","Sprinkle with cayenne and serve with a drizzle of olive oil."],"url":"https://pinchofyum.com/artichoke-and-red-pepper-melt","title":"Artichoke and Red Pepper Melt","description":"This simple open-faced sandwich features artichokes and red peppers over hummus and bread, drizzled with olive oil. A perfect, easy lunch!","image":"https://pinchofyum.com/wp-content/uploads/2011/05/Artichoke-and-Red-Pepper-Melt-183x183.jpeg","servings":"2","prepTime":5,"totalTime":15,"cookTime":10}