{"ingredients":["2 ½ cups red or pink lentils","5-6 cups of water (a large pot half full)","2 tablespoons curry paste","½ cup coconut milk","1/3 cup water","1/2 teaspoons salt","¼ teaspoon black pepper","¼ teaspoon cayenne","2 teaspoons curry powder","½ teaspoon turmeric","1 teaspoon chili powder","2 tablespoons sugar","lime juice","green herbs for garnish (I used malunggay leaves – you could use cilantro, green onions, etc.)"],"directions":["Bring the water to a boil in a large pot.","Add lentils and cook uncovered for 10 minutes, stirring every few minutes to prevent burning on the bottom. Remove from heat.","Stir in remaining ingredients until completely incorporated. Season with additional salt and herbs for garnish."],"url":"https://pinchofyum.com/easy-red-lentil-dhal","title":"Easy Red Lentil Dhal","description":"This easy red lentil dhal (or dahl, or dal) is flavored with curry paste and coconut milk. Incredibly simple and so delicious.","image":"https://pinchofyum.com/wp-content/uploads/red-lentil-dhal-31-200x300-185x185.jpg","servings":"6","review":4.7,"prepTime":5,"totalTime":15,"cookTime":10,"nutrition":{"totalFat":6.7,"totalFatDailyValue":10,"cholestrol":0,"cholestrolDailyValue":0,"sodium":347.4,"sodiumDailyValue":14,"carbohydrates":57.6,"carbohydratesDailyValue":19,"sugars":5.2,"protein":19.8,"proteinDailyValue":40,"vitaminA":235.7,"vitaminADailyValue":16,"vitaminC":2.4,"vitaminCDailyValue":4}}