{"ingredients":["1 cup flour","1 cup milk","1/4 teaspoon each garlic powder, salt, and pepper","1 head cauliflower (4-5 cups florets)","3/4 cup hot sauce (I used Frank’s brand)","shredded cabbage or slaw","chopped fresh cilantro","tortillas","2 avocados","1 clove garlic","1/4 cup sour cream (yogurt would work, too)","1/4 cup water","1/2 teaspoon salt","squeeze of lemon or lime"],"directions":["Batter the cauliflower: Preheat oven to 450 degrees. Whisk flour, milk, salt, pepper, and garlic powder. Dip cauliflower pieces in the batter and let excess drip off. Place on parchment-lined baking sheet. Bake on an upper rack for 15-20 minutes until lightly crisped and browned.","Spice the cauliflower: Gently toss the baked cauliflower in a bowl with the hot sauce. Return to pan. Bake for another 5-10 minutes.","Avocado Crema: Mix all ingredients in a food processor or blender until smooth.","Slaw: Toss the slaw with some of the avocado crema until it’s nice and creamy.","Tacos: Fill each tortilla with slaw, cauliflower, a drizzle of avocado crema, and cilantro. Perfection!"],"url":"https://pinchofyum.com/buffalo-cauliflower-tacos-avocado-crema","title":"Buffalo Cauliflower Tacos with Avocado Crema","description":"This colorful, spicy, crispy, mega-yum recipe was inspired by the amazing buffalo “wings” at J. Selby’s in Saint Paul and this recipe from Sarah Sullivan. Thanks to both sources of inspiration!","image":"https://pinchofyum.com/wp-content/uploads/Buffalo-Cauliflower-Tacos-with-Avocado-Crema-Recipe-185x185.jpg","servings":"8-10 tacos (probably 4-5 servings)","review":4.8,"prepTime":15,"totalTime":45,"cookTime":30,"nutrition":{"totalFat":16.6,"totalFatDailyValue":26,"cholestrol":5,"cholestrolDailyValue":2,"sodium":2119.7,"sodiumDailyValue":88,"carbohydrates":75.3,"carbohydratesDailyValue":25,"sugars":8.4,"protein":15.8,"proteinDailyValue":32,"vitaminA":190.5,"vitaminADailyValue":13,"vitaminC":79.1,"vitaminCDailyValue":132}}