{"ingredients":["7 tablespoons salted butter","3/4 cup white sugar","1 tablespoon packed brown sugar","1 teaspoon vanilla","1 egg","1 1/4 cup all purpose flour (to start, but plan to add a few tablespoons)","1/2 teaspoon baking soda","1/4 teaspoon salt","1 cup mixed varieties of chocolate chips"],"directions":["Turn the oven on to 350 degrees. Put the butter in the oven in a stainless steel or glass bowl as it’s preheating until about one third to one half of the butter is melted. Do not melt more than half of the butter. Turn the oven off. Let the butter come back to room temperature for at least 30 minutes – it doesn’t have to harden completely but it should be a soft solid.","Add the sugar and vanilla. Cream with electric mixers until well mixed and lightly fluffy. Add the eggs and beat until incorporated..","Measure in the flour, baking soda, and salt. You can do this in a separate bowl, but I usually just dump it all into the mixing bowl. Slowly mix with the electric mixer on low speed, scraping the sides, until all the flour is incorporated. If the dough sticks to the sides of the bowl and looks wet, add one tablespoon of extra flour at a time until the dough feels dry and sticks together in one large ball. Too much flour will make the cookie stiff, so stop adding flour right when the dough starts to take on that dry look and feel. Stir in the chocolate chips with a wooden spoon.","Preheat the oven to 350 degrees. Roll 1/4 cup dough into high, round balls with chocolate chips at the top. Place on a baking sheet a few inches apart and bake for about 9 minutes. You want to take them out when they are puffy and just a tiny bit brown on the tops and edges. Let stand for a few minutes – they will lose a little of their puffiness but they should stay thick and hold together well."],"url":"https://pinchofyum.com/tips-for-perfect-chocolate-chip-cookies","title":"Half-Batch Perfect Chocolate Chip Cookies","description":"Here are my simple tips for perfect chocolate chip cookies with an easy recipe for my all-time favorite, classic, perfect chocolate chip cookie.","image":"https://pinchofyum.com/wp-content/uploads/2013/06/final-7-183x183.jpg","servings":"10-12 big cookies","review":4.8,"prepTime":45,"totalTime":54,"cookTime":9,"nutrition":{"totalFat":12.6,"totalFatDailyValue":19,"cholestrol":33.3,"cholestrolDailyValue":11,"sodium":160.7,"sodiumDailyValue":7,"carbohydrates":35.3,"carbohydratesDailyValue":12,"sugars":24,"protein":3.3,"proteinDailyValue":7,"vitaminA":63.3,"vitaminADailyValue":4,"vitaminC":0,"vitaminCDailyValue":0}}