{"ingredients":["2 tablespoons butter","3 tablespoons flour","1 1/2 cups milk","4 ounces light cream cheese","1/2 teaspoon salt","ground black pepper to taste","1/2 cup  Marzetti Simply Dressed Caesar Dressing","1/2 cup Parmesan cheese","9 lasagna noodles","3 cups cooked, shredded chicken","3 cups Mozzarella cheese","3 cups chopped spinach or kale","1/2 cup sun dried tomatoes packed in oil"],"directions":["Melt the butter over medium high heat. Stir in the flour and cook for 2-3 minutes. Add the milk, a little bit at a time, until the mixture is smooth and creamy. Whisk in the cream cheese, Parmesan, and Caesar dressing until smooth and creamy. Taste and adjust as necessary.","Cook the lasagna noodles according to package directions. Add the chicken to the sauce mixture and keep over medium low heat.","Grease a 9×13 pan and preheat the oven to 375 degrees. Cover with 3 lasagna noodles. Top with 1/2 the chicken mixture, 1 1/2 cups kale, 1/4 cup sundried tomatoes, and 1 cup mozzarella. Cover with 3 more noodles. Repeat layers, ending with another layer of noodles and the remaining 1 cup cheese.","Bake for 30 minutes covered with greased foil. Remove the foil and bake for another 5-10 minutes to brown the cheese. Let stand for 10 minutes before cutting."],"url":"https://pinchofyum.com/creamy-chicken-caesar-lasagna","title":"Creamy Chicken Caesar Lasagna","description":"Chicken Caesar Lasagna! A classic favorite but made with your favorite chicken caesar ingredients. Super simple for an easy dinner!","image":"https://pinchofyum.com/wp-content/uploads/2013/10/creamy-chicken-caesar-lasagna1-183x183.jpg","servings":"12-15","review":4.5,"prepTime":30,"totalTime":90,"cookTime":60,"nutrition":{"totalFat":17.2,"totalFatDailyValue":26,"cholestrol":52.2,"cholestrolDailyValue":17,"sodium":404.1,"sodiumDailyValue":17,"carbohydrates":20,"carbohydratesDailyValue":7,"sugars":2.7,"protein":17.9,"proteinDailyValue":36,"vitaminA":133,"vitaminADailyValue":9,"vitaminC":5.4,"vitaminCDailyValue":9}}