{"ingredients":["1 1/4 cup glutinous rice","2 cups water","1 can coconut milk","1 cup milk","1/4 cup cocoa powder whisked with 1 tablespoon water","1 cup sugar"],"directions":["Bring the glutinous rice and water to a simmer over medium high heat. Add the coconut milk, regular milk, and cocoa and simmer for about 15 minutes, stirring constantly, until mixture has thickened slightly (it will still be a little saucy).","Stir in the sugar and simmer for another 10-15 minutes until the mixture has thickened even more. Let stand for several minutes and serve with more cream and sugar if desired."],"url":"https://pinchofyum.com/champorado-chocolate-coconut-sticky-rice","title":"Champorado {Chocolate Coconut Sticky Rice}","description":"This yummy Filipino champorado recipe is basically like chocolate coconut sticky rice – and you can eat it for breakfast! So good!","image":"https://pinchofyum.com/wp-content/uploads/champorado1-185x185.jpg","servings":"4","review":5,"prepTime":5,"totalTime":30,"cookTime":25,"nutrition":{"totalFat":17.2,"totalFatDailyValue":26,"cholestrol":6.1,"cholestrolDailyValue":2,"sodium":37.2,"sodiumDailyValue":2,"carbohydrates":92,"carbohydratesDailyValue":31,"sugars":55.1,"protein":6.9,"proteinDailyValue":14,"vitaminA":28.1,"vitaminADailyValue":2,"vitaminC":1.7,"vitaminCDailyValue":3}}