{"ingredients":["1 1/2 lb. ground beef","1 teaspoon cumin","1 teaspoon chili powder","1/2 teaspoon cayenne pepper","1 teaspoon salt","1/3 cup salsa","1 onion","1 chipotle pepper (canned in adobo sauce)","2 eggs, beaten","3/4 cup finely crushed tortilla chips","6-8 slices cheddar cheese","6-8 burger buns","2 avocados","1 bunch cilantro","1/2 small red onion","2 teaspoons salt","1 teaspoon lime juice"],"directions":["Cut the avocado in half and remove the pit. Scoop the flesh out of the skin with a spoon and place it in a small mixing bowl. Mash the avocados with a fork until mostly smooth. Finely chop the red onion and cilantro. Stir the onion, cilantro, salt and lime juice in with the avocado. Cover with plastic wrap and store in the refrigerator for up to 12 hours.","Place the meat in a large mixing bowl. Add the cumin, chili powder, cayenne, salt, and salsa. Use your hands to thoroughly combine the ingredients. Chop the onion and chipotle pepper and add to the mixing bowl. Mix well. Add the eggs and tortilla chips and use your hands to thoroughly mix ingredients again.","Form the meat into round patties, about 1 1/2 inches thick. Heat a nonstick frying pan over medium heat. Cook the burgers, 2-3 at a time (or however many fit in the pan). Cover the pan with a lid and allow the burgers to cook for 5 minutes, checking once or twice to avoid burning on the bottom. After 5 minutes, the bottom side should be browned and the there should be little to no pink on the top side. Flip the burgers and cook uncovered for another 2-3 minutes to achieve desired browning. Also, this is a good time to add the cheese to the tops of the burgers because it will melt slightly in the hot pan.","Serve burgers on toasted buns (just 3-4 minutes under the broiler will do the trick) and top with a dollop of chilled guacamole."],"url":"https://pinchofyum.com/southwest-burgers-with-guacamole","title":"Southwest Chipotle Burgers with Guacamole","description":"These southwest chipotle burgers have smoky chipotle flavor and crushed tortilla chips right in the burgers. Topped with guacamole – perfect!","image":"https://pinchofyum.com/wp-content/uploads/2012/10/southwest-burgers-21-183x183.jpg","servings":"6-8","prepTime":30,"totalTime":45,"cookTime":15,"nutrition":{"totalFat":28.1,"totalFatDailyValue":43,"cholestrol":170,"cholestrolDailyValue":57,"sodium":1698.6,"sodiumDailyValue":71,"carbohydrates":53.2,"carbohydratesDailyValue":18,"sugars":9.5,"protein":21.3,"proteinDailyValue":43,"vitaminA":249.5,"vitaminADailyValue":17,"vitaminC":20.3,"vitaminCDailyValue":34}}