{"ingredients":["2 tablespoons sesame oil, divided","2 cloves garlic, minced","1 1-inch piece fresh ginger, grated*","3 eggs","4 cups brown rice (cooked, cooled, and separated)**","1 cup frozen corn","1-2 cups frozen peas","1/2 tablespoon rice vinegar","2-3 tablespoons soy sauce","fresh chives, fresh basil, baby spinach, any other add ins you want!"],"directions":["Heat one tablespoon oil in a large pan over medium heat. Add the garlic cloves and ginger and stir fry for one minute. Crack the eggs directly into the pan and gently push them around in the pan until barely cooked, 1-2 minutes.","Add the rice and stir fry for a few minutes, adding the other tablespoon of oil and turning the heat up to get it sizzlin. The eggs should sort of incorporate and stick to the rice. NUM.","Add the frozen corn, peas, rice vinegar, and soy sauce and stir fry for another 1-2 minutes. Remove from heat, stir in any additional add-ins (basil is a must! SO good) and serve!"],"url":"https://pinchofyum.com/best-10-minute-veggie-fried-rice","title":"The Best 10 Minute Veggie Fried Rice","description":"This is the best 10 Minute Veggie Fried Rice! Made with brown rice, frozen corn and peas, creamy eggs, fresh herbs, garlic, and ginger.","image":"https://pinchofyum.com/wp-content/uploads/fried-rice-recipe-1-185x185.jpg","servings":"5 - one heaping cup full per serving)","review":4.8,"prepTime":5,"totalTime":10,"cookTime":5,"nutrition":{"totalFat":9.9,"totalFatDailyValue":15,"cholestrol":111.6,"cholestrolDailyValue":37,"sodium":250.9,"sodiumDailyValue":10,"carbohydrates":40.4,"carbohydratesDailyValue":13,"sugars":3.6,"protein":9.6,"proteinDailyValue":19,"vitaminA":78.2,"vitaminADailyValue":5,"vitaminC":7.2,"vitaminCDailyValue":12}}