{"ingredients":["1 cup frozen sweet potato, steamed (see notes)","1/2 cup frozen cauliflower florets","1 cup Almond Breeze Vanilla Almondmilk","1 tablespoon almond butter","1 scoop of your fave protein powder (vanilla is best)","2 tablespoons honey","a pinch of sea salt"],"directions":["Blend everything up in a high-powered blender until smooth. Add more almondmilk as needed to keep it moving smoothly. Serve topped with granola, banana slices, fruit, a drizzle of almond butter, or whatever your heart desires."],"url":"https://pinchofyum.com/autumn-glow-milkshake","title":"Autumn Glow Milkshake","description":"A glow-worthy “milkshake” that is loaded with nutritients and tastes like ice cream. Awesome for breakfasts on the go.","image":"https://pinchofyum.com/wp-content/uploads/Breakfast-Milkshake-Recipe-185x185.jpg","servings":"1 milkshake","review":5,"prepTime":10,"totalTime":10,"nutrition":{"totalFat":11.8,"totalFatDailyValue":18,"cholestrol":1.9,"cholestrolDailyValue":1,"sodium":262.1,"sodiumDailyValue":11,"carbohydrates":83.6,"carbohydratesDailyValue":28,"sugars":56.8,"protein":17.1,"proteinDailyValue":34,"vitaminA":1094.2,"vitaminADailyValue":73,"vitaminC":29.2,"vitaminCDailyValue":49}}