{"ingredients":["2 cups sifted flour","2 cups sugar","2 teaspoons cinnamon","2 teaspoons baking soda","1/4 teaspoon salt","3 cups grated raw carrots","4 eggs","1 1/3 cups vegetable oil","8 ounces cream cheese","1/4 lb. butter","2 teaspoons vanilla","1 lb. powdered sugar"],"directions":["Preheat oven to 350 degrees. Mix dry ingredients and oil with carrots. Add one egg at a time and beat well after each egg.","Bake for 50 minutes in a 9×13 inch pan. Let cool completely. (For cupcakes, pour batter into greased or lined muffin tins. Fill them about 3/4 of the way to the top and bake for about 12-15 minutes, or until tops spring back when you touch them. This amount will make about 24 cupcakes.)","Beat cream cheese, butter, and vanilla until creamy. Add powdered sugar. Spread frosting over cooled cake.","Refrigerate and eat cold for best taste!"],"url":"https://pinchofyum.com/carrot-cake-cupcakes-with-cream-cheese-frosting","title":"Carrot Cake Cupcakes with Cream Cheese Frosting","description":"These carrot cake cupcakes are made from a small town blue ribbon recipe. Sweet, moist, dense, and perfect topped with cream cheese frosting.","image":"https://pinchofyum.com/wp-content/uploads/2012/02/carrot-cake-cupcakes-1-183x183.jpeg","servings":"1 cake or 24 cupcakes","review":4.6,"prepTime":15,"totalTime":75,"cookTime":60,"nutrition":{"totalFat":15.5,"totalFatDailyValue":24,"cholestrol":40.7,"cholestrolDailyValue":14,"sodium":182.1,"sodiumDailyValue":8,"carbohydrates":43.9,"carbohydratesDailyValue":15,"sugars":34.5,"protein":3.1,"proteinDailyValue":6,"vitaminA":170.2,"vitaminADailyValue":11,"vitaminC":0.9,"vitaminCDailyValue":2}}