{"ingredients":["3 cups cauliflower florets","2 cups whole walnuts","2 individual chipotles in adobo sauce","1 tablespoon chili powder","1 teaspoon cumin","1 teaspoon salt","2 tablespoons lime juice","1/2 teaspoon garlic or onion powder","a pinch of cayenne for more heat"],"directions":["Preheat the oven to 375 degrees. Pulse all ingredients in a food processor until the mixture is evenly ground (see picture).","Transfer to a greased baking sheet. Bake for 30 minutes, stirring halfway through to prevent over-browning.","Serve in tacos, burritos, quesadillas, bowls, and the like! ????????"],"url":"https://pinchofyum.com/cauliflower-walnut-vegetarian-taco-meat","title":"Cauliflower Walnut Taco Meat","description":"This vegetarian taco meat is made with cauliflower, walnuts, and chipotle peppers. It’s so easy: just mix and bake. Meatless miracle!","image":"https://pinchofyum.com/wp-content/uploads/cauliflower-walnut-taco-bowls-recipe-185x185.jpg","servings":"6 servings (about 1/2 cup each)","review":5,"prepTime":5,"totalTime":35,"cookTime":30,"nutrition":{"totalFat":26.5,"totalFatDailyValue":41,"cholestrol":0,"cholestrolDailyValue":0,"sodium":570.2,"sodiumDailyValue":24,"carbohydrates":11.2,"carbohydratesDailyValue":4,"sugars":2.9,"protein":7.4,"proteinDailyValue":15,"vitaminA":170.5,"vitaminADailyValue":11,"vitaminC":27.9,"vitaminCDailyValue":46}}