{"ingredients":["3 1/2 cups of flour","2 teaspoon baking soda","1 teaspoon baking powder","1 teaspoon cloves","1 teaspoon cinnamon","1 teaspoon nutmeg","1/2 teaspoon salt","2 cups solid pack pumpkin (not pie filling)","1 cup of oil","2 cups of sugar","3 eggs","1/3 stick of butter","2 cups powdered sugar","1 1/2 tsp. vanilla","1-3 tbs. water","1 tbs. maple syrup"],"directions":["Mix dry ingredients and wet ingredients separately.","Add dry ingredients to pumpkin mixture.","Bake at 350 for 20-25 minutes.","Glaze and enjoy!","Melt butter in saucepan.","Add sugar and vanilla.","Add water until desired consistency is reached.","Stir in maple syrup."],"url":"https://pinchofyum.com/mapleglazedpumpkinmuffins","title":"Maple Glazed Pumpkin Muffins","description":"Maple Glazed Pumpkin Muffins are easy to make and so light and fluffy! The maple glaze adds a perfect sweetness. Perfect breakfast treat!","image":"https://pinchofyum.com/wp-content/uploads/2011/07/Maple-Glazed-Pumpkin-Muffins-183x183.jpg","servings":"12","review":5,"prepTime":15,"totalTime":50,"cookTime":35}