{"ingredients":["1 cup cooked wild rice","1 can cream of mushroom/chicken soup","1 1/2 cups cooked breakfast sausage or bacon, drained","1 diced onion","1 1/2 cups shredded mozzarella (or other) cheese","7 beaten eggs","2-3 handfuls of spinach","1/2 cup chopped roasted red pepper (I used the jarred kind)","salt and pepper"],"directions":["Mix all ingredients and bake at 375 for about 40 minutes. Let stand for about 10 minutes before serving."],"url":"https://pinchofyum.com/sausage-and-red-pepper-quiche","title":"Sausage and Red Pepper Quiche","description":"This sausage and red pepper quiche is adapted from our favorite bed and breakfast in Duluth, MN. Made with wild rice, sausage, red pepper, eggs, and cheese.","image":"https://pinchofyum.com/wp-content/uploads/2011/04/Sausage-and-Red-Pepper-Quiche-183x183.jpeg","servings":"8","review":4.8,"prepTime":10,"totalTime":50,"cookTime":40}