{"ingredients":["1 cup sun dried tomatoes packed in oil","1 onion, chopped","2 cloves garlic, minced","3 sage leaves, minced","1 1/2 cups pumpkin puree","1 cup tomato puree or tomato sauce","4 cups chicken broth","1 teaspoon dried basil","1/2 cup cream or half and half","teeny tiny pinch of cinnamon","8 ounces bucatini, perciatelli, or spaghetti (I used DeLallo perciatelli)","1 lb. lean ground turkey","1 onion, thinly sliced","1 tablespoon chili powder","1 teaspoon garlic powder","2 tablespoons garlic infused olive oil (see notes)","1 bunch kale, stems removed, leaves chopped","Manchego or Parmesan cheese for topping"],"directions":["Sauce: In a large pot over medium high heat, add the sun dried tomatoes and a few tablespoons of the oil. Add the onion, garlic, and sage with the sun dried tomatoes and saute until soft and fragrant. Add the pumpkin puree, tomato puree, chicken broth, basil, and cinnamon. Simmer for 15 minutes or so, adding more water or broth as needed to keep the sauce from getting too thick. Puree in a blender or with an immersion blender directly in the pot until mostly smooth. Stir in cream and season to taste with salt, pepper, and red pepper flakes for heat.","Pasta: Boil the pasta according to package directions. While the pasta is boiling, brown the turkey in a large skillet with the onion, chili powder, and garlic powder. Add a few tablespoons of water if necessary to keep everything moist.","Kale: Heat the olive oil over medium heat. Add the kale and saute until wilted.","Toss the turkey, sauce, and pasta together. Serve with the kale. Top everything with the cheese."],"url":"https://pinchofyum.com/creamy-pumpkin-spaghetti-with-garlic-kale","title":"Creamy Pumpkin Spaghetti with Garlic Kale","description":"Creamy Pumpkin Spaghetti with Garlic Kale – this is the most crazy good combination! Spicy turkey, creamy pumpkin sauce, and pasta!","image":"https://pinchofyum.com/wp-content/uploads/Pumpkin-Spaghetti-Recipe-185x185.jpg","servings":"6","review":4.7,"prepTime":15,"totalTime":55,"cookTime":40,"nutrition":{"totalFat":10.5,"totalFatDailyValue":16,"cholestrol":45.8,"cholestrolDailyValue":15,"sodium":781.7,"sodiumDailyValue":33,"carbohydrates":49.7,"carbohydratesDailyValue":17,"sugars":8.8,"protein":27.6,"proteinDailyValue":55,"vitaminA":540.8,"vitaminADailyValue":36,"vitaminC":34.2,"vitaminCDailyValue":57}}