{"ingredients":["1 stick butter, unsalted (1/2 cup), softened","1/2 cup white sugar","1/3 cup packed brown sugar","1/2 cup peanut butter","1 egg","1 cup flour","1 teaspoon baking soda","1/2 teaspoon salt (less if you don’t like salty/sweet)","1/2 cup rolled oats","2 cups chocolate chips","8 ounces cream cheese, softened","1/3 cup sugar","1 egg","1/2 teaspoon vanilla"],"directions":["Make the cookie dough: Preheat oven to 325 degrees. Cream the butter, sugars, and peanut butter until smooth and fluffy. Add the egg and beat until incorporated. In a separate bowl, mix the flour, baking soda, and salt. Slowly add the flour mixture in with the butter and sugar, mixing well after each addition. Stir in the oats and chocolate chips.","Make the cheesecake filling: Cream the cream cheese, egg, sugar, and vanilla until smooth.","Press half to two-thirds of the cookie dough in the bottom of a 9-inch square baking dish. Pour the cheesecake filling over the dough. Crumble the remaining dough and sprinkle over the top, OR roll it into a flat layer and place it over the cheesecake layer.","Cover with foil and bake for 20 minutes; remove foil and bake for another 15-20 minutes, or until tops is lightly browned and cheesecake layer is set. Serve warm or cold and store leftover bars in refrigerator."],"url":"https://pinchofyum.com/peanut-butter-chocolate-chip-cookie-cheesecake-bars","title":"Peanut Butter Chocolate Chip Cookie Cheesecake Bars","description":"These peanut butter chocolate chip cookie cheesecake bars are just as extreme as they sound. For true dessert lovers! Super yummy!","image":"https://pinchofyum.com/wp-content/uploads/2012/10/cookie-cheesecake-bars-3-183x183.jpg","servings":"20","review":4.8,"prepTime":20,"totalTime":60,"cookTime":40,"nutrition":{"totalFat":19,"totalFatDailyValue":29,"cholestrol":42.2,"cholestrolDailyValue":14,"sodium":228.2,"sodiumDailyValue":10,"carbohydrates":34.3,"carbohydratesDailyValue":11,"sugars":24.6,"protein":5.9,"proteinDailyValue":12,"vitaminA":157.2,"vitaminADailyValue":10,"vitaminC":0,"vitaminCDailyValue":0}}