{"ingredients":["4 ounces thin rice noodles","1 tablespoon oil","2 bell peppers, thinly sliced","2 shallots, thinly sliced","1 cup bean sprouts","1 teaspoon curry powder","1 cup sliced shiitake mushrooms","1 cup frozen peas","sliced scallions for topping","1 cup low sodium chicken broth (vegetable broth for vegan/vegetarian)","1/4 cup low sodium soy sauce","3 tablespoons mirin","2 teaspoons minced garlic","1 teaspoon minced ginger (I used a ginger paste)","1/2 teaspoon sambal oelek (adds spiciness – more to taste)"],"directions":["Soak the rice noodles in a large bowl of cold water. Wash and cut all the vegetables. Mix the ingredients for the sauce in a small bowl and set aside.","Heat the oil in a large skillet over high heat. Add the peppers, shallots, and bean sprouts, and curry powder; stir fry for 3-5 minutes. Add the mushrooms and the peas; stir fry for 2 minutes. The vegetables should be bright and tender-crisp.","Drain the water from the rice noodles and add the noodles to the pan with the vegetables. Add a little splash of sauce – about 2-3 tablespoons – and stir fry, moving the noodles around in the pan continuously so they don’t stick together in one big lump – they should move freely and easily. After a few minutes of stir frying, remove the pan from heat.","Once off the heat, add the sauce in small increments, tossing/stirring the noodles in between each addition, until the desired “sauciness” level is reached. The goal is for the sauce to thicken slightly when combined with the other ingredients and cling to the noodles instead of soaking into the noodles. Top with scallions and more sauce. I LOVE SAUCE."],"url":"https://pinchofyum.com/stir-fried-singapore-noodles-with-garlic-ginger-sauce","title":"Stir Fried Singapore Noodles with Garlic Ginger Sauce","description":"These stir fried Singapore Noodles are soaked in a garlic ginger sauce and tossed with bright, fresh veggies. Simple, fresh, yum.","image":"https://pinchofyum.com/wp-content/uploads/2014/01/singapore-noodles-4-183x183.jpg","servings":"4","review":4.7,"prepTime":30,"totalTime":50,"cookTime":20,"nutrition":{"totalFat":4.6,"totalFatDailyValue":7,"cholestrol":0,"cholestrolDailyValue":0,"sodium":740.4,"sodiumDailyValue":31,"carbohydrates":47.1,"carbohydratesDailyValue":16,"sugars":9.2,"protein":9.1,"proteinDailyValue":18,"vitaminA":129.8,"vitaminADailyValue":9,"vitaminC":108.5,"vitaminCDailyValue":181}}