{"ingredients":["2 pounds boneless skinless chicken thighs","2 tablespoons honey","2 tablespoons garam masala","1 tablespoon chili powder","1 tablespoon garlic powder","1 tablespoon cumin","2 teaspoons salt","2 teaspoons turmeric","1/2 teaspoon ground ginger","1/2 teaspoon cayenne pepper","14 ounce can coconut milk"],"directions":["Freezer Version: Mix everything together in a freezer-friendly bag or container. Place in the freezer and store up to three months. When you’re ready to cook, follow the directions below!","Instant Pot: Add everything to the Instant Pot. If it’s thawed, cook for 5 minutes manual high pressure + 10 minutes for natural release. If it’s frozen, cook for 15 minutes manual high pressure + 10 minutes natural release. Shred and serve over rice!","Slow Cooker: Add everything to the slow cooker. If it’s thawed, cook for 4 hours on high, or 6 hours on low. If it’s frozen, cook for 6 hours on high. Shred and serve over rice!"],"url":"https://pinchofyum.com/instant-pot-coconut-tandoori-chicken","title":"Instant Pot Coconut Tandoori Chicken","description":"Coconut Tandoori Chicken made with rich spices and creamy coconut milk. EXTREMELY EASY and so, so yummy.","image":"https://pinchofyum.com/wp-content/uploads/Coconut-Tandoori-Chicken-Feature-185x185.jpg","servings":"6-8 servings","course":"Dinner","cuisine":"Indian-inspired","review":5,"prepTime":10,"totalTime":10,"nutrition":{"totalFat":11.2,"totalFatDailyValue":17,"cholestrol":182.5,"cholestrolDailyValue":61,"sodium":723.5,"sodiumDailyValue":30,"carbohydrates":9.1,"carbohydratesDailyValue":3,"sugars":1.5,"protein":24.7,"proteinDailyValue":49,"vitaminA":10,"vitaminADailyValue":1,"vitaminC":9.5,"vitaminCDailyValue":16}}