{"ingredients":["3 cups chopped veggies of your choice","1/2 chopped onion","2 tablespoons minced garlic","1 tablespoon olive oil","1 cup low fat ricotta cheese","1 egg","2 cups fresh spinach","2 cups tomato sauce","12 uncooked oven-ready whole grain lasagna noodles","1 cup mozzarella cheese, shredded"],"directions":["Chop the veggies. Saute the onion and garlic in the oil over medium high heat. Add veggies and saute until tender. Set aside.","Whisk egg into ricotta cheese and stir in fresh spinach.","Pour a little sauce in the bottom of a greased 9×13 pan. Top with 4 lasagna noodles,1/2 cup ricotta mixture, 1/2 of the veggies, and 3/4 cup sauce. Repeat; top entire pan with noodles, remaining sauce, and mozzarella cheese.","Cover and bake for 40 minutes at 375 degrees. Remove foil and bake for 10 minutes more or until cheese is bubbly."],"url":"https://pinchofyum.com/skinny-veggie-lasagna","title":"Skinny Veggie Lasagna","description":"This skinny veggie lasagna has 200 calories per slice and is full of chopped broccoli, carrots, cauliflower, spinach, ricotta cheese, and tomato sauce.","image":"https://pinchofyum.com/wp-content/uploads/veggie-lasagna-square-183x183.jpg","servings":"9","review":4.8,"prepTime":10,"totalTime":60,"cookTime":50,"nutrition":{"totalFat":8.8,"totalFatDailyValue":14,"cholestrol":40.4,"cholestrolDailyValue":13,"sodium":99.9,"sodiumDailyValue":4,"carbohydrates":25.3,"carbohydratesDailyValue":8,"sugars":5.5,"protein":11.3,"proteinDailyValue":23,"vitaminA":455.7,"vitaminADailyValue":30,"vitaminC":9.5,"vitaminCDailyValue":16}}