{"ingredients":["5 cups wild rice, cooked – see notes","1 cup fresh mushrooms, finely diced","4 eggs","1 1/2 cups mayonnaise","1 cup panko (breadcrumbs)","4 teaspoons cumin","1 teaspoon each salt, pepper, and garlic powder","1/2 teaspoon cayenne (optional, to taste, for heat)","oil for the pan"],"directions":["Mix all ingredients.","Using a 1-cup measuring cup, scoop up rice mixture and form into patties. If the mixture is too wet, just add another 1/2 cup of panko or pop it in the fridge for a few minutes to help it stick together.","Heat a little bit of oil over medium high heat. Add the patties and pan fry until nicely browned on both sides.","Top with slices of Muenster cheese. Serve on a bun (or not!) with barbecue sauce, hot sauce, magic green sauce, ALL THE SAUCE. Also arugula, avocado, and beyond. You’ve only just begun."],"url":"https://pinchofyum.com/ultimate-wild-rice-burgers","title":"The Ultimate Wild Rice Burgers","description":"These are THE ULTIMATE wild rice burgers and I might even say the best vegetarian burgers I’ve ever had. The recipe comes from the Duluth Grill Cookbook.","image":"https://pinchofyum.com/wp-content/uploads/Wild-Rice-Burgers-Recipe-185x185.jpg","servings":"6","review":4.6,"prepTime":15,"totalTime":30,"cookTime":15,"nutrition":{"totalFat":24.5,"totalFatDailyValue":38,"cholestrol":124,"cholestrolDailyValue":41,"sodium":1009.3,"sodiumDailyValue":42,"carbohydrates":46.7,"carbohydratesDailyValue":16,"sugars":5,"protein":12.9,"proteinDailyValue":26,"vitaminA":53.3,"vitaminADailyValue":4,"vitaminC":0.2,"vitaminCDailyValue":0}}