{"ingredients":["1 1/4 cup white flour","2 1/4 teaspoon yeast","1/2 teaspoon salt","2 tablespoons oil","1 cup warm water (not boiling hot, but warm)","1 1/3 cup whole wheat flour"],"directions":["Preheat the oven to 375 degrees. Combine the white flour, yeast, and salt in a large mixing bowl. Add the oil and warm water to the mixture and combine with an electric mixer. Mix on high speed for several minutes until a soft, elastic dough forms.","Stir in the whole wheat flour gradually, by hand. When it’s all incorporated, you should be able to easily pick up the dough and knead it gently until you get a soft dough ball. I did this right in the bowl – that’s the benefit of a large mixing bowl! 🙂","Set aside in a warm place and cover with plastic wrap or even just a dish towel. Let the dough rise for about 10-15 minutes.","Roll out the dough into two 12-inch circles. Poke with forks to prevent bubbling (optional). Place on a baking sheet or if you’re really fancy and cool, a pizza stone. You can add toppings and then bake for about 12-15 minutes, or you can just bake the crust ahead of time and add your toppings later. I liked it best when I baked it with the toppings on it."],"url":"https://pinchofyum.com/easy-whole-wheat-pizza-dough","title":"Easy Whole Wheat Pizza Dough","description":"This easy whole wheat pizza dough is seriously foolproof. Just a few ingredients to a soft inside, crispy outside, healthier pizza crust.","image":"https://pinchofyum.com/wp-content/uploads/2013/03/pizza-crust-2-183x183.jpg","servings":"4","review":4.8,"prepTime":15,"totalTime":45,"cookTime":30,"nutrition":{"totalFat":8.6,"totalFatDailyValue":13,"cholestrol":0,"cholestrolDailyValue":0,"sodium":293.4,"sodiumDailyValue":12,"carbohydrates":59.5,"carbohydratesDailyValue":20,"sugars":0.3,"protein":10.2,"proteinDailyValue":20,"vitaminA":0,"vitaminADailyValue":0,"vitaminC":0,"vitaminCDailyValue":0}}