{"ingredients":["2 cups cooked lentils","1 huge handful (a cup or so) fresh cilantro leaves and stems","1 huge handful (a cup or so) fresh parsley leaves and stems","half a jalapeño (if you like spicy – leave ribs and seeds!)","1 1/2 tablespoons olive oil","1-2 cloves garlic","a squeeze of lemon juice","1 teaspoon salt","1-2 tablespoons all purpose flour (sub a gluten free flour if needed)"],"directions":["Preheat the oven to 350 degrees. Pulse all ingredients except flour in a food processor until combined. The mixture should form semi-dry crumbles that stick together when you press them.","Stir in the flour – just one tablespoon at a time, until it’s just dry enough to handle. Form into 9 patties and bake for 18 minutes. Remove from oven and use in salads, sandwiches, bowls, etc. Refrigerate for a few days or freeze."],"url":"https://pinchofyum.com/simple-6-ingredient-baked-falafel","title":"Simple 5 Ingredient Baked Falafel","description":"Easy baked falafel at home in 30 minutes WITHOUT deep frying! Features lentils, herbs, garlic, lemon juice. Use in salads, sandwiches, healthy recipes.","image":"https://pinchofyum.com/wp-content/uploads/Falafel-Recipe-185x185.jpg","servings":"9-12 falafel patties","review":4.9,"prepTime":10,"totalTime":30,"cookTime":20,"nutrition":{"totalFat":2.6,"totalFatDailyValue":4,"cholestrol":0,"cholestrolDailyValue":0,"sodium":201.8,"sodiumDailyValue":8,"carbohydrates":22.1,"carbohydratesDailyValue":7,"sugars":0.2,"protein":8.3,"proteinDailyValue":17,"vitaminA":13.1,"vitaminADailyValue":1,"vitaminC":16,"vitaminCDailyValue":27}}