{"ingredients":["1 ripe, juicy nectarine","1 1/2 tablespoons diced red onion","1 1/2 teaspoons minced jalapeno (seeds and ribs removed)","1/2 teaspoon lime juice","1/2 teaspoon honey","1 teaspoon sugar (optional)","4 fresh basil leaves"],"directions":["Dice the nectarine. Add sugar if the nectarine isn’t very juicy and let sit for a few minutes. Add red onion and minced jalapeño. Stir in honey and lime juice. Add a sprinkle of salt or sugar (or both) depending on how you want it to be flavored. Just before serving, cut basil into ribbons and sprinkle over the top."],"url":"https://pinchofyum.com/nectarine-basil-salsa","title":"Nectarine Basil Salsa","description":"This nectarine basil salsa is made with fresh basil for a delicious, easy, and healthy addition to any meal. Super quick, super easy!","image":"https://pinchofyum.com/wp-content/uploads/Nectarine-Basil-Salsa-3-185x185.jpg","servings":"2-4","prepTime":5,"totalTime":10,"cookTime":5,"nutrition":{"totalFat":0.2,"totalFatDailyValue":0,"cholestrol":0,"cholestrolDailyValue":0,"sodium":1.9,"sodiumDailyValue":0,"carbohydrates":9.2,"carbohydratesDailyValue":3,"sugars":7.2,"protein":0.7,"proteinDailyValue":1,"vitaminA":10.8,"vitaminADailyValue":1,"vitaminC":4.8,"vitaminCDailyValue":8}}