{"ingredients":["4 6-ounce tilapia filets","1/4 cup basil pesto","1/2 cup freshly grated Parmesan cheese","1 cup fresh chopped tomatoes","salt, pepper, lemon juice, melted butter"],"directions":["Preheat the broiler. Pat the tilapia dry with a paper towel. Place on a baking sheet lined with foil. Coat the foil with cooking spray or olive oil to prevent sticking.","Sprinkle each fish filets with 2 tablespoons of Parmesan cheese. Broil for 10-11 minutes or until the fish is no longer translucent and the cheese is browned on the top.","Top each filet with fresh tomatoes and a tablespoon of pesto. If you have extra Parmesan, add just a tiny bit over the top of the fish, tomatoes, and pesto – it can look really pretty. 🙂 Top with salt, pepper, lemon juice, and/or melted butter."],"url":"https://pinchofyum.com/parmesan-pesto-tilapia","title":"Parmesan Pesto Tilapia","description":"This simple Parmesan pesto tilapia is broiled to a cheesy golden perfection and topped with pesto and fresh chopped tomatoes. Just 5 ingredients.","image":"https://pinchofyum.com/wp-content/uploads/2013/05/Parmesan-Fish-8-183x183.jpg","servings":"4","review":4.9,"prepTime":5,"totalTime":15,"cookTime":10,"nutrition":{"totalFat":11.2,"totalFatDailyValue":17,"cholestrol":68.8,"cholestrolDailyValue":23,"sodium":447.4,"sodiumDailyValue":19,"carbohydrates":4.6,"carbohydratesDailyValue":2,"sugars":1.6,"protein":27.9,"proteinDailyValue":56,"vitaminA":66.5,"vitaminADailyValue":4,"vitaminC":6.2,"vitaminCDailyValue":10}}