{"ingredients":["3/4 cup whole grain pasta (I like shells)","a handful of fresh spinach","2 tbs. Philadelphia Cooking Creme","1 tsp. minced garlic","1/2 cup canned artichoke hearts, quartered","1/2 cup white beans","Parmesan cheese"],"directions":["Cook the pasta. Drain and return to pot. Keep heat on medium/low.","Add all ingredients except spinach. Stir until combined and heated through.","Stir in spinach until slightly wilted. Top with Parmesan and ground black pepper."],"url":"https://pinchofyum.com/spinach-artichoke-pasta","title":"Spinach & Artichoke Pasta","description":"This spinach artichoke pasta is like my favorite appetizer in pasta form! Made with only 7 ingredients including spinach, artichokes, and white beans.","image":"https://pinchofyum.com/wp-content/uploads/2011/04/Spinach-and-Artichoke-Pasta-183x183.jpeg","servings":"1","review":4,"prepTime":5,"totalTime":25,"cookTime":20}