{"ingredients":["1 cup brown sugar","2 cups apple cider","cinnamon sticks","1 large unpeeled apple, thinly sliced","2 tablespoons packed brown sugar","1/2 teaspoon cinnamon","4 eggs (can sub egg whites for some of the eggs)","2/3 cup skim milk","2/3 cup bread flour (can sub all-purpose or whole wheat)","2 tablespoons applesauce","1 tablespoon sugar"],"directions":["Bring the apple cider, 1 cup brown sugar, and cinnamon sticks to a boil. Reduce heat and simmer about 30 minutes, until reduced by about 1/3. Set aside and let cool.","Preheat the oven to 350. Combine the apples, brown sugar, and cinnamon. Arrange in the bottom of a buttered 9-inch pie plate.","Whisk the rest of the ingredients until just combined and pour the mixture over the apples. Bake for 15-18 minutes, or until top is browned and set. Remove from oven and let cool for 5-10 minutes.","Using a knife, loosen the edges of the pancake from the pie plate. When loose, invert onto a serving platter and sprinkle with powdered sugar. Top with syrup!"],"url":"https://pinchofyum.com/baked-apple-pancake-with-apple-cider-syrup","title":"Baked Apple Pancake with Apple Cider Syrup","description":"This light baked apple pancake is baked in a cast iron skillet and topped with a homemade apple cider syrup.","image":"https://pinchofyum.com/wp-content/uploads/baked-apple-pancake-2-185x185.jpg","servings":"6","review":4,"prepTime":15,"totalTime":65,"cookTime":50,"nutrition":{"totalFat":3.8,"totalFatDailyValue":6,"cholestrol":124.5,"cholestrolDailyValue":42,"sodium":84.7,"sodiumDailyValue":4,"carbohydrates":76,"carbohydratesDailyValue":25,"sugars":61.6,"protein":7.4,"proteinDailyValue":15,"vitaminA":55.1,"vitaminADailyValue":4,"vitaminC":3.2,"vitaminCDailyValue":5}}