{"ingredients":["2 tablespoons butter","2 tablespoons Baker’s Corner All-Purpose Flour","1 cup milk","3/4 cup shredded Swiss cheese","1/4 teaspoon salt","2 sheets puff pastry","18 SimplyNature Organic Cage Free Brown Eggs","1-2 cups Appleton Farms Spiral Sliced Half Ham, diced","1 beaten SimplyNature Organic Cage Free Brown Egg (egg wash)","chopped fresh chives, salt, and pepper for topping"],"directions":["Preheat the oven to 375 degrees.","Make the Cheese Sauce: Melt the butter in a small saucepan over medium heat. Add in the flour and whisk to combine. Pour in the milk, little by little, whisking after each addition. Bring to a simmer, whisking until the mixture thickens. Take the mixture off the heat and stir in the cheese. Season with salt. Set aside.","For the Brunch Cups: Use a rolling pin to roll out the puff pastry sheets until thin. Cut the pastry sheets into 9 equal squares. Line each well of a muffin tin with one puff pastry square, pressing it firmly to the bottom and sides. The edges should come just over the top of the muffin tin. Fill each cup with a spoonful of cheese sauce. Then, crack one egg into each cup and sprinkle diced ham on the top of each egg. Brush the exposed portions of puff pastry with egg wash.","Bake: Bake for 10-15 minutes until the eggs are set (see notes). Sprinkle with chives, salt, and pepper. Serve warm."],"url":"https://pinchofyum.com/ham-egg-and-cheese-brunch-cups","title":"Ham, Egg, and Cheese Brunch Cups","description":"Puff pastry, egg, ham, and a creamy cheese sauce make these little brunch cups easy, delicious, and so beautiful! Perfect for effortless entertaining.","image":"https://pinchofyum.com/wp-content/uploads/Brunch-Cups-Recipe-185x185.jpg","servings":"18 egg cups","review":4.9,"prepTime":10,"totalTime":35,"cookTime":25,"nutrition":{"totalFat":19.3,"totalFatDailyValue":30,"cholestrol":215,"cholestrolDailyValue":72,"sodium":198.1,"sodiumDailyValue":8,"carbohydrates":14.2,"carbohydratesDailyValue":5,"sugars":1.1,"protein":13.8,"proteinDailyValue":28,"vitaminA":109.5,"vitaminADailyValue":7,"vitaminC":0,"vitaminCDailyValue":0}}