{"ingredients":["2 1/2 cups chicken broth (I used 2 cans)","1 1/2 cups milk","3/4 cup flour","1 tablespoon seasoning mix (or 1/2 tsp. onion powder, 1/2 tsp. garlic powder, 1 tsp. salt, 1/2 tsp. pepper, 1/2 tsp. parsley)","1 ½ cups uncooked brown rice, rinsed","2 tablespoons seasoning mix of your choice for the flavor of the casserole – my favorite was a smoked hickory southwestern seasoning","1 cup water","1 lb. boneless skinless chicken breasts"],"directions":["Make the sauce: combine the chicken broth and 1/2 cup of the milk in a large saucepan. Bring to a low boil. Meanwhile, in a small bowl, whisk the flour and seasonings into the milk until a smooth, thick mixture forms. Pour the flour and milk mixture into the saucepan over low heat and stir continuously, whisking as the mixture simmers. Continue to simmer and stir/whisk until the mixture is smooth and thick, 5-10 minutes.","Preheat the oven to 375 degrees. Generously butter a 9-inch square baking dish – it really sticks to the sides.","In a large bowl, combine the uncooked rice, condensed soup from step 1, 1 tablespoon seasoning, and water. Pour into prepared dish.","Arrange chicken pieces over the top and sprinkle with the remaining tablespoon of seasoning.","Cover with foil and bake for about 45 minutes. Remove foil; bake for an additional 30-45 minutes or until rice and chicken are cooked through and top is slightly browned. Allow to cool for 15 minutes; shred chicken into small pieces and stir to combine with the rice. Serve with a dollop of sour cream or shredded cheese."],"url":"https://pinchofyum.com/chicken-and-rice-casserole","title":"Chicken and Rice Casserole","description":"This chicken and rice casserole is frequently requested by my husband who grew up calling it “Forgotten Chicken.” Simple and satisfying!","image":"https://pinchofyum.com/wp-content/uploads/2012/12/chicken-and-rice-casserole-4-183x183.jpg","servings":"8","review":4.3,"prepTime":10,"totalTime":100,"cookTime":90,"nutrition":{"totalFat":4.4,"totalFatDailyValue":7,"cholestrol":47.5,"cholestrolDailyValue":16,"sodium":1100.8,"sodiumDailyValue":46,"carbohydrates":37.9,"carbohydratesDailyValue":13,"sugars":2.9,"protein":18.5,"proteinDailyValue":37,"vitaminA":26.1,"vitaminADailyValue":2,"vitaminC":0,"vitaminCDailyValue":0}}