{"ingredients":["1 clove garlic, minced","2 cups chicken broth","1/2 lb. egg noodles (“homestyle”, thick and doughy)","1/2 tablespoon cornstarch","3 tablespoons cold water","12 oz. cooked, shredded chicken breast","1 tablespoon butter","2 tablespoons milk","1/2 cup shredded cheese (I used Cheddar and Monterrey Jack)","crumbled bacon or breadcrumbs for topping"],"directions":["Saute garlic in a medium saucepan with a little bit of olive oil over medium heat until soft and fragrant. Add chicken broth and bring to a boil. Add noodles and cook for 8-10 minutes, or until noodles are just barely cooked.","Dissolve the cornstarch in the cold water and add to the boiling noodles. Boil for about 1 minute and remove from heat. Add the chicken and stir to combine everything. Do not drain.","Let noodles cool slightly – about 5 minutes – so that the broth will thicken into a sauce. Put pan back on low heat. Add butter, milk, and cheese and mix for about 3-4 minutes. Sprinkle with bacon or breadcrumbs and serve immediately."],"url":"https://pinchofyum.com/easy-cheesy-chicken-noodles","title":"Easy Cheesy Chicken Noodles","description":"These easy cheesy chicken noodles are comfort food at its best! Thick, soft egg noodles coated in a creamy sauce and tossed with shredded chicken.","image":"https://pinchofyum.com/wp-content/uploads/chicken-noodles2-185x185.jpg","servings":"4","review":4.8,"prepTime":5,"totalTime":30,"cookTime":25,"nutrition":{"totalFat":13.3,"totalFatDailyValue":20,"cholestrol":96.7,"cholestrolDailyValue":32,"sodium":636.8,"sodiumDailyValue":27,"carbohydrates":22.6,"carbohydratesDailyValue":8,"sugars":1.3,"protein":26,"proteinDailyValue":52,"vitaminA":90.6,"vitaminADailyValue":6,"vitaminC":3,"vitaminCDailyValue":5}}