{"ingredients":["2/3 cup oats","2/3 cup bran cereal, such as All Bran","2 cups water","pinch of salt","1/4 cup egg whites (I used something pre-beaten, similar to Egg Beaters)","1 tablespoon brown sugar","1 teaspoon cinnamon","1/2 cup fresh blackberries","4 tablespoons half and half","1-2 tablespoons honey"],"directions":["Bring the oats, bran, water and salt to a boil in a saucepan over high heat. Boil until thick and no longer watery, about 3-5 minutes.","Add brown sugar, cinnamon, and egg whites. Whisk immediately to avoid scrambling the egg whites. The egg whites should incorporate into the oatmeal smoothly, making the consistency a little thicker.","Divide the oatmeal between two bowls and top with the berries, cream and honey."],"url":"https://pinchofyum.com/blackberry-cream-honey-oats","title":"Blackberries and Cream Oats with Honey","description":"These blackberries and cream oats are topped with honey and fresh blackberries and made with simple ingredients. Oatmeal at its best!","image":"https://pinchofyum.com/wp-content/uploads/blackberries-and-cream-oats3-185x185.jpg","servings":"2","review":5,"prepTime":5,"totalTime":10,"cookTime":5,"nutrition":{"totalFat":4.5,"totalFatDailyValue":7,"cholestrol":1.5,"cholestrolDailyValue":0,"sodium":157.4,"sodiumDailyValue":7,"carbohydrates":78.5,"carbohydratesDailyValue":26,"sugars":31.5,"protein":14.9,"proteinDailyValue":30,"vitaminA":81.6,"vitaminADailyValue":5,"vitaminC":8.1,"vitaminCDailyValue":13}}