{"ingredients":["2 sticks + 2 tablespoons of butter, softened","3/4 cup sugar","1/3 cup cocoa powder","2 cups flour","1/2 teaspoon salt","1/2 teaspoon baking soda","1 teaspoon baking powder","3 tablespoons cocoa powder","1 heaping cup powdered sugar","2-3 tablespoons hot water","1 teaspoon vanilla","holiday sprinkles"],"directions":["Preheat the oven to 350. Cream the butter and the sugar until smooth. Add the 1/3 cup cocoa powder and mix until incorporated.","In a separate bowl, combine the flour, salt, baking soda, and baking powder. Add to the butter mixture and mix until just combined. Roll into small balls and make an indent with your thumb in the center of the ball. Bake for 7-9 minutes or until dry looking and lightly cracked on the surface but still very soft. I left mine a little bit underdone so they were softer and fudgier, almost like a brownie.","When they come out of the oven, press the centers down again to make a more defined well for the frosting. Allow to cool.","Whisk the cocoa powder, powdered sugar, hot water, and vanilla. Spoon the frosting into the centers of the cookies and add sprinkles. Allow frosting to set before storing in tins."],"url":"https://pinchofyum.com/mini-chocolate-thumbprint-cookies","title":"Mini Chocolate Thumbprint Cookies","description":"These mini chocolate thumbprint cookies are adorable and easy to make. And mini means you can eat more, right? I think so. | pinchofyum.com","image":"https://pinchofyum.com/wp-content/uploads/2012/12/chocolate-thumbprint-cookies-4-183x183.jpg","servings":"30","review":4,"prepTime":20,"totalTime":40,"cookTime":20,"nutrition":{"totalFat":7.2,"totalFatDailyValue":11,"cholestrol":18.2,"cholestrolDailyValue":6,"sodium":115,"sodiumDailyValue":5,"carbohydrates":15.7,"carbohydratesDailyValue":5,"sugars":8.3,"protein":1.2,"proteinDailyValue":2,"vitaminA":58,"vitaminADailyValue":4,"vitaminC":0,"vitaminCDailyValue":0}}