{"ingredients":["1/2 cup flour","1/2 cup bran cereal (I used All Bran original, measured then crushed)","1/2 teaspoon baking powder","1/2 teaspoon baking soda","pinch of cinnamon","1 cup buttermilk (I used 1% milk with a little vinegar)","2 egg whites","1/4 cup pumpkin puree (can use canned, not pie filling)","1/4 cup light brown sugar","2 teaspoons cinnamon","1 tablespoon ground walnuts or bran","1/2 cup Greek yogurt","1 tablespoon honey","additional walnuts for topping"],"directions":["Mix the first 7 ingredients (flour through egg whites) until well-combined. Pour 1/4 cup batter on a medium-heat griddle and cook until bubbly; flip and cook again until light golden brown and cooked through.","Stir together pumpkin, brown sugar, and cinnamon. Add ground walnuts or bran if the filling needs to be thicker. Place a in baggie, snip the corner, and spiral filling on the tops of the pancakes.","Whisk Greek yogurt and honey until smooth. Place in a baggie, snip the corner, and drizzle over pancakes in a zigzag pattern. Top with additional walnuts."],"url":"https://pinchofyum.com/healthy-cinnamon-roll-pancakes","title":"Healthy Cinnamon Roll Pancakes","description":"These healthy cinnamon roll pancakes are made with whole grain pancakes, a pumpkin-walnut cinnamon filling and a Greek yogurt frosting.","image":"https://pinchofyum.com/wp-content/uploads/cinnamon-roll-pancakes2-185x185.jpg","servings":"3","review":5,"prepTime":10,"totalTime":15,"cookTime":5,"nutrition":{"totalFat":9.6,"totalFatDailyValue":15,"cholestrol":10.4,"cholestrolDailyValue":3,"sodium":386,"sodiumDailyValue":16,"carbohydrates":51.8,"carbohydratesDailyValue":17,"sugars":26.8,"protein":13.1,"proteinDailyValue":26,"vitaminA":235.2,"vitaminADailyValue":16,"vitaminC":1.2,"vitaminCDailyValue":2}}