{"ingredients":["2 onions (I used one yellow, one purple)","5 cloves garlic","2 tablespoons fresh ginger, crushed","3 tablespoon garam masala","1 tablespoon chili powder","1 tablespoon turmeric","1 tablespoon cumin","1 1/2 teaspoons ground cloves","2 teaspoons salt","1/2 teaspoon cayenne pepper","a small pile of cilantro stems","a fistful of almonds","juice of one lemon","1 1/2 cups tomato puree + 1/2 cup water or broth","1 14-ounce can coconut milk","1/2 teaspoon salt (taste and adjust)"],"directions":["Masala Paste: Pulse all the ingredients for the Masala Paste in a food processor until smooth.","Masala Sauce: Heat a drizzle of oil in a skillet. Add 1/4 cup masala paste to the skillet (not all of it! reserve the rest for future use – yay you!) and with a little bit of oil and stir around in the pan until fragrant (3-5 minutes). If you’re making this with chicken or another protein, this is a good time to add your protein to the pan. Add the tomato puree and water and simmer until t’s a rusty-deep-red color – about 5-10 minutes. Add the coconut milk; simmer for 10 minutes or so until thick and creamy. Longer simmer = thicker and better flavor."],"url":"https://pinchofyum.com/life-changing-30-minute-masala-sauce","title":"Life-Changing 30 Minute Masala Sauce","description":"30 Minute Masala Sauce! made with onions, garlic, turmeric, cumin, chili powder, lemon juice, cilantro, tomatoes, and coconut milk. Perfect sauce for veggie or chicken tikka masala! Vegetarian / Vegan","image":"https://pinchofyum.com/wp-content/uploads/Life-Changing-Masala-Sauce-Recipe-185x185.jpg","servings":"3-or-so cups masala sauce + 1 1/2 cups remaining masala paste for future use!","review":4.8,"prepTime":10,"totalTime":30,"cookTime":20,"nutrition":{"totalFat":23.3,"totalFatDailyValue":36,"cholestrol":0,"cholestrolDailyValue":0,"sodium":1559,"sodiumDailyValue":65,"carbohydrates":27.4,"carbohydratesDailyValue":9,"sugars":10.3,"protein":8,"proteinDailyValue":16,"vitaminA":78.5,"vitaminADailyValue":5,"vitaminC":23.3,"vitaminCDailyValue":39}}