{"ingredients":["scant 1 cup flour","1 teaspoons baking powder","1/2 teaspoon baking soda","1/2 stick butter, room temperature","1/2 cup sour cream or plain yogurt","1/2 cup granulated sugar","1/2 teaspoon pure vanilla extract","1 egg","1/2 cup packed brown sugar","1/2 cup flour","1/2 teaspoon salt","1/2 teaspoon ground cinnamon (more to taste)","1/2 stick cold butter, cut into small pieces"],"directions":["Preheat the oven to 350 degrees. Combine the flour, baking powder, and baking soda in a small bowl and set aside.","In a separate bowl, cream the butter, sour cream or yogurt, and vanilla. Whisk the egg into the mixture; add the sugar and mix until well combined.","Stir the flour mixture into the butter mixture until just moistened.","For the struesel, combine the brown sugar, flour, cinnamon, salt, and butter in a small bowl. Cut the butter into the sugar and flour until coarse crumbs form. You can also use a food processor for this.","Spoon the batter into buttered and floured jumbo muffin tins, filling about 1/3 of the way. Sprinkle a heaping tablespoon of crumbs (or more for a thicker struesel layer in the middle) on top of the batter. Cover with more batter until 3/4 of the way full and sprinkle struesel crumbs over the top of each muffin. Bake for 15+ minutes, depending on the size of your muffin tins."],"url":"https://pinchofyum.com/coffee-cake-muffins","title":"Coffee Cake Muffins","description":"These coffee cake muffins are super moist and full of cinnamon coffee cake flavor. Topped with a delicious cinnamon sugar streusel!","image":"https://pinchofyum.com/wp-content/uploads/2013/01/coffee-cake-muffins-183x183.jpg","servings":"6","review":4.5,"prepTime":10,"totalTime":25,"cookTime":15,"nutrition":{"totalFat":19.1,"totalFatDailyValue":29,"cholestrol":78.2,"cholestrolDailyValue":26,"sodium":450,"sodiumDailyValue":19,"carbohydrates":54.4,"carbohydratesDailyValue":18,"sugars":28.6,"protein":5.8,"proteinDailyValue":12,"vitaminA":165,"vitaminADailyValue":11,"vitaminC":0.2,"vitaminCDailyValue":0}}