{"ingredients":["2 cups cooked, chopped/shredded chicken","2-3 cups raw sliced zucchini","1 jar pasta sauce","1 box bowtie pasta","parmesan cheese"],"directions":["Cook pasta according to directions.","Heat sauce with zucchini until crisp-tender. Add chicken and heat until warm.","Top cooked bowties with warm sauce and parmesan cheese!"],"url":"https://pinchofyum.com/chicken-zucchini-pasta","title":"Chicken Zucchini Pasta","description":"A quick and easy 5 ingredient recipe for chicken zucchini pasta. Made with bowties, tomato sauce, sauteed zucchini, shredded chicken, and Parmesan.","image":"https://pinchofyum.com/wp-content/uploads/chicken-zucchini-pasta-185x185.jpg","servings":"5","review":4,"prepTime":5,"totalTime":25,"cookTime":20,"nutrition":{"totalFat":6.9,"totalFatDailyValue":11,"cholestrol":41.3,"cholestrolDailyValue":14,"sodium":71.7,"sodiumDailyValue":3,"carbohydrates":46.7,"carbohydratesDailyValue":16,"sugars":8.6,"protein":27.1,"proteinDailyValue":54,"vitaminA":53,"vitaminADailyValue":4,"vitaminC":14.2,"vitaminCDailyValue":24}}