{"ingredients":["2 1/2 cups chicken broth (I used 2 cans)","1 1/2 cups milk","3/4 cup flour","1 tablespoon seasoning mix (or on your own, 1/2 tsp. onion powder, 1/2 tsp. garlic powder, 1/2 tsp. black pepper, 1 tsp. salt, 1/2 tsp. parsley, etc)"],"directions":["Combine the chicken broth and 1/2 cup of the milk in a large saucepan. Bring to a low boil.","Meanwhile, in a small bowl, whisk the flour and seasonings into the remaining 1 cup milk until a smooth, thick mixture forms.","Pour the flour and milk mixture into the saucepan with the broth mixture over low heat and stir continuously, whisking as the mixture simmers. Continue to simmer and stir/whisk until the mixture is smooth and thick, 5-10 minutes. The mixture will thicken a bit as it cools."],"url":"https://pinchofyum.com/homemade-cream-of-chicken-soup","title":"Homemade Cream of Chicken Soup","description":"This is a super easy recipe for making your own homemade cream of chicken soup. Just four ingredients and sooo delicious!","image":"https://pinchofyum.com/wp-content/uploads/condensed-soup-2-Square-183x183.jpg","servings":"3 cups","review":4.7,"prepTime":5,"totalTime":15,"cookTime":10,"nutrition":{"totalFat":4.7,"totalFatDailyValue":7,"cholestrol":16.3,"cholestrolDailyValue":5,"sodium":1502.9,"sodiumDailyValue":63,"carbohydrates":30.6,"carbohydratesDailyValue":10,"sugars":7.1,"protein":8.4,"proteinDailyValue":17,"vitaminA":56.1,"vitaminADailyValue":4,"vitaminC":0,"vitaminCDailyValue":0}}