{"ingredients":["2 cucumbers, diced, seeds removed (about 2 cups)","3-4 grapefruit or oranges, peeled and chopped (about 2 cups)","2-3 avocados, diced (about 1 1/2 cups)","1/3 cup almonds, chopped (I used smoked almonds)","2 tablespoons fresh mint, chopped","3-4 tablespoons fresh chives, chopped","1 tablespoon vinegar (can also use lime or lemon juice)","1 1/2 tablespoon honey","1 1/2 tablespoons olive oil","salt to taste","grapefruit or orange zest to taste"],"directions":["Wash, cut, and gently toss the cucumbers, grapefruit, almonds, mint, and chives.","Whisk the dressing ingredients together. Taste and adjust to your preferences. Drizzle over the salad ingredients. Chill until ready to serve.","Just before serving, gently mix the avocado pieces into the salad. Top with additional herbs or almonds."],"url":"https://pinchofyum.com/avocado-cucumber-grapefruit-salad","title":"Avocado Cucumber Grapefruit Salad","description":"This avocado cucumber grapefruit salad is delicate, refreshing, and crunchy with smoked almonds and a honey vinaigrette. Perfect lunch!","image":"https://pinchofyum.com/wp-content/uploads/2013/05/avocado-salad-4-183x183.jpg","servings":"4-6","review":4.4,"prepTime":20,"totalTime":25,"cookTime":5,"nutrition":{"totalFat":23.9,"totalFatDailyValue":37,"cholestrol":0,"cholestrolDailyValue":0,"sodium":5.6,"sodiumDailyValue":0,"carbohydrates":33.8,"carbohydratesDailyValue":11,"sugars":10.1,"protein":6.9,"proteinDailyValue":14,"vitaminA":41.3,"vitaminADailyValue":3,"vitaminC":91.1,"vitaminCDailyValue":152}}