{"ingredients":["1 cup quinoa (+ vegetable stock, optional)","1 tablespoon curry powder","1/2 tablespoon packed brown sugar","1/4 teaspoon cayenne pepper (for mild spice)","2 cups peeled, cubed butternut squash","2 teaspoons olive oil","1 teaspoon white sugar","1/4 teaspoon cinnamon","1 bunch fresh cilantro","1 cup fresh spinach","1/4 cup toasted pecan pieces"],"directions":["Cook quinoa according to directions, using vegetable stock for half of the water (optional) and adding 2 teaspoons curry and brown sugar to the pot before cooking.","Coat squash with olive oil, white sugar, cinnamon, 1 teaspoon curry, and salt to taste. Roast in a 400 degree oven or in skillet until golden brown and fork-tender.","Add squash, cilantro and spinach to the cooked quinoa and toss gently to combine. Top each bowl with pecans and white bean hummus."],"url":"https://pinchofyum.com/spicy-sweet-squash-bowl","title":"Spicy-Sweet Squash Bowl","description":"This spicy sweet quinoa squash bowl is a delicious vegetarian entree that includes fresh spinach, hummus, butternut squash, pecans, and quinoa.","image":"https://pinchofyum.com/wp-content/uploads/squash-bowl-22-185x185.jpg","servings":"4","review":5,"prepTime":10,"totalTime":50,"cookTime":40,"nutrition":{"totalFat":15.7,"totalFatDailyValue":24,"cholestrol":0,"cholestrolDailyValue":0,"sodium":14.1,"sodiumDailyValue":1,"carbohydrates":41,"carbohydratesDailyValue":14,"sugars":4.4,"protein":8.6,"proteinDailyValue":17,"vitaminA":424.9,"vitaminADailyValue":28,"vitaminC":18.1,"vitaminCDailyValue":30}}