{"ingredients":["2 shallots","1 head garlic","1 3-inch piece galangal, peeled and thinly sliced*","1 3-inch piece ginger, peeled and thinly sliced","1 teaspoon roasted ground coriander","20 dried red Thai chiles softened in hot water","2 tablespoons turmeric","2 tablespoons curry powder","2 tablespoons fresh cilantro","1 tablespoon shrimp paste*","1 1/2 tablespoons salt","1 tablespoon lemongrass paste","2 lbs. beef chuck, trimmed and cut into cubes","3-4 cups light coconut milk","4 cups water, divided","2 cups coconut cream (canned)*","24 ounces Yukon gold potatoes, cut into bite-sized pieces","1 shallot, thinly sliced","2 tablespoons brown sugar","1 tablespoon fish sauce","1/2 cup minced cilantro"],"directions":["CURRY PASTE (one hour): Heat a cast-iron pan over medium high heat. Wrap the garlic and shallots in foil (with their paper on) and place on the skillet for 25 minutes, flipping once half way through. Remove from heat and cool, and roughly chop. Set aside. Layer the ginger and galangal in a single layer and wrap with foil. Place in the skillet and heat for about 10 minutes flipping once halfway through. Place garlic, shallots, ginger, galangal, and all other ingredients for the curry paste in a blender or food processor. Pulse until mostly smooth. Use water from the chiles to help the mixture run through the blender as needed. This will make a little more than 2 cups – set 3/4 cup aside for this recipe and freeze or refrigerate the rest for later.","BEEF (one hour): Heat the light coconut milk in a deep pot. Add the beef and simmer for 45 minutes. Add 1 cup water and simmer another 15-20 minutes. Set aside; do not drain.","CURRY (one hour): Heat the coconut cream in a deep pot until bubbling and starting to thicken a bit. Add about 3/4 cup curry paste and simmer for 5 minutes. Add the potatoes, shallots, beef, and 1/2 cup of the reserved coconut milk from step two. Stir in 3 cups water. Simmer for 30-45 minutes until potatoes are tender. Add the sugar, fish sauce, cilantro. Serve over jasmine rice."],"url":"https://pinchofyum.com/thai-yellow-curry-with-beef-and-potatoes","title":"Thai Yellow Curry with Beef and Potatoes","description":"Thai Yellow Curry with Beef and Potatoes – made from scratch! Perfect creamy comfort food with huge flavor and a kick of spice.","image":"https://pinchofyum.com/wp-content/uploads/Thai-Yellow-Curry-with-Beef-and-Potatoes-Recipe-185x185.jpg","servings":"8","review":4.9,"prepTime":20,"totalTime":140,"cookTime":120,"nutrition":{"totalFat":29.5,"totalFatDailyValue":45,"cholestrol":123,"cholestrolDailyValue":41,"sodium":1825.6,"sodiumDailyValue":76,"carbohydrates":26.6,"carbohydratesDailyValue":9,"sugars":4.2,"protein":41.8,"proteinDailyValue":84,"vitaminA":8.9,"vitaminADailyValue":1,"vitaminC":31.5,"vitaminCDailyValue":52}}