{"ingredients":["1 tablespoon oil","half a yellow onion, sliced thinly","1 pound boneless skinless chicken breasts, cut into bite-sized pieces","1/3 cup yellow curry paste","10 baby golden yukon potatoes, cut into bite-sized pieces","1 14-ounce can coconut cream (it’s like coconut milk, but even more luscious)","1/2 – 1 cup water","2 teaspoons fish sauce (optional)","1-2 tablespoons brown sugar (optional)","cilantro and rice for serving"],"directions":["Heat the oil in a large pot over medium low heat. Add the onions and saute for a few minutes until the onions are fragrant and softened. Add the chicken and curry paste; saute for 3-5 minutes. Add the potatoes and stir to coat with the curry paste.","Add the coconut cream and 1/2 cup water to the pot – simmer for 20-30 minutes or until the chicken and potatoes are fully cooked, adding more water depending on the consistency you want for the sauce.","Stir in the fish sauce and brown sugar to really take it up a notch. Seriously – so good. Serve over rice."],"url":"https://pinchofyum.com/thai-yellow-chicken-curry-with-potatoes","title":"Thai Yellow Chicken Curry with Potatoes","description":"Thai Yellow Chicken Curry with Potatoes – the ultimate comfort food that is surprisingly easy to make! So perfectly savory with just a teensy bit of sweet.","image":"https://pinchofyum.com/wp-content/uploads/Chicken-Curry-Recipe-185x185.jpg","servings":"6","review":4.6,"prepTime":15,"totalTime":40,"cookTime":25,"nutrition":{"totalFat":5.2,"totalFatDailyValue":8,"cholestrol":55.2,"cholestrolDailyValue":18,"sodium":346,"sodiumDailyValue":14,"carbohydrates":27.8,"carbohydratesDailyValue":9,"sugars":2.5,"protein":21.3,"proteinDailyValue":43,"vitaminA":131.8,"vitaminADailyValue":9,"vitaminC":28,"vitaminCDailyValue":47}}