{"ingredients":["1 16 ounce jar roasted red peppers, drained (or roast your own red peppers and win the food game!)","1 clove garlic","1/2 teaspoon salt (more to taste)","juice of one lemon","1/2 cup olive oil","1/2 cup almonds","cooked quinoa","spinach, kale, or cucumber","feta cheese","kalamata olives","pepperoncini","thinly sliced red onion","hummus","fresh basil or parsley","olive oil, lemon juice, salt, pepper"],"directions":["Pulse all the ingredients for the sauce in a food processor or blender until mostly smooth. The texture should be thick and textured (see picture).","Cook the quinoa according to package directions (I always do mine in a rice cooker while I get everything else ready). When the quinoa is done, build yourself a Mediterranean Quinoa Bowl!","Store leftovers in separate containers and assemble each bowl just before serving, especially the greens and the sauces, as those will get soggy when stored with all the other ingredients."],"url":"https://pinchofyum.com/mediterranean-quinoa-bowls-with-roasted-red-pepper-sauce","title":"Mediterranean Quinoa Bowls with Roasted Red Pepper Sauce","description":"Mediterranean Quinoa Bowls with Roasted Red Pepper Sauce! A mix of quinoa, cucumbers or kale or spinach, feta cheese, kalamata olives, and pepperoncini!","image":"https://pinchofyum.com/wp-content/uploads/Mediterranean-Bowl-Recipe-185x185.jpg","review":4.9,"prepTime":15,"totalTime":20,"cookTime":5}