{"ingredients":["4 eggs","1/2 tablespoon butter","salt to taste"],"directions":["Melt the butter in a medium sized non-stick skillet over medium low heat. We want the butter to pretty much coat the whole pan.","Whisk the eggs. When the butter is just barely bubbling, add the eggs to the pan directly in the center so that the butter gets pushed out to the sides. ZERO STICKAGE. This is good.","Watch for the edges to just barely start to set, and then gently swipe a spatula around the edges of the pan to create large soft curds. Don’t flip the curds over. Continue this process, pausing in between to allow time for the eggs to cook but working quickly enough so as not to overcook the eggs, just gently pushing/folding the liquid eggs to form curds. The entire process should take 2-3 minutes or less.","When the eggs are barely set and you have some big folds of heavenly soft scrambled eggs laying in the pan, remove from heat. Serve on a breakfast sandwich or with your bowls or just by themselves. SO. AMAZINGLY. GOOD."],"url":"https://pinchofyum.com/soft-scrambled-eggs","title":"Life Changing Soft Scrambled Eggs","description":"These soft scrambled eggs are so easy and SO dreamy! Four quick and easy secrets to the best scrambled eggs of your life.","image":"https://pinchofyum.com/wp-content/uploads/Soft-Scrambled-Eggs-Recipe-185x185.jpg","servings":"2","review":4.6,"prepTime":2,"totalTime":5,"cookTime":3,"nutrition":{"totalFat":12.4,"totalFatDailyValue":19,"cholestrol":379.6,"cholestrolDailyValue":127,"sodium":142.4,"sodiumDailyValue":6,"carbohydrates":0.7,"carbohydratesDailyValue":0,"sugars":0.4,"protein":12.6,"proteinDailyValue":25,"vitaminA":184.3,"vitaminADailyValue":12,"vitaminC":0,"vitaminCDailyValue":0}}