{"ingredients":["3 bananas, cut into rounds","1/2 cup Almond Breeze Almondmilk Coconutmilk blend","1/4 cup cocoa powder","1/4 cup coconut oil, melted","salt to taste","peanut butter cups, chopped up"],"directions":["Whisk the cocoa powder with the coconut oil. Blend the bananas, almond milk, cocoa mixture, and a pinch of salt until very smooth. Stir in the peanut butter cups and transfer to a 9×5 loaf pan.","Cover and freeze until solid.","Just before serving, microwave for 30 seconds to 1 minute to soften. Scoop out and serve!"],"url":"https://pinchofyum.com/nice-cream","title":"5 Ingredient Peanut Butter Cup Nice Cream","description":"AWESOME 5 Ingredient Nice Cream! made with just bananas, almond milk, coconut oil, cocoa powder, and peanut butter cups. Vegan, dairy free, YUM!","image":"https://pinchofyum.com/wp-content/uploads/Nice-Cream-Recipe-185x185.jpg","servings":"3-4 servings","review":4.7,"prepTime":10,"totalTime":15,"cookTime":5,"nutrition":{"totalFat":23.6,"totalFatDailyValue":36,"cholestrol":1.7,"cholestrolDailyValue":1,"sodium":124.2,"sodiumDailyValue":5,"carbohydrates":39.1,"carbohydratesDailyValue":13,"sugars":24.2,"protein":5.1,"proteinDailyValue":10}}