{"ingredients":["1/2 cup butter, softened","1/4 cup packed brown sugar","1/2 cup sugar","1 egg","1 teaspoon vanilla","1 1/4 cups flour","1 teaspoon baking powder","1/4 teaspoon salt","6 graham crackers, crushed into fine crumbs","2 Giant Hershey’s milk chocolate bars, 7 ounces each","1 jar marshmallow cream, 7 ounces","1/2 cup peanut butter"],"directions":["Preheat the oven to 350 degrees. Line a square baking dish with parchment paper.","Beat the butter and sugar until fluffy. Add the egg and vanilla and mix well. Add the flour, baking powder, and salt. Stir in the graham cracker crumbs.","Press 2/3 of the dough into the bottom of the baking dish. Press the chocolate bars on top of the dough. They should make an even layer in an 8×8 pan. Melt the peanut butter for about 30 seconds in the microwave and drizzle it over the chocolate bars.","Spread the marshmallow cream over the chocolate and peanut butter.","Roll the remaining 1/3 dough onto the chocolate foil wrappers (or some other nonstick surface). When you’ve made an even square, gently peel it off and press it on top of the marshmallow cream.","Bake for 30 minutes or until golden brown on top. Let cool for best serving results (see notes)."],"url":"https://pinchofyum.com/peanut-butter-smores-bars","title":"Peanut Butter S’mores Bars","description":"These s’mores bars have peanut butter layered in between marshmallow fluff, chocolate, and a graham cookie base. Just like s’mores!","image":"https://pinchofyum.com/wp-content/uploads/smores-bars-feature-185x185.jpeg","servings":"12","review":5,"prepTime":5,"totalTime":65,"cookTime":60,"nutrition":{"totalFat":22,"totalFatDailyValue":34,"cholestrol":36.3,"cholestrolDailyValue":12,"sodium":288.6,"sodiumDailyValue":12,"carbohydrates":58.3,"carbohydratesDailyValue":19,"sugars":28.2,"protein":7.5,"proteinDailyValue":15,"vitaminA":197.7,"vitaminADailyValue":13,"vitaminC":0,"vitaminCDailyValue":0}}