{"ingredients":["3 cups yellow and red cherry tomatoes","2 zucchini, spiralized","4 ounces whole wheat spaghetti (optional – see notes)","Parmesan for topping (but skip this if you’re vegan, obvs)","1 avocado","1/4 cup olive oil","1/2 teaspoon salt","1/2 cup fresh flat leaf parsley","3-4 green onions (green parts)","1 garlic clove","juice of 1 lemon","freshly ground pepper to taste"],"directions":["Pulse all sauce ingredients together until smooth. Set aside.","Cook spaghetti according to package directions. Drain and set aside.","Heat the cherry tomatoes in a large skillet over medium high heat with a very quick drizzle of olive oil. Gently shake the pan to get them moving (you might want to grab a lid for this – they really start to spatter when the juices hit the hot oil). Continue cooking until tomatoes are roasty-looking and the skins are split or loosened. Remove from heat and set aside.","Add the zucchini to the same pan and toss for 1-2 minutes, until tender-crisp. Add the spaghetti and the avocado sauce. Toss until combined. Season with salt and pepper, top with reserved tomatoes and Parmesan if you like that sort of thing. Serve immediately."],"url":"https://pinchofyum.com/burst-tomato-zucchini-spaghetti-with-avocado-sauce","title":"Burst Tomato and Zucchini Spaghetti with Avocado Sauce","description":"Burst Tomato and Zucchini Spaghetti tossed with a simple, creamy, vegan avocado sauce. This healthy recipe is ready in 30 minutes!","image":"https://pinchofyum.com/wp-content/uploads/Zucchini-Spaghetti-Recipe-185x185.jpg","servings":"4","review":4.9,"prepTime":10,"totalTime":30,"cookTime":20,"nutrition":{"totalFat":20.4,"totalFatDailyValue":31,"cholestrol":0,"cholestrolDailyValue":0,"sodium":307.1,"sodiumDailyValue":13,"carbohydrates":29.7,"carbohydratesDailyValue":10,"sugars":4.4,"protein":6.2,"proteinDailyValue":12,"vitaminA":106.9,"vitaminADailyValue":7,"vitaminC":32.8,"vitaminCDailyValue":55}}