{"ingredients":["1/2 cup bulgur, uncooked","1/2 cup pitted dates, chopped","1/2 teaspoon salt","1/4 cup pistachios","1 orange, peeled and cut into sections","2 cups baby spinach leaves","1 orange, peeled","1 tablespoon olive oil","1 tablespoon apple cider vinegar","1/2 teaspoon salt","1/2 cup fresh cilantro leaves, packed","2 tablespoons water to adjust consistency"],"directions":["Cook the bulgur according to package directions, adding the dates and salt just at the end of the cooking time. This helps soften the dates a bit and gives the bulgur good flavor. Cool the bulgur for 20-30 minutes for a cold salad.","In a food processor, combine all the dressing ingredients except the cilantro. Puree until smooth, removing any pieces of orange that can’t be broken down any further. Add the cilantro to the smooth mixture, pulse a few times, and set aside.","Toss the cooled bulgur and dates mixture with the other salad ingredients. Drizzle or toss with the dressing. Serve immediately."],"url":"https://pinchofyum.com/moroccan-salad-cilantro-orange-dressing","title":"Moroccan Salad with Orange Cilantro Dressing","description":"This Moroccan Salad with Cilantro Orange Dressing is packed full of yummy flavors. Pistachios, dates, bulgur, spinach, oranges.","image":"https://pinchofyum.com/wp-content/uploads/2013/12/Moroccan-Salad-7-copy-183x183.jpg","servings":"4","review":4.4,"prepTime":15,"totalTime":45,"cookTime":30,"nutrition":{"totalFat":7.6,"totalFatDailyValue":12,"cholestrol":0,"cholestrolDailyValue":0,"sodium":599.3,"sodiumDailyValue":25,"carbohydrates":50.8,"carbohydratesDailyValue":17,"sugars":20.7,"protein":5.7,"proteinDailyValue":11,"vitaminA":91.5,"vitaminADailyValue":6,"vitaminC":61.6,"vitaminCDailyValue":103}}