{"ingredients":["1 cup uncooked lentils","1/2 cup uncooked freekeh or other grain like farro, bulgur, or brown rice","4 cups enchilada sauce","3-4 cups broth or water","1 teaspoon salt","chips","cilantro, avocado, jalapeno, and lime for topping","4 tablespoons butter","4 tablespoons flour","1 1/2 cups milk","1 1/2 cups shredded cheese (half cup of three varieties if you want to make it technically “three cheese” – I liked Monterrey Jack, Mozzarella, and Pepperjack)","1/2 teaspoon salt"],"directions":["Rinse the lentils and the grains. Bring the enchilada sauce and 2 cups broth to a low simmer. Add the lentils and grains and cook, stirring occasionally, for 30-40 minutes or until everything is soft and most of the moisture has been absorbed. If things are getting too dry, add some of the extra broth to the pot while it’s simmering. The sauce should eventually take on a thick gravy-like consistency (see pictures).","Meanwhile, melt the butter in a small saucepan. Stir in the flour.","Add the milk slowly, whisking to smooth out any lumps of flour. Simmer until the mixture thickens. Remove from heat and stir in the cheese.","Top the chips with a scoop of the lentil mixture, the cheese sauce, avocado, and cilantro."],"url":"https://pinchofyum.com/spicy-lentil-nachos-with-three-cheese-sauce","title":"Spicy Lentil Nachos with Three Cheese Sauce","description":"Spicy Lentil Nachos with Three Cheese Sauce – you will not believe how good these are! Saucy filling with a velvety homemade cheese sauce. Vegetarian.","image":"https://pinchofyum.com/wp-content/uploads/Spicy-Lentil-Nachos-Recipe-185x185.jpg","servings":"8","review":4.7,"prepTime":15,"totalTime":55,"cookTime":40,"nutrition":{"totalFat":12.2,"totalFatDailyValue":19,"cholestrol":31.4,"cholestrolDailyValue":10,"sodium":2074.2,"sodiumDailyValue":86,"carbohydrates":24.5,"carbohydratesDailyValue":8,"sugars":11.3,"protein":16.7,"proteinDailyValue":33,"vitaminA":98.2,"vitaminADailyValue":7,"vitaminC":2.6,"vitaminCDailyValue":4}}