{"ingredients":["1 tablespoons olive oil","4 garlic cloves, peeled","1 onion, coarsely chopped","2 poblano peppers, cut into large strips","6 tablespoons butter","1/2 cup flour","2 cups milk (warm)","2 cups chicken broth (warm)","1 teaspoon salt","1 cup spinach leaves"],"directions":["Preheat the oven to 375 degrees. Wrap the garlic in foil with a little bit of oil. Toss the poblano and onion with the remaining oil. Place all three items on a baking sheet and roast for 30 minutes or until very soft.","Meanwhile, melt the butter in a saucepan and whisk in the flour to form a thick paste. Cook for a a few minutes. Slowly whisk in the warm milk and chicken broth. If they are cold, it will be more difficult to achieve a smooth texture. Whisk/simmer until smooth and thick, 5-10 minutes.","Add half of the creamy mixture to a blender or food processor with the roasted vegetables from step one. Add the spinach. Pulse until mostly smooth. Taste and adjust with additional salt, pepper, or other seasoning.","Transfer to the saucepan and combine with remaining creamy sauce base. Season with additional salt and pepper. Use on enchiladas, burritos, veggie bowls, quesadillas, eggs, breakfast hash, or anything else that you want. Sauce for life!"],"url":"https://pinchofyum.com/creamy-spinach-and-roasted-poblano-sauce","title":"Creamy Spinach and Roasted Poblano Sauce","description":"The sauce for all your Mexican food wants and needs. It’s creamy, loaded with flavor, and totally versatile. So delicious! | pinchofyum.com","image":"https://pinchofyum.com/wp-content/uploads/Roasted-Poblano-Sauce-Recipe-185x185.jpg","servings":"about 4 1/2 cups (roughly 10 half-cup servings)","review":4.8,"prepTime":15,"totalTime":45,"cookTime":30,"nutrition":{"totalFat":8.8,"totalFatDailyValue":14,"cholestrol":20.3,"cholestrolDailyValue":7,"sodium":452.1,"sodiumDailyValue":19,"carbohydrates":10.5,"carbohydratesDailyValue":3,"sugars":4.3,"protein":3.8,"proteinDailyValue":8,"vitaminA":188,"vitaminADailyValue":13,"vitaminC":32.4,"vitaminCDailyValue":54}}