{"ingredients":["3 cups all purpose flour","1/2 cup sugar","2 1/2 teaspoons baking powder","1/2 tsp. baking soda","3/4 teaspoon salt","3/4 cup butter, cut into small pieces","3/4 teaspoon lime zest","1 teaspoon lemon zest","1 cup buttermilk","1 1/2 cups powdered sugar","juice of one lemon, juice of one lime","1/2 teaspoon almond flavoring"],"directions":["Preheat the oven to 375 degrees. Combine flour, sugar, baking powder, baking soda, and salt in a large mixing bowl.","Cut in butter to the flour mixture and then add the zest and buttermilk. Stir until just combined.","Drop by spoonfuls onto lightly greased baking sheets, or form dough into a 1-inch thick circle and cut sections like pie pieces.","Bake for 12 minutes. Cool completely.","Whisk icing ingredients together in a small bowl until smooth. Drizzle icing over cooled scones."],"url":"https://pinchofyum.com/my-sisters-citrus-scones","title":"My Sister’s Citrus Scones","description":"These citrus scones that my sister makes are the best homemade scones I’ve ever had. Perfect with a cup of coffee and drizzled with a light citrus glaze.","image":"https://pinchofyum.com/wp-content/uploads/2013/06/final-scone-183x183.jpg","servings":"8","prepTime":30,"totalTime":42,"cookTime":12,"nutrition":{"totalFat":18.8,"totalFatDailyValue":29,"cholestrol":49.1,"cholestrolDailyValue":16,"sodium":468.8,"sodiumDailyValue":20,"carbohydrates":70.8,"carbohydratesDailyValue":24,"sugars":32.8,"protein":6.1,"proteinDailyValue":12,"vitaminA":160.2,"vitaminADailyValue":11,"vitaminC":6.3,"vitaminCDailyValue":10}}