{"ingredients":["1 lb chicken breast","1 bunch grapes (about 2-3 cups), cut in half","1 cup uncooked wheat berries","salt and pepper to taste","2 tablespoons olive oil","1 tablespoon honey (I use Ames Farm Honey)","¼ cup homemade or storebought lemon dressing (I used Brianna’s brand)","½ tablespoon vinegar","2 tablespoons water","feta cheese and green onions for topping"],"directions":["Bring 2 large pots of water to boil. To one pot, add the raw chicken breasts. Cover and cook for about 20-30 minutes. To the other pot, add wheat berries and cook, uncovered, for about 20-30 minutes.","While chicken is cooking, chop the grapes in half. Slice a few green onions for topping. Whisk together the olive oil, honey, dressing, vinegar, and water. Keep grapes, green onions, and dressing in the refrigerator until ready to assemble.","Remove chicken from heat and check for doneness (white color throughout). Drain water and allow to cool for several minutes. When cool enough to handle, shred chicken with two forks or your hands. Season shredded chicken with salt and pepper.","Remove wheat berries from heat and check for doneness (chewy texture). If they’re still too crunchy for you, continue to cook for another 10 minutes, adding water as needed. Drain off all excess water when done cooking. Season with salt and pepper.","Combine all ingredients in a large bowl. Top with feta cheese, green onions, and almonds. Refrigerate for up to 4 days."],"url":"https://pinchofyum.com/honey-chicken-salad-with-grapes-and-feta","title":"Honey Chicken Salad with Grapes and Feta","description":"This honey chicken salad with grapes and feta is fresh and simple. Includes chicken, feta, red grapes, wheat berries, and honey lemon dressing.","image":"https://pinchofyum.com/wp-content/uploads/2012/10/Chicken-Salad-66-thumbnail-183x183.jpg","servings":"8-10","review":4.9,"prepTime":15,"totalTime":60,"cookTime":45,"nutrition":{"totalFat":6.6,"totalFatDailyValue":10,"cholestrol":34.1,"cholestrolDailyValue":11,"sodium":83.4,"sodiumDailyValue":3,"carbohydrates":24.6,"carbohydratesDailyValue":8,"sugars":10.4,"protein":13.5,"proteinDailyValue":27,"vitaminA":8.8,"vitaminADailyValue":1,"vitaminC":1.5,"vitaminCDailyValue":2}}