{"ingredients":["1/2 cup low sodium soy sauce","1/2 cup water","1/4 cup hoisin sauce","2-3 cloves garlic","1 1-inch piece fresh ginger","2 tablespoons honey","2 limes","1 lb. salmon – wild caught if you have access to it","1 tablespoon sesame oil","sesame seeds for topping"],"directions":["To make the hoisin glaze, puree the soy sauce, water, hoisin, garlic, ginger, honey, and juice of one lime in a blender or food processor. Transfer to a skillet over medium high heat. Simmer until the mixture reduces to a syrupy consistency that will stick to the salmon when brushed on. Remove from heat.","Preheat the oven to 350 degrees. Cut the salmon into four pieces. Pour the sesame oil in a baking dish (I’d recommend nonstick) and arrange the salmon in the pan. Brush the salmon with the a thin layer of glaze, reserving the rest of the glaze for later. Bake for 15 minutes; remove from oven, brush with glaze again, and bake for another 15 minutes. When the salmon is done (it will be firm and flake apart easily) remove from oven and brush with the glaze one more time before serving. Sprinkle with sesame seeds if you want to be fan-say."],"url":"https://pinchofyum.com/simple-hoisin-glazed-salmon","title":"Simple Hoisin Glazed Salmon","description":"This Simple Hoisin Glazed Salmon has a 6-ingredient sauce made from scratch that is brushed over the salmon and baked to perfection.","image":"https://pinchofyum.com/wp-content/uploads/2014/08/hoisin-salmon-106-183x183.jpg","servings":"4","review":4.7,"prepTime":10,"totalTime":40,"cookTime":30,"nutrition":{"totalFat":9.4,"totalFatDailyValue":15,"cholestrol":58.4,"cholestrolDailyValue":19,"sodium":1496.5,"sodiumDailyValue":62,"carbohydrates":21.6,"carbohydratesDailyValue":7,"sugars":13.7,"protein":29.1,"proteinDailyValue":58,"vitaminA":56.3,"vitaminADailyValue":4,"vitaminC":10.4,"vitaminCDailyValue":17}}