{"ingredients":["10 garlic scapes","1/4 cup almonds","2 tbs. sunflower seeds","2 tbs. olive oil","1/4 cup freshly grated parmesan cheese","salt and pepper","1/2 cup Greek yogurt","sour cream and/or mayonnaise"],"directions":["Wash the garlic scapes and cut off the ends so you are left with just the tender fragrant spiraly part. Chop them into small pieces.","Add everything to the food processor except Greek yogurt and sour cream/mayonnaise. Pulse until you have a pesto-like consistency.","Put the “pesto” into a small bowl and add the Greek yogurt. Take half of the pesto yogurt mixture and put it back in the food processor. Puree until almost smooth. Add back in to the small bowl.","Finally, mix in 3 tablespoons sour cream and mayonnaise. (This is totally up to you – you can add as much or as little sour cream/mayonnaise as you want to get your dip to just the right level of creaminess! I added more depending on what I was using it for and how creamy/garlicky I wanted it to be.)"],"url":"https://pinchofyum.com/creamy-garlic-scape-dip","title":"Creamy Garlic Scape Dip","description":"This creamy garlic scape dip is the perfect dip for chips and veggies! Made with garlic scapes, almonds, sunflower seeds, olive oil, and Greek yogurt.","image":"https://pinchofyum.com/wp-content/uploads/2013/11/Garlic-Dip-with-Chips-183x183.jpg","servings":"10","review":4,"prepTime":10,"totalTime":15,"cookTime":5}