{"ingredients":["1/2 cup Land O Lakes® Butter, divided","2 cloves fresh garlic, or a pinch of garlic salt","16 ounces fresh sliced mushrooms (more if you love mushrooms!)","1 cup heavy whipping cream","1 pound fettuccine","1/2 cup Parmesan cheese","1 cup reserved pasta water","1 teaspoon salt (more to taste)","fresh ground black pepper","parsley for topping"],"directions":["Clean the mushrooms. Add the garlic and mushrooms to a large skillet with 2 tablespoons of the butter. Sauté until the mushrooms are soft with deep brown color – 10-15 minutes. Add the cream and the rest of the butter. Simmer over low heat.","Cook the fettuccine in a large pot according to package directions. Drain, reserving a little bit of the water, and return to pan.","Add mushroom sauce to the hot fettuccine in the pan. Toss with tongs to mix. Add Parmesan and up to 1 cup of reserved pasta water as needed to get the consistency right. Season with salt and pepper. And now stand at the stove and eat it straight out the pan. So good."],"url":"https://pinchofyum.com/mushroom-fettuccine","title":"Creamy Mushroom Fettuccine","description":"Date Night Mushroom Fettuccine – elegant and luscious and FIVE INGREDIENT EASY.","image":"https://pinchofyum.com/wp-content/uploads/Mushroom-Fettuccine-Recipe-185x185.jpg","servings":"8","review":5,"prepTime":10,"totalTime":30,"cookTime":20,"nutrition":{"totalFat":25.1,"totalFatDailyValue":39,"cholestrol":68.9,"cholestrolDailyValue":23,"sodium":494,"sodiumDailyValue":21,"carbohydrates":45.5,"carbohydratesDailyValue":15,"sugars":3.6,"protein":12.7,"proteinDailyValue":25,"vitaminA":234,"vitaminADailyValue":16,"vitaminC":1.6,"vitaminCDailyValue":3}}