{"ingredients":["1/2 loaf French bread torn into small pieces","3 eggs","1 cup milk","1/4 cup half and half or cream","1/4 cup sugar","1 tablespoon vanilla","1/4 teaspoon salt","6 tablespoons cold butter, cut into small cubes","1/4 cup + 2 tablespoons flour","1/4 cup + 2 tablespoons brown sugar","1 tablespoon cinnamon","powdered sugar","Wholesome! Pancake Syrup or Coconut Palm Syrup"],"directions":["Preheat the oven to 350 degrees. Grease a muffin tin and fill each opening with bread, right to the top.","Whisk the eggs, milk, cream, sugar, vanilla, and salt until smooth. Pour 3-4 tablespoons over the bread in each cup.","Combine the flour, brown sugar, and cinnamon – cut the butter into the mixture with your hands, incorporating it until small crumbs form. Top each French Toast Cup with a spoonful of crumbs.","Bake for 20 minutes or until puffy and golden brown. Top with powdered sugar and my personal favorite – Wholesome! coconut palm syrup! So good."],"url":"https://pinchofyum.com/cinnamon-streusel-french-toast-cups","title":"Cinnamon Streusel French Toast Cups","description":"Cinnamon Streusel French Toast Cups – perfect little bites of French Toast for an easy brunch recipe! loaded to the brim with cinnamon streusel. SO good!","image":"https://pinchofyum.com/wp-content/uploads/French-Toast-Cups-Recipe-185x185.jpg","servings":"12 French toast cups","review":4.7,"prepTime":10,"totalTime":30,"cookTime":20,"nutrition":{"totalFat":7.3,"totalFatDailyValue":11,"cholestrol":62.4,"cholestrolDailyValue":21,"sodium":167.2,"sodiumDailyValue":7,"carbohydrates":22.5,"carbohydratesDailyValue":8,"sugars":9.2,"protein":4.6,"proteinDailyValue":9,"vitaminA":69.6,"vitaminADailyValue":5,"vitaminC":0.1,"vitaminCDailyValue":0}}