{"ingredients":["2 tablespoons green curry paste","1 14 ounce can coconut milk","1 1/2 cups Almond Breeze Almondmilk Coconutmilk","2 lbs. scallops, thawed and patted dry","2-3 cups baby spinach or other greens","1-2 tablespoons brown sugar","1/2 teaspoon fish sauce (more to taste – it’s SO delicious! just don’t smell it)","1 mango, peeled and diced","1/4 cup cilantro, roughly chopped","1/4 cup red onion, minced","salt, lime juice, and lime zest to taste"],"directions":["Stir fry the curry paste in a large deep skillet over medium high heat. When fragrant, add the coconut milk and almond milk and simmer for 15-20 minutes.","Toss all the salsa ingredients together in a bowl.","Add the scallops to the curry sauce in the skillet and simmer for 4-5 minutes until the scallops are cooked through (if you cook them too long, they’ll get rubbery, so be careful). Stir in the spinach until it wilts. Add brown sugar and fish sauce.","Scoop the curry over rice (it will be a little bit soupy – that’s how it’s supposed to be) and top with the mango salsa."],"url":"https://pinchofyum.com/green-curry-scallops","title":"Green Curry Scallops with Mango Cilantro Salsa","description":"Green Curry Scallops with Mango Cilantro Salsa! creamy coconut green curry sauce with buttery scallops topped with a mango cilantro salsa.","image":"https://pinchofyum.com/wp-content/uploads/Green-Curry-Scallops-Recipe-185x185.jpg","servings":"4-6","review":5,"prepTime":10,"totalTime":40,"cookTime":30,"nutrition":{"totalFat":24.1,"totalFatDailyValue":37,"cholestrol":54.4,"cholestrolDailyValue":18,"sodium":1047.3,"sodiumDailyValue":44,"carbohydrates":28.7,"carbohydratesDailyValue":10,"sugars":14.2,"protein":31.9,"proteinDailyValue":64}}