{"ingredients":["2 oranges","1 banana","1/3 cup pineapple (fresh is best, but canned works)","1/4 cup yogurt","1/3 cup milk (this would be amazing with coconut milk!)"],"directions":["Blend until smooth. Sprinkle with coconut and/or orange zest."],"url":"https://pinchofyum.com/coconut-pineapple-orange-smoothie","title":"Coconut Pineapple Orange Smoothie","description":"This coconut pineapple orange smoothie will give you a taste of the tropics no matter what the weather is like. Made with fresh fruit, yogurt and milk. Yum!","image":"https://pinchofyum.com/wp-content/uploads/Coconut-Pineapple-Orange-Smoothie-4-185x185.jpeg","servings":"1","review":5,"prepTime":5,"totalTime":7,"cookTime":2}