{"ingredients":["1 part simple syrup","2 parts lime juice","3 parts tequila"],"directions":["Make the simple syrup by boiling water and stirring in an equal measurement of sugar until dissolved (i.e. one cup water + one cup sugar).","Stir the simple syrup, lime juice, and tequila together.","Cut a lime into wedges and use one wedge to wet the rim of the glass. Place salt in a dish and tip the glass upside down into the salt so it sticks to the wet rim.","Add ice cubes to each glass and pour the margaritas into the glasses – these will be strong and a big handful of ice helps balance it all out. We also put the ice right in the pitcher for our last party and that worked fine, too. Place a little lime wedge on the rim of the glass as pictured for looks!"],"url":"https://pinchofyum.com/pitcher-style-margaritas-for-a-crowd","title":"Pitcher Style Margaritas for a Crowd","description":"Pitcher Margaritas for a Crowd – all you need is simple syrup, lime juice, and tequila. These make THE BEST party drinks!","image":"https://pinchofyum.com/wp-content/uploads/Margaritas-for-a-Crowd-Recipe-185x185.jpg","servings":"see notes","review":4.4,"prepTime":5,"totalTime":7,"cookTime":2,"nutrition":{"totalFat":0.1,"totalFatDailyValue":0,"cholestrol":0,"cholestrolDailyValue":0,"sodium":109.3,"sodiumDailyValue":5,"carbohydrates":17.7,"carbohydratesDailyValue":6,"sugars":1,"protein":0.7,"proteinDailyValue":1,"vitaminA":5.2,"vitaminADailyValue":0,"vitaminC":33.4,"vitaminCDailyValue":56}}