{"ingredients":["2 cups rhubarb, diced","2 cups strawberries, diced","zest from one orange (or lemon)","1 teaspoon lemon juice","5 Tablespoons honey","a pinch of salt","1 1/2 Tablespoons arrowroot powder*","1/2 cup chopped pecans","3/4 cups almond flour","2 Tablespoons coconut flour","1 teaspoon cinnamon","1/4 teaspoon salt","1/4 cup honey","4 Tablespoons coconut oil"],"directions":["Preheat the oven to 350 degrees. Put the strawberries and rhubarb in a large mixing bowl with the orange zest, lemon juice, honey, salt, and arrowroot powder and mix well.","Mix the pecans, flours, cinnamon, salt and honey together in a medium mixing bowl. Cut in the coconut oil with your hands or a pastry cutter until the mixture begins to form crumbs.","Grease an oven proof casserole or skillet and spoon in the fruit filling. Crumble the topping evenly over the top. Bake for 25 minutes, checking occasionally. When the topping is browned and the fruit is bubbling, remove from oven and allow to cool for a few minutes before serving."],"url":"https://pinchofyum.com/paleo-strawberry-rhubarb-crisp","title":"Strawberry Rhubarb Crisp – and it’s paleo.","description":"This paleo strawberry rhubarb crisp was a total hit with my husband who had no idea it was anything different than the original. Yummy!","image":"https://pinchofyum.com/wp-content/uploads/2013/07/rhubarb-crisp-5-183x183.jpg","servings":"8","review":4.6,"prepTime":10,"totalTime":35,"cookTime":25,"nutrition":{"totalFat":16.6,"totalFatDailyValue":26,"cholestrol":0,"cholestrolDailyValue":0,"sodium":75.5,"sodiumDailyValue":3,"carbohydrates":28.9,"carbohydratesDailyValue":10,"sugars":22.2,"protein":3.5,"proteinDailyValue":7,"vitaminA":2.1,"vitaminADailyValue":0,"vitaminC":24.1,"vitaminCDailyValue":40}}