{"ingredients":["1 cups rolled oats","3-4 cups water","1/4 teaspoon salt","½ teaspoon vanilla extract","4 tablespoons cocoa powder","2 tablespoons sugar","2 tablespoons ground flaxmeal","a dash of cinnamon","2 egg whites","powdered sugar and chocolate chips for topping"],"directions":["In a saucepan over high heat, place the rolled oats and salt. Cover with 3 cups water. Bring to a boil and cook for 3-5 minutes, stirring occasionally, adding ½ cup water as necessary as the mixture thickens.","In a small bowl, whisk 4 tablespoons water into the 4 tablespoons cocoa powder to form a smooth sauce. Add the cocoa sauce and the vanilla to the pan and stir until well combined.","Turn the heat down to low. Add the egg whites and whisk immediately and vigorously to get them fully incorporated. (If you go too slow or don’t whisk right away, you’ll get little chunks of egg whites in your oatmeal). The entire mixture should slowly take on a lighter color and fluff up a bit as the egg whites become incorporated and cook.","Add the sugar, flaxmeal, and cinnamon. Stir to combine. Remove from heat and serve immediately, topping with powdered sugar or chocolate chips if you want."],"url":"https://pinchofyum.com/double-chocolate-oatmeal","title":"Double Chocolate Oatmeal","description":"This double chocolate oatmeal is healthy enough to be breakfast and decadent enough to be dessert. One of my all-time favorites!","image":"https://pinchofyum.com/wp-content/uploads/2012/10/chocolate-oatmeal-3-183x183.jpg","servings":"2","review":4.4,"prepTime":5,"totalTime":15,"cookTime":10,"nutrition":{"totalFat":9.8,"totalFatDailyValue":15,"cholestrol":0,"cholestrolDailyValue":0,"sodium":351.3,"sodiumDailyValue":15,"carbohydrates":72.9,"carbohydratesDailyValue":24,"sugars":13.2,"protein":20,"proteinDailyValue":40,"vitaminA":0,"vitaminADailyValue":0,"vitaminC":0,"vitaminCDailyValue":0}}