{"ingredients":["3 garlic naan flatbreads (or any other prepared crust)","3 chicken sausages, such as Gold n’ Plump Parmesan Italian","1 cup pizza sauce","1 cup shredded Mozzarella","fresh spinach","fresh diced tomatoes","fresh basil","olive oil"],"directions":["Preheat your grill to medium high. Cook sausages until browned and cooked through. You can make them sliced, in the casing, or ground, out of the casing (I like it better out of the casing).","Spread naan with pizza sauce (1/3 cup per pizza). Top with chicken sausage, cheese, fresh spinach, and tomatoes – in any order.","Grill for 15-25 minutes, until the bottom of the crust is brown and crispy and the cheese is melted. Sprinkle with fresh basil and drizzle with oil."],"url":"https://pinchofyum.com/grilled-chicken-sausage-spinach-mozzarella-pizza","title":"Grilled Chicken Sausage, Spinach, and Mozzarella Pizza","description":"This is my favorite way to use chicken sausage! Sauteed and sliced, with Mozzarella cheese and fresh spinach, on a thin pizza crust, and grilled.","image":"https://pinchofyum.com/wp-content/uploads/chicken-sausage-pizza-185x185.jpg","servings":"4","review":4.9,"prepTime":10,"totalTime":25,"cookTime":15,"nutrition":{"totalFat":31.2,"totalFatDailyValue":48,"cholestrol":126.2,"cholestrolDailyValue":42,"sodium":1601.8,"sodiumDailyValue":67,"carbohydrates":47.3,"carbohydratesDailyValue":16,"sugars":6.6,"protein":29.3,"proteinDailyValue":59,"vitaminA":150.6,"vitaminADailyValue":10,"vitaminC":12.6,"vitaminCDailyValue":21}}