{"ingredients":["2 cups reduced sodium chicken broth","1 cup milk (I used 2%)","1 teaspoon poultry seasoning","1/2 cup flour","2 cups water, divided","1 cup uncooked quinoa, rinsed","1/4 cup cooked, crumbled bacon (optional… sort of)","1 pound boneless skinless chicken breasts","2 teaspoons seasoning (like Emeril’s Essence or any basic blend you like)","1/4 cup shredded Gruyere cheese (any kind will work)","3 cups fresh broccoli florets"],"directions":["Sauce: Preheat the oven to 400 degrees and generously grease a 9×13 baking dish (seriously, be generous because it really really sticks to the sides). Bring the chicken broth and 1/2 cup milk to a low boil in a saucepan. Whisk the other 1/2 cup milk with the poultry seasoning and flour; add the mixture to the boiling liquid and whisk until a smooth creamy sauce forms.","Assembly: In a large bowl, mix the sauce from step one, one cup water, quinoa, and bacon and stir to combine. Pour the mixture into the prepared baking dish. Slice the chicken breasts into thin strips and lay the chicken breasts strips over the top of the quinoa mixture. Sprinkle with the seasoning. Bake uncovered for 30 minutes.","Broccoli: While the casserole is in the oven, place the broccoli in boiling water for 1 minute until it turns bright green and then run under cold water. Set aside.","Bake: Remove the casserole from the oven, check the mixture by stirring it around in the pan, and if needed, bake for an additional 10-15 minutes to get the right consistency. When the quinoa and chicken are cooked and the sauce is thickened, add the broccoli and a little bit of water (up to one cup) until the consistency is creamy and smooth and you can stir it up easily in the pan. Top with the cheese and bake for 5 minutes, or just long enough to melt the cheese."],"url":"https://pinchofyum.com/creamy-chicken-quinoa-broccoli-casserole","title":"Creamy Chicken Quinoa and Broccoli Casserole","description":"This Creamy Chicken Quinoa and Broccoli Casserole is made from scratch with healthy ingredients.","image":"https://pinchofyum.com/wp-content/uploads/quinoa-casserole-4wb-square-183x183.jpg","servings":"6","course":"Dinner","cuisine":"American","review":4.5,"prepTime":15,"totalTime":75,"cookTime":60,"nutrition":{"totalFat":7.5,"totalFatDailyValue":12,"cholestrol":65,"cholestrolDailyValue":22,"sodium":186.7,"sodiumDailyValue":8,"carbohydrates":32.6,"carbohydratesDailyValue":11,"sugars":3,"protein":28.7,"proteinDailyValue":57,"vitaminA":39.9,"vitaminADailyValue":3,"vitaminC":39.3,"vitaminCDailyValue":66}}