{"ingredients":["16 ounces fresh crimini mushrooms, sliced","3 tablespoons butter, divided","2 cloves garlic, minced","1 cup dry Marsala wine","1 teaspoon cornstarch dissolved in 1 tablespoon cold water","2 tablespoons heavy cream","1/2 teaspoon salt (more to taste)","1 1/2 – 2 lbs. boneless skinless chicken breasts","1 tablespoon olive oil","1/3 cup flour","1 teaspoon all purpose seasoning + a pinch of salt and pepper","1-2 cups cherry tomatoes","fresh parsley"],"directions":["Heat 1 tablespoon butter in a medium or large saucepan over medium heat. Add the mushrooms and saute for 8-10 minutes, until golden brown.","Add the garlic and wine – let the mixture simmer gently to reduce the wine, stirring occasionally. After 15-20 minutes, add the cornstarch, cream, and salt to the marsala mixture – it should start to thicken slightly.","Pound the chicken breasts until they are about 1 inch thick to help with even cooking. Cut them into smaller, single-serving pieces if necessary.","Combine the flour, seasoning, and salt and pepper in a shallow bowl. Toss the chicken in the flour mixture until coated. Shake off excess.","Heat the remaining 2 tablespoons butter and oil in a large skillet over medium high heat. Pan-fry the coated chicken for a few minutes on each side, until golden brown and cooked through.","Add sauce and mushrooms to the skillet with the chicken. Top with tomatoes and simmer until the tomatoes have softened. Serve with fresh parsley."],"url":"https://pinchofyum.com/drunken-chicken-marsala-with-tomatoes","title":"Drunken Chicken Marsala with Tomatoes","description":"A simple Chicken Marsala recipe featuring fresh tomatoes, pan-fried chicken breasts, sauteed mushrooms, and a Marsala wine sauce.","image":"https://pinchofyum.com/wp-content/uploads/chicken-marsala-recipe-1-185x185.jpg","servings":"4-5","review":4.7,"prepTime":15,"totalTime":60,"cookTime":45,"nutrition":{"totalFat":14.8,"totalFatDailyValue":23,"cholestrol":91.3,"cholestrolDailyValue":30,"sodium":298.5,"sodiumDailyValue":12,"carbohydrates":16.2,"carbohydratesDailyValue":5,"sugars":2.5,"protein":25,"proteinDailyValue":50,"vitaminA":114.8,"vitaminADailyValue":8,"vitaminC":7.4,"vitaminCDailyValue":12}}