{"ingredients":["2 cups cooked mixed brown rice and quinoa (I use the pre-cooked Seeds of Change mix)","2 cups cooked chicken, chopped (store-bought rotisserie chicken works like a charm)","2 cups tomatoes, chopped","1/2 cup walnuts (can sub almonds)","3/4 cup olive oil","1/2 cup water","1/2 cup basil","1/2 cup parsley","1 clove garlic","juice of two lemons","1 teaspoon salt"],"directions":["Toss the brown rice / quinoa, chicken, and tomatoes together.","For the dressing, whiz everything together in the food processor until mostly smooth and a little bit creamy. Taste and adjust as necessary.","Pour the dressing over the salad ingredients – letting it all sit together for 30 minutes helps the flavors become x-tra delicious."],"url":"https://pinchofyum.com/healthy-chicken-salad","title":"Healthy Garlic Herb Chicken Salad","description":"Garlic Herb Chicken Salad – this healthy chicken salad is CREAMY and CLEAN with no mayo! like a cross between herby bruschetta and chicken salad. Super easy, too!","image":"https://pinchofyum.com/wp-content/uploads/Bruschetta-Chicken-Salad-Recipe-185x185.jpg","servings":"6","review":4.8,"prepTime":5,"totalTime":35,"cookTime":30,"nutrition":{}}