{"ingredients":["1/2 cup plain Greek yogurt","1/2 cup cooked quinoa","a few teaspoons honey (to taste)","1/2 cup Cheerios + Ancient Grains cereal","1/2 cup pomegranate arils or other fruit"],"directions":["Mix the Greek yogurt with the quinoa and the honey.","Layer half of the yogurt mixture into the bottom of a round glass. Cover with half of the cereal, half of the pomegranate arils, and repeat layers once more. Serve immediately!"],"url":"https://pinchofyum.com/5-minute-honey-yogurt-quinoa-parfait","title":"5-Minute Honey Yogurt Quinoa Parfait","description":"5 Minute Honey Yogurt Quinoa Parfait – super colorful and full of nutrition, crunch, and lightly sweet flavor. Quick go-to breakfast!","image":"https://pinchofyum.com/wp-content/uploads/Cheerios-Yogurt-Parfait-Recipe-185x185.jpg","servings":"1","review":4.5,"prepTime":5,"totalTime":10,"cookTime":5,"nutrition":{"totalFat":7.9,"totalFatDailyValue":12,"cholestrol":7.1,"cholestrolDailyValue":2,"sodium":174.7,"sodiumDailyValue":7,"carbohydrates":105.4,"carbohydratesDailyValue":35,"sugars":28.5,"protein":30.4,"proteinDailyValue":61,"vitaminA":147.9,"vitaminADailyValue":10,"vitaminC":14.9,"vitaminCDailyValue":25}}