{"ingredients":["a swish of oil","2 cloves garlic, minced","a spoonful of fresh crushed ginger","2-3 cups leftover cooked rice or cauliflower rice","2 cups frozen peas and carrots","1 cup kimchi (more or less to taste)","2 tablespoons soy sauce (more to taste)","3 beaten eggs","1-2 tablespoons chili paste or sriracha for topping","sesame oil and/or sesame seeds for topping"],"directions":["Aromatics: Heat the oil in a large skillet over medium high heat. Saute the garlic and ginger until fragrant.","Main Stuff: Add the rice, peas and carrots, kimchi, and soy sauce. Stir-fry for a few minutes or until everything is warmed and sizzling.","Eggs: Make a well in the center and add the eggs. Scramble the eggs in the center of the pan and then mix them throughout the rice.","Finishing: Serve with chili paste, sesame oil, sesame seeds, green onions, whatevs kinda thing you like."],"url":"https://pinchofyum.com/kimchi-fried-rice","title":"Kimchi Fried Rice","description":"Kimchi Fried Rice FTW! Cauliflower rice, frozen peas and carrots, fresh garlic and ginger, soy sauce, chili paste, a forkful of kimchi, and finished with a runny yolk waterfall. A new kind of comfort food.","image":"https://pinchofyum.com/wp-content/uploads/Kimchi-Fried-Rice-Recipe-185x185.jpg","servings":"5-6 servings (about a cup each)","review":4.9,"prepTime":5,"totalTime":15,"cookTime":10,"nutrition":{"totalFat":6.2,"totalFatDailyValue":10,"cholestrol":111.6,"cholestrolDailyValue":37,"sodium":525,"sodiumDailyValue":22,"carbohydrates":11.2,"carbohydratesDailyValue":4,"sugars":2.7,"protein":7.6,"proteinDailyValue":15,"vitaminA":315.5,"vitaminADailyValue":21,"vitaminC":32.5,"vitaminCDailyValue":54}}