{"ingredients":["1/4 cup coconut oil","1/4 cup real maple syrup","2 tablespoons almond butter","sea salt, vanilla, or cinnamon to taste"],"directions":["Melt the coconut oil and maple syrup together in a glass container for 1 minute. Whisk in the almond butter for about 30 seconds until fully incorporated and very smooth."],"url":"https://pinchofyum.com/5-minute-magic-vegan-caramel-sauce","title":"5 Minute Magic Vegan Caramel Sauce","description":"Magic Vegan Caramel Sauce made with coconut oil, real maple syrup, and almond butter. Microwave for one minute. SO GOOD!","image":"https://pinchofyum.com/wp-content/uploads/Magic-Vegan-Caramel-Recipe-185x185.jpg","servings":"about 1/2 cup sauce (4-6 servings depending on how you use it)","review":4.7,"prepTime":3,"totalTime":5,"cookTime":2,"nutrition":{}}