{"ingredients":["1 cup fresh cherries","Ghirardelli Ultimate Fudge brownie mix + oil + eggs","vanilla bean ice cream"],"directions":["Pit cherries and cut them in half. Sprinkle with sugar and roast at 400 degrees for 10 minutes.","Prepare brownie mix. Remove cherries from the oven and reduce oven temperature according to brownie directions.","Mix cooled cherries into the brownie batter and bake according to brownie directions. Top with ice cream!"],"url":"https://pinchofyum.com/roasted-cherry-brownies","title":"Roasted Cherry Brownies","description":"These super easy roasted cherry brownies combine the rich sweetness of roasted cherries with the dark fudgy texture of classic brownies.","image":"https://pinchofyum.com/wp-content/uploads/2012/11/Roasted-Cherry-Brownies-183x183.jpeg","servings":"12-16","course":"Dessert","cuisine":"American","prepTime":10,"totalTime":40,"cookTime":30}