{"ingredients":["1 cup dry green (brown) lentils","1/2 cup dry light bulgur (light just refers to the coarseness of the grain)","3-4 cups fresh tomatoes, chopped","6-8 cloves garlic, minced","2 tablespoons olive oil","1/2 cup parsley, very finely chopped","1/4 cup citrus/vinaigrette dressing (I used a lemon tarragon dressing)","salt and pepper to taste","fresh lemon juice to taste"],"directions":["Cook the lentils and the bulgur according to directions, using vegetable broth instead of water. When cooked, combine and set aside.","Saute the tomatoes, garlic, and olive oil over low heat for 15 minutes or until the tomatoes and garlic are soft and fragrant. Remove from heat. Add the lentils, bulgur, and parsley to the pan and stir to combine.","Season with dressing, salt and pepper, and lemon juice. Serve hot or cold."],"url":"https://pinchofyum.com/sauteed-garlic-and-tomato-lentil-salad","title":"Sauteed Garlic and Tomato Lentil Salad","description":"This sauteed garlic and tomato lentil salad is a delicious and healthy way to enjoy lentils! Colorful, bright, and fresh flavors.","image":"https://pinchofyum.com/wp-content/uploads/2013/03/lentil-salad-4-183x183.jpg","servings":"6-8","review":4.7,"prepTime":15,"totalTime":45,"cookTime":30,"nutrition":{"totalFat":5.3,"totalFatDailyValue":8,"cholestrol":0.2,"cholestrolDailyValue":0,"sodium":121.5,"sodiumDailyValue":5,"carbohydrates":18.8,"carbohydratesDailyValue":6,"sugars":4.1,"protein":4.1,"proteinDailyValue":8,"vitaminA":72.1,"vitaminADailyValue":5,"vitaminC":26.5,"vitaminCDailyValue":44}}