{"ingredients":["1/2 cup oil","1 cup sugar","2 eggs","2 cups buttermilk (sub 1 cup milk and 1 cup plain yogurt)","4 cups Raisin Bran cereal","2 cups flour","2 tsp. baking soda","1 tsp. salt"],"directions":["Mix in order and bake in muffin tin at 400 degrees for 12-20 minutes, depending on pan size. (My large muffin tin took about 18 minutes). Let cool at least 10 minutes. Top with butter and honey.","Save leftover batter in the refrigerator. For individual servings, scoop into ramekin/mug and microwave for 1 minute."],"url":"https://pinchofyum.com/raisin-bran-muffins","title":"Raisin Bran Muffins","description":"This is a recipe for Raisin Bran Muffins from my very best friend. Perfect hot out of the oven with melted butter and honey.","image":"https://pinchofyum.com/wp-content/uploads/raisin-bran-muffins-1-185x185.jpg","servings":"12","review":4.8,"prepTime":10,"totalTime":30,"cookTime":20,"nutrition":{"totalFat":12.2,"totalFatDailyValue":19,"cholestrol":35.5,"cholestrolDailyValue":12,"sodium":534,"sodiumDailyValue":22,"carbohydrates":50.8,"carbohydratesDailyValue":17,"sugars":25.2,"protein":6.6,"proteinDailyValue":13,"vitaminA":107.3,"vitaminADailyValue":7,"vitaminC":0.2,"vitaminCDailyValue":0}}