{"ingredients":["4 tablespoons butter, divided","4 cloves garlic, minced and divided","12 ounces uncooked arborio rice","3 1/2 or 4 cups chicken or vegetable broth","a splash of dry white wine (optional)","12 ounces sliced baby portabella mushrooms","2-3 cups spinach or other veggies if you want","1/2 cup shaved Parmesan cheese","sea salt and freshly cracked black pepper","a squeeze of lemon (that was Bjork’s idea! nice work, boo)"],"directions":["Heat 2 tablespoons of butter in a large skillet over medium high heat. Add two cloves of garlic and saute for 1-2 minutes until the smells of amazingness overtake your life. Add the arborio rice and toss with the butter and garlic for a minute or two until coated. Add a splash of white wine to get things all sizzly-hot.","Add 1 cup of chicken broth and push the mixture around gently in the pan with a wooden spoon, letting it get all bubbly and nice. When most of the liquid has evaporated, add another half cup. Repeat this process over about 15-20 minutes until the arborio rice has cooked to the point where it’s almost completely soft, and the whole thing takes on a creamy texture.","In a separate little skillet, melt the remaining 2 tablespoons butter over medium high heat. Add the garlic, saute for 1-2 minutes, and add the sliced mushrooms. Saute for 5-10 minutes until they’re browned to your liking – I like to add another splash of white wine here – yummy sizzle. Remove from heat, stir in the spinach until wilted, and transfer to the risotto pan (I just arranged it all over the top). Top generously with Parmesan, salt, pepper, and lemon if you want! Yummm."],"url":"https://pinchofyum.com/garlic-butter-mushroom-risotto","title":"Garlic Butter Mushroom Risotto","description":"This Garlic Butter Mushroom Risotto is a simple and completely delicious vegetarian meal! Ready in 30 minutes. YUM! Enjoy!","image":"https://pinchofyum.com/wp-content/uploads/mushroom-risotto-recipe-1-185x185.jpg","servings":"4-6 (nutrition is for 6)","review":4.7,"prepTime":10,"totalTime":40,"cookTime":30,"nutrition":{"totalFat":12.9,"totalFatDailyValue":20,"cholestrol":33.2,"cholestrolDailyValue":11,"sodium":736,"sodiumDailyValue":31,"carbohydrates":63.1,"carbohydratesDailyValue":21,"sugars":0.9,"protein":13.4,"proteinDailyValue":27,"vitaminA":150.8,"vitaminADailyValue":10,"vitaminC":3.4,"vitaminCDailyValue":6}}