{"ingredients":["2 medium or large sweet potatoes","1 1/2 tablespoons butter","1 shallot, minced","1 bag fresh baby spinach","1/4 cup light sour cream or Greek yogurt","2 ounces light cream cheese","1 cup chickpeas","1/4 cup shredded Mozzarella cheese","salt and pepper to taste"],"directions":["Bake sweet potatoes at 350 for 45-60 minutes, or until fork tender.","Cut sweet potatoes in half and let cool for 5-10 minutes. While sweet potatoes are cooling, saute the shallots with the butter over medium heat until translucent. Add fresh spinach and heat for 2-3 minutes, until spinach has cooked down. Set aside.","Scrape the sweet potato out of the peel, leaving a thin layer inside with the skin so that it can stand up on its own. Mash the sweet potato with the cream cheese and sour cream. Stir in chickpeas, spinach, and plenty of salt and pepper.","Coat potato skins with a drizzle of oil and bake for about 5 minutes to get a crispier outside. Remove from oven and fill each skin with the sweet potato mixture and top with shredded mozzarella cheese. Bake again for 10-15 minutes, or until cheese is melted and filling is heated through."],"url":"https://pinchofyum.com/healthy-sweet-potato-skins","title":"Healthy Sweet Potato Skins","description":"These healthy sweet potato skins are stuffed with mashed sweet potato, chickpeas, spinach, and Mozzarella cheese. So delicious!","image":"https://pinchofyum.com/wp-content/uploads/sweet-potato-skins-recipe-1-185x185.jpg","servings":"2-3","review":4.6,"prepTime":20,"totalTime":80,"cookTime":60,"nutrition":{"totalFat":11.3,"totalFatDailyValue":17,"cholestrol":22.3,"cholestrolDailyValue":7,"sodium":299.5,"sodiumDailyValue":12,"carbohydrates":63.8,"carbohydratesDailyValue":21,"sugars":13.3,"protein":24.1,"proteinDailyValue":48,"vitaminA":820.2,"vitaminADailyValue":55,"vitaminC":13.4,"vitaminCDailyValue":22}}