{"ingredients":["1 tablespoon oil","1 shallot","1 clove garlic","1 jalapeno, ribs and seeds removed","2 teaspoons fish sauce","18 ounces boneless pork loin, sliced into thin strips","2 tablespoons sugar","2 tablespoons water","1 cup chopped pineapple","1 cup chopped cucumber","1/2 cup chopped cilantro","1/2 cup chopped red onion or shallot","a squeeze of lime juice","a pinch of salt","tortillas for serving","cilantro and lime for serving","chili sauce for topping – see notes"],"directions":["For the pork: Heat the oil in a heavy pan over medium heat. Add the shallot, garlic, and jalapeño – saute until fragrant, about 2 minutes. Turn the heat to high and add the pork and the fish sauce – stir fry for a few minutes until the pork is no longer pink. With the heat very high, add the sugar and water and stir once – then let the pork caramelize by not stirring it for about 1 minute. Repeat this process until the pork is nice and golden brown.","For the salsa: Toss everything together in a medium bowl.","For the tacos: Warm the tortillas quickly in a skillet with a little bit of oil. Arrange the pork between 6 tortillas and top with the salsa and the chili sauce."],"url":"https://pinchofyum.com/caramelized-pork-tacos-with-pineapple-salsa","title":"Caramelized Pork Tacos with Pineapple Salsa and Chili Sauce","description":"Caramelized Pork Tacos with Pineapple Salsa – topped with sriracha mayo, obviously! Quick and easy to make! Naturally gluten free.","image":"https://pinchofyum.com/wp-content/uploads/Caramelized-Pork-Tacos-with-Pineapple-Salsa-Recipe-185x185.jpg","servings":"6-8 tacos (depending on the size of your tortillas)","review":4.7,"prepTime":10,"totalTime":25,"cookTime":15,"nutrition":{"totalFat":4.6,"totalFatDailyValue":7,"cholestrol":51.6,"cholestrolDailyValue":17,"sodium":185.7,"sodiumDailyValue":8,"carbohydrates":33,"carbohydratesDailyValue":11,"sugars":12.8,"protein":18,"proteinDailyValue":36,"vitaminA":5.5,"vitaminADailyValue":0,"vitaminC":4.8,"vitaminCDailyValue":8}}