{"ingredients":["3-4 tablespoons butter","1 onion, chopped (about 2 cups)","5 carrots, peeled and diced (about 2 cups)","3 celery stalks, sliced into small pieces (about 2 cups)","1/2 cup white wine","6-7 new potatoes, washed and diced","1 1/2 teaspoons dried thyme","4 cups broth (I used chicken broth but veg would work)","2 cups milk","1 tablespoon flour","1 cup cream","12-16 ounces smoked salmon (mine was hot smoked salmon which has a jerky-like texture and is already fully cooked)"],"directions":["Heat the butter in a large pan over medium high heat. Add the onion, carrots, and celery. Saute until fragrant and soft. Add the white wine to deglaze the pan and get all those yummy browned bits up in the mix.","Add the potatoes, thyme, and 2 cups of the broth. Simmer until the potatoes are fork tender. Whisk the flour into the milk and add to the pan (this helps it thicken up a little bit – more flour = more thickening). Add 1 cup of broth and simmer for 5-10 minutes or until the soup starts thickening just slightly.","Add the cream and smoked salmon just before serving. If you let the salmon simmer with the soup for too long, it will get mushy. Taste, adjust, and add the last cup of broth to thin out the consistency of the soup as desired. Season with salt and pepper."],"url":"https://pinchofyum.com/smoked-salmon-chowder","title":"Smoked Salmon Chowder","description":"This Smoked Salmon Chowder is like a hug in a bowl. So cozy and comforting with butter, onions, carrots, thyme, white wine, potatoes, and smoked salmon.","image":"https://pinchofyum.com/wp-content/uploads/smoked-salmon-chowder-in-bowls-recipe-185x185.jpg","servings":"6","review":4.6,"prepTime":10,"totalTime":30,"cookTime":20,"nutrition":{"totalFat":9.9,"totalFatDailyValue":15,"cholestrol":45.8,"cholestrolDailyValue":15,"sodium":774.3,"sodiumDailyValue":32,"carbohydrates":52.4,"carbohydratesDailyValue":17,"sugars":11.3,"protein":21.7,"proteinDailyValue":43,"vitaminA":581.5,"vitaminADailyValue":39,"vitaminC":47.3,"vitaminCDailyValue":79}}