{"ingredients":["1 cup brown sugar","1 cup white sugar","1/2 cup butter, melted","2 eggs, lightly beaten with fork","1 3/4 cups flour","1 teaspoon baking soda","1/2 teaspoon salt","1 1/2 tablespoons unsweetened cocoa powder","1 cup quick cooking oats*","1 3/4 cups boiling water","1 12 oz bag chocolate chips, divided (go for the Ghirardelli*)","6 tablespoons butter","6 tablespoons milk","1 1/2 cups sugar","1/2-3/4 cup chocolate chips (Ghirardelli again, please)","1/2-3/4 cup mini marshmallows*"],"directions":["Preheat oven to 350. With an electric mixer, cream the butter and sugars. Add the eggs and mix well.","Add flour, soda, salt and cocoa and mix until just incorporated. The batter will be very thick.","Add water to oatmeal and let stand for a few minutes. Once oats are soft, add oats/water mixture to the batter and mix well. Stir in half of the bag of chocolate chips (6 ounces).","Pour into a greased or buttered rectangular 9×13 cake pan. Sprinkle the top of the cake with the rest of the bag of chocolate chips (6 ounces).","Bake at 350 for 30-40 minutes or until the surface springs back lightly when touched and your house smells amazing. Do not overbake. Let cool completely.","For the frosting, melt the butter, sugar, and milk in a large saucepan over medium-low heat. Bring to a boil and boil for 30 seconds.","Reduce heat to low and add chocolate chips and marshmallows. Stir or whisk until frosting is smooth. Pour immediately over the cooled cake. The frosting crystallizes almost immediately as it cools so it’s important to get it on the cake while it’s still piping hot. Allow the frosted cake to cool for 5 minutes before serving. Or… not."],"url":"https://pinchofyum.com/the-worlds-best-chocolate-oatmeal-cake","title":"The World’s Best Chocolate Oatmeal Cake","description":"This world’s best chocolate oatmeal cake recipe is from my coworker’s grandma. Made with chocolate chips, cocoa, and oatmeal, topped with fudge frosting.","image":"https://pinchofyum.com/wp-content/uploads/2012/11/best-chocolate-cake-51-183x183.jpg","servings":"20","review":4.6,"prepTime":15,"totalTime":60,"cookTime":45,"nutrition":{"totalFat":15.9,"totalFatDailyValue":24,"cholestrol":40.4,"cholestrolDailyValue":13,"sodium":198.2,"sodiumDailyValue":8,"carbohydrates":60.5,"carbohydratesDailyValue":20,"sugars":47,"protein":4.3,"proteinDailyValue":9,"vitaminA":78,"vitaminADailyValue":5,"vitaminC":0,"vitaminCDailyValue":0}}