{"ingredients":["1 tablespoon oil","1 yellow onion, sliced","1 1/2 lbs. ground turkey","2 tablespoons chili powder","2 tablespoons taco seasoning","3 sweet potatoes, chopped into small pieces (I left the peel on bc I’m lazy)","3 cloves garlic","2 cups water","2-3 cups broth (start with 2)","1 14-ounce can black beans","1/4 teaspoon cayenne for spice (more to taste!)"],"directions":["Heat the oil over medium high heat in a heavy, deep pot. Add the onion, turkey, 1 tablespoon chili powder, and 1 tablespoon taco seasoning. Add water as needed to keep the turkey moist and moving around in the pan. When the turkey is browned and crumbled and the onions are soft, remove from the pan and set aside.","Add the sweet potatoes to the same pot with the remaining spices and stir to combine. When the sweet potatoes have browned just slightly, add the garlic, water, and broth. Bring to a low boil and simmer for 10 minutes or so, until the sweet potatoes are very soft. Using an immersion blender, puree the mixture until it reaches your desired consistency (you can also transfer to a regular blender and puree that way).","Add the browned turkey, black beans, and cayenne – stir to combine."],"url":"https://pinchofyum.com/rockin-5-ingredient-sweet-potato-turkey-chili","title":"Rockin’ 5 Ingredient Sweet Potato Turkey Chili","description":"Sweet Potato Turkey Chili – just five basic ingredients for this delicious real food chili recipe! Sweet potatoes, black beans, turkey, onions, and spices.","image":"https://pinchofyum.com/wp-content/uploads/Sweet-Potato-Turkey-Chili-Recipe-185x185.jpg","servings":"5","review":4.8,"prepTime":15,"totalTime":40,"cookTime":25,"nutrition":{"totalFat":16.4,"totalFatDailyValue":25,"cholestrol":93.9,"cholestrolDailyValue":31,"sodium":660.5,"sodiumDailyValue":28,"carbohydrates":35.1,"carbohydratesDailyValue":12,"sugars":4,"protein":35.7,"proteinDailyValue":71,"vitaminA":629.6,"vitaminADailyValue":42,"vitaminC":5.6,"vitaminCDailyValue":9}}