{"ingredients":["2 14-ounce cans chickpeas, drained and rinsed","1/2 cup coconut milk (more as needed)","1 1/2 tablespoons red curry paste","1 tablespoon curry powder","1 clove garlic","1 teaspoon sea salt"],"directions":["Blend or pulse in a food processor until smooth. Add more coconut oil, olive oil, or water to loosen as needed, depending on how thick you want it. The end!"],"url":"https://pinchofyum.com/curry-hummus","title":"Curry Hummus","description":"Curry Hummus! smooth, creamy, and perfect for a healthy snack or in a wrap for an awesome lunch. gluten & dairy free. YUM.","image":"https://pinchofyum.com/wp-content/uploads/Curry-Hummus-Recipe-185x185.jpg","servings":"12 servings (about 1/4 cup each)","review":5,"prepTime":5,"totalTime":10,"cookTime":5,"nutrition":{"totalFat":5.5,"totalFatDailyValue":8,"cholestrol":0,"cholestrolDailyValue":0,"sodium":256.4,"sodiumDailyValue":11,"carbohydrates":32.8,"carbohydratesDailyValue":11,"sugars":5.8,"protein":10.6,"proteinDailyValue":21,"vitaminA":85.9,"vitaminADailyValue":6,"vitaminC":2.5,"vitaminCDailyValue":4}}