{"ingredients":["2 large chicken breasts (plus salt, pepper, olive oil for seasoning)","1 cup blueberries","2 ripe nectarines","6-8 cups baby spinach","1/4 cup chopped toasted almonds","homemade poppy seed dressing (or store-bought)"],"directions":["Sprinkle the chicken with salt, pepper, olive oil, and any other seasonings you like. I happened to have a random raspberry chipotle seasoning blend in my cupboard, so I rubbed a little bit into the chicken breasts before grilling – it was SO good! Just use whatever seasonings you like and/or have on hand to give the chicken a little extra flavor.","Grill the chicken – I used my panini press to get those really nice browned lines. It worked like a charm. Chop the chicken into bite sized pieces or strips.","Assemble individual salads or toss all ingredients together in a large bowl. Top with poppy seed dressing."],"url":"https://pinchofyum.com/chicken-and-nectarine-poppy-seed-salad","title":"Chicken and Nectarine Poppy Seed Salad","description":"This chicken and nectarine poppy seed salad has grilled chicken, blueberries, nectarines, almonds, spinach, and homemade poppy seed dressing.","image":"https://pinchofyum.com/wp-content/uploads/2013/06/poppy-seed-salad-4-183x183.jpg","servings":"4","review":5,"prepTime":10,"totalTime":20,"cookTime":10,"nutrition":{"totalFat":16.9,"totalFatDailyValue":26,"cholestrol":50.2,"cholestrolDailyValue":17,"sodium":175.8,"sodiumDailyValue":7,"carbohydrates":18.2,"carbohydratesDailyValue":6,"sugars":10.8,"protein":19.6,"proteinDailyValue":39,"vitaminA":269.4,"vitaminADailyValue":18,"vitaminC":20,"vitaminCDailyValue":33}}