{"ingredients":["1 lb. ground pork sausage (I used the “hot” kind)","2 garlic cloves, minced","1 red onion, chopped","2 teaspoons ground cumin","1 tablespoon smoked Spanish paprika","2 teaspoons chili powder","1/2 teaspoon each salt and freshly ground pepper","1/3 cup red wine","2 14 oz. cans fire roasted tomatoes with garlic","2 14 oz. cans white beans","1 14 oz. can hominy","sour cream"],"directions":["Brown meat in a large pot; when done, drain excess fat.","Add onions and garlic to pork and saute over medium-high heat until translucent (about 3 minutes).","Add seasoning and saute for 1 minute. Add red wine and cook for another 5 minutes. Add tomatoes, beans, and hominy. Cover and cook over medium-low heat for about 15 minutes (longer is ok, too)!","Top with sour cream and serve!"],"url":"https://pinchofyum.com/smoky-white-bean-chili-with-pork","title":"Smoky White Bean Chili with Pork","description":"This smoky white bean chili with pork uses ground pork sausage, white beans, and smoked paprika for an added kick of flavor.","image":"https://pinchofyum.com/wp-content/uploads/White-Bean-Chili-3-185x185.jpg","servings":"6","review":5,"prepTime":10,"totalTime":45,"cookTime":35,"nutrition":{"totalFat":18.3,"totalFatDailyValue":28,"cholestrol":44.6,"cholestrolDailyValue":15,"sodium":1016.9,"sodiumDailyValue":42,"carbohydrates":53,"carbohydratesDailyValue":18,"sugars":8.7,"protein":19.9,"proteinDailyValue":40,"vitaminA":61.8,"vitaminADailyValue":4,"vitaminC":14.2,"vitaminCDailyValue":24}}