{"ingredients":["1 egg","2 tablespoons brown sugar","2 tablespoons canola oil","1 teaspoon vanilla","3/4 cups buttermilk (substitute 3/4 cup milk + 2 tsp. white vinegar)","scant 1 cup whole wheat flour","1 tablespoon baking powder (substitute 1 tsp. baking soda + 2 tsp. cream of tartar)","½ teaspoon salt","2 tablespoons water"],"directions":["Whisk the brown sugar into the egg. When the mixture is smooth, add the oil, vanilla, and buttermilk and whisk for 15 seconds.","Add the flour, baking powder, and salt to the bowl and stir until just combined. Add the water and do a test pour of your batter. It should run off smoothly and not have too many bubbles or a “puffy” look. If it looks too thick and puffy, thin it out a little by adding water, one tablespoon at a time, until you get the right consistency.","Pour 1/3 cup batter into a nonstick skillet over medium low heat. When the edges look dry and the top has bubbles, use a spatula to flip the pancakes. Let them cook for another minute or two, until golden brown on both sides. Remove from heat and serving."],"url":"https://pinchofyum.com/whole-wheat-pancakes-for-two","title":"Whole Wheat Pancakes for Two","description":"These whole wheat pancakes are the perfect sized batch for just two people. The best, most fluffy whole wheat pancakes I’ve ever made!","image":"https://pinchofyum.com/wp-content/uploads/2013/04/whole-wheat-pancakes-4-183x183.jpg","servings":"2","review":4.9,"prepTime":10,"totalTime":25,"cookTime":15,"nutrition":{"totalFat":20.9,"totalFatDailyValue":32,"cholestrol":103.1,"cholestrolDailyValue":34,"sodium":723.9,"sodiumDailyValue":30,"carbohydrates":60.5,"carbohydratesDailyValue":20,"sugars":13.9,"protein":14,"proteinDailyValue":28,"vitaminA":83.2,"vitaminADailyValue":6,"vitaminC":0,"vitaminCDailyValue":0}}