{"ingredients":["1 pound boneless, skinless chicken breasts","3 cups salsa, divided","1 1/2 cups water","1 teaspoon cumin","2 teaspoons chili powder","1/2 teaspoon salt","3 bell peppers, minced","1 14 ounce can corn, rinsed and drained","1 jalapeno pepper, minced (without ribs and seeds)","1 14 ounce can black beans, rinsed and drained","4 ounces light cream cheese","6 ounces Pepper Jack cheese","cilantro for topping","blue corn tortilla chips for yummy dippin’"],"directions":["Place the chicken breasts, 1 1/2 cups salsa, water, cumin, chili powder and salt in the crockpot. Cover and cook on high for 3-4 hours or low for 6-7 hours. When the chicken is done, shred the meat directly in the crockpot using two forks.","Pat the minced peppers dry with a paper towel. Place the bell peppers in a large nonstick skillet over high heat without oil. Cook for 4-5 minutes WITHOUT stirring. This creates the browned, roasted look out on the outside of the peppers. Stir once and repeat until the peppers are nice and browned. Set aside. Repeat this process with the corn and jalapeño together.","After the chicken has been shredded, add the roasted peppers, roasted corn and jalapeño, black beans, remaining salsa, and cream cheese to the crockpot. Stir and replace cover, allowing the cream cheese to melt. Adjust the consistency of the soup by adding another 1/2 cup of water if needed. Let the soup simmer for another 15-30 minutes until everything is smooth and melted. Just before serving, stir in the Pepper Jack cheese."],"url":"https://pinchofyum.com/queso-crockpot-chicken-chili-with-roasted-corn-and-jalapeno","title":"Crockpot Queso Chicken Chili","description":"This Queso Crockpot Chicken Chili recipe with roasted corn, jalapeño, and creamy Pepper Jack cheese is full of flavor. Super easy dinner!","image":"https://pinchofyum.com/wp-content/uploads/crockpot-queso-chicken-chili-7-200x300-185x185.jpg","servings":"8","review":5,"prepTime":15,"totalTime":495,"cookTime":480,"nutrition":{"totalFat":15.1,"totalFatDailyValue":23,"cholestrol":76.8,"cholestrolDailyValue":26,"sodium":1124.2,"sodiumDailyValue":47,"carbohydrates":24.3,"carbohydratesDailyValue":8,"sugars":7.6,"protein":24.2,"proteinDailyValue":48,"vitaminA":212.7,"vitaminADailyValue":14,"vitaminC":73.4,"vitaminCDailyValue":122}}