{"ingredients":["4 slices bacon, cut into small pieces","2 carrots, chopped","half of a yellow onion, chopped","4 cloves garlic, minced","1 1/2 tablespoons tomato paste","1 tablespoon flour","4 cups chicken broth (more to thin out the soup at the end as needed)","1/2 teaspoon dried thyme","1 bay leaf","1 28-ounce can whole San Marzano tomatoes","cream (optional – to add at the end as desired)"],"directions":["Fry the bacon in a large soup pot over medium low heat until bacon starts to get crispy and browned, about 5-8 minutes.","Add the carrots, onion, and garlic to the bacon in the pan; saute for 5-10 minutes until the vegetables are very aromatic and tender.","Add the tomato paste – stir for a few minutes until you can see/smell the tomato paste starting to brown and caramelize. Add the flour and stir for a minute or so.","Pour the tomatoes and their juice into a bowl and crush them with your hands. Add the broth, thyme, bay leaf, and tomatoes to the soup pot. Simmer for 30 minutes. Puree in batches and return to the pot. Add cream if you want."],"url":"https://pinchofyum.com/simple-homemade-tomato-soup","title":"Simple Homemade Tomato Soup","description":"Simple Homemade Tomato Soup with carrots, onions, garlic, tomatoes, broth, and bacon for deliciously rich flavor. Extremely easy to make!","image":"https://pinchofyum.com/wp-content/uploads/homemade-tomato-soup-recipe-1-185x185.jpg","servings":"4","review":4.8,"prepTime":10,"totalTime":60,"cookTime":50,"nutrition":{"totalFat":13.1,"totalFatDailyValue":20,"cholestrol":23.5,"cholestrolDailyValue":8,"sodium":1170.1,"sodiumDailyValue":49,"carbohydrates":20,"carbohydratesDailyValue":7,"sugars":5.5,"protein":7.6,"proteinDailyValue":15,"vitaminA":542.7,"vitaminADailyValue":36,"vitaminC":12.9,"vitaminCDailyValue":22}}