{"ingredients":["4 1/2 cups coconut milk (light or thinner coconut milk works best)","3 ounces evaporated milk","3 ounces sweetened condensed milk","1/2 cup sweet corn","1 cups corn starch","1 cup sugar"],"directions":["Mix all ingredients and transfer to a large pot. Bring the mixture to a low boil over medium heat, stirring continuously, until the mixture begins to thicken and bubble. Let the mixture simmer for about 30 minutes.","When the mixture clings to the spoon and no longer drips, transfer to a 9×13 pan. (You should not need to oil the pan.) Allow the mixture to come to room temperature. Chill in the refrigerator for at least 30 minutes or until set. Cut into squares and serve cold or at room temperature."],"url":"https://pinchofyum.com/sweet-corn-maja","title":"Sweet Corn Maja","description":"A Filipino dessert called Maja that contains sweet corn with a creamy coconut milk base. Recipe from the orphanage that I worked at for a year!","image":"https://pinchofyum.com/wp-content/uploads/2013/06/maja-1-183x183.jpg","servings":"12","review":5,"prepTime":5,"totalTime":65,"cookTime":60,"nutrition":{"totalFat":22.5,"totalFatDailyValue":35,"cholestrol":3.2,"cholestrolDailyValue":1,"sodium":35.5,"sodiumDailyValue":1,"carbohydrates":38.9,"carbohydratesDailyValue":13,"sugars":25.7,"protein":3.6,"proteinDailyValue":7,"vitaminA":12,"vitaminADailyValue":1,"vitaminC":4.4,"vitaminCDailyValue":7}}