{"ingredients":["1 1/2 cups Bai5 Limu Lemon","2 cups frozen blueberries","juice and zest of 1 lemon","2 teaspoons light agave nectar","a handful of fresh mint (optional)","1/4 cup yogurt (optional)"],"directions":["Soften the blueberries in the microwave for 30 seconds or just leave them sitting out at room temperature for 20 minutes or so. They should still be partially frozen but soft enough to easily blend.","Blend the blueberries, Bai5 Limu Lemon, lemon juice and zest, agave nectar, mint leaves, and yogurt together until smooth.","Serve immediately topped with a few fresh mint sprigs. If you can’t serve immediately, just be sure to stir or shake the frosted blueberry lemonade before serving because it will separate as it rests."],"url":"https://pinchofyum.com/frosted-blueberry-lemonade","title":"Frosted Blueberry Lemonade","description":"Frosted Blueberry Lemonade – made with just two main ingredients. Super healthy, refreshing, and ready in seconds! So good.","image":"https://pinchofyum.com/wp-content/uploads/frosted-blueberry-lemonade-recipe-1-185x185.jpg","servings":"2","review":5,"prepTime":5,"totalTime":10,"cookTime":5,"nutrition":{"totalFat":1.2,"totalFatDailyValue":2,"cholestrol":0,"cholestrolDailyValue":0,"sodium":6.2,"sodiumDailyValue":0,"carbohydrates":35.1,"carbohydratesDailyValue":12,"sugars":20.1,"protein":0.9,"proteinDailyValue":2,"vitaminA":3.7,"vitaminADailyValue":0,"vitaminC":39.9,"vitaminCDailyValue":67}}