{"ingredients":["1 serving of strongly brewed coffee (about 1 1/2 cups)","1/4 cup cashews (roasted and unsalted is my favorite)","1 tablespoon honey (more or less to taste)","a small pinch of coarse sea salt"],"directions":["Blend all ingredients for about 45 seconds in a high-powered blender. Start on a lower speed and gradually work your way up, ending with about 15 seconds on a very high speed to ensure smooth and creamy texture. Pour into a mug and enjoy, or chill for later (see notes)!"],"url":"https://pinchofyum.com/cashew-coffee","title":"Unbelievably Good Cashew Coffee","description":"The creamiest morning coffee you’ve ever had! Made with just coffee, cashews, honey, and sea salt.","image":"https://pinchofyum.com/wp-content/uploads/Cashew-Coffee-Recipe-185x185.jpg","servings":"1 serving","review":4.9,"prepTime":5,"totalTime":5,"nutrition":{"totalFat":24.9,"totalFatDailyValue":38,"cholestrol":0,"cholestrolDailyValue":0,"sodium":596.1,"sodiumDailyValue":25,"carbohydrates":34.5,"carbohydratesDailyValue":11,"sugars":20.6,"protein":10.8,"proteinDailyValue":22,"vitaminA":0,"vitaminADailyValue":0,"vitaminC":0.4,"vitaminCDailyValue":1}}