{"ingredients":["1 large sweet potato","1/2 cup coarsely sliced yellow onion","1 teaspoon olive oil","1 cup sliced turkey kielbasa sausage","1/2 large Honeycrisp apple","2 tablespoons crumbled bacon","fresh baby spinach","1/4 cup light sour cream","1 tablespoon maple syrup","1/2 tablespoon honey","1 teaspoon each canola oil, red wine vinegar, and water","pinch of cinnamon, salt to taste"],"directions":["Heat oil in a large skillet. Add potatoes and onions and saute until tender, about 5 minutes. Remove from pan and set aside.","Add kielbasa to pan and saute until browned. Add sweet potatoes and onions back into the pan with a little butter (optional) and saute everything over medium-low heat for another 5 minutes blend the flavors. Add raw apples and bacon to the skillet and stir to mix.","Tear the spinach into bite-sized pieces. In a large bowl, toss the spinach with everything in the skillet.","Whisk all ingredients for the dressing (sour cream through cinnamon) and serve over each individual salad."],"url":"https://pinchofyum.com/harvest-salad-with-creamy-maple-sauce","title":"Harvest Salad with Maple Dressing","description":"This harvest salad is loaded with sweet potato, spinach, turkey kielbasa, bacon, apples, and topped with a creamy homemade maple dressing. Yum!","image":"https://pinchofyum.com/wp-content/uploads/harvest-salad-1-185x185.jpg","servings":"2-4","review":4.6,"prepTime":5,"totalTime":25,"cookTime":20,"nutrition":{"totalFat":11.4,"totalFatDailyValue":18,"cholestrol":23.6,"cholestrolDailyValue":8,"sodium":297.5,"sodiumDailyValue":12,"carbohydrates":21.6,"carbohydratesDailyValue":7,"sugars":9.6,"protein":8.2,"proteinDailyValue":16,"vitaminA":284.2,"vitaminADailyValue":19,"vitaminC":4.5,"vitaminCDailyValue":8}}