{"ingredients":["1 cup salted butter, melted","2 cups granulated sugar","1/3 cup DeLallo espresso powder","4 eggs","1 1/2 cups all purpose flour","1 cup unsweetened cocoa powder"],"directions":["Preheat the oven to 350 degrees.","Cream the butter and the sugar. Add the espresso powder and mix until combined. Add eggs and mix until combined. Add the flour and cocoa powder and stir to combine. Add a pinch of sea salt and/or a handful of chocolate chips if you’re feeling ambitious.","Transfer to a 9×13 baking pan lined with parchment paper. Bake for 30 minutes or until set in the middle (I usually like to underbake mine so 30 minutes is just about right for that – if you want more chewy brownies, go for 35-40). Eat and be happy!"],"url":"https://pinchofyum.com/6-ingredient-espresso-brownies","title":"6 Ingredient Espresso Brownies","description":"6 Ingredient Espresso Brownies! With eggs, sugar, butter, flour, cocoa, and espresso. So simple and so very delicious! YUM!","image":"https://pinchofyum.com/wp-content/uploads/espresso-brownies-recipe-1-185x185.jpg","servings":"12-18","review":4.6,"prepTime":10,"totalTime":40,"cookTime":30,"nutrition":{"totalFat":12.2,"totalFatDailyValue":19,"cholestrol":68.4,"cholestrolDailyValue":23,"sodium":98.2,"sodiumDailyValue":4,"carbohydrates":32.3,"carbohydratesDailyValue":11,"sugars":22.4,"protein":3.7,"proteinDailyValue":7,"vitaminA":104,"vitaminADailyValue":7,"vitaminC":0,"vitaminCDailyValue":0}}