{"ingredients":["8 slices bacon (I find that thin bacon works better)","16 dates","4 ounces goat cheese","toothpicks"],"directions":["Preheat the oven to 350 degrees Fahrenheit.","Slice the dates lengthwise on one side to create an opening. Remove the pit.","Using a spoon, stuff a small amount of goat cheese into the cavity of each date and press the sides together to close.","Cut the bacon slices in half. Wrap each date with a slice of bacon and secure with a toothpick.","Arrange evenly on a baking sheet with raised edges (otherwise grease will get everywhere) and bake for 10 minutes. Remove the dates and use the toothpick to turn each one so it’s laying on its side. Bake for another 5-8 minutes, until browned to your liking, and turn the dates to the other side and repeat. Remove from the oven, place on a paper towel lined plate, and let stand for 5 minutes before serving."],"url":"https://pinchofyum.com/bacon-wrapped-dates-with-goat-cheese","title":"Bacon Wrapped Dates with Goat Cheese","description":"Bacon Wrapped Dates with Goat Cheese – a simple 3-ingredient appetizer that will blow you away! Enjoy with a crowd of friends!","image":"https://pinchofyum.com/wp-content/uploads/Bacon-Wrapped-Dates-Recipe-185x185.jpg","servings":"8 (2 dates per serving)","review":4.9,"prepTime":10,"totalTime":30,"cookTime":20,"nutrition":{"totalFat":7.1,"totalFatDailyValue":11,"cholestrol":17.9,"cholestrolDailyValue":6,"sodium":259.3,"sodiumDailyValue":11,"carbohydrates":36.2,"carbohydratesDailyValue":12,"sugars":31.9,"protein":7.4,"proteinDailyValue":15,"vitaminA":45.5,"vitaminADailyValue":3,"vitaminC":0,"vitaminCDailyValue":0}}