{"ingredients":["3 cups flour","3 cups sugar","1 1/2 cup unsweetened cocoa powder","1 tablespoon instant espresso powder (we use DeLallo)","1 tablespoon baking soda","1 1/2 teaspoons baking powder","1 1/2 teaspoons sea salt","4 large eggs","1 1/2 cups plain Greek yogurt (we use Chobani whole milk yogurt)","2 cups water","1/2 cup vegetable oil","1 tablespoon vanilla extract","1 1/2 cups butter, softened","8 ounces cream cheese, softened","1 1/2 cups unsweetened cocoa powder","1 tablespoon vanilla extract","a pinch of salt","7 cups powdered sugar","1/4 cup heavy cream","3-4 cups of chocolate chips"],"directions":["Cake: Preheat the oven to 350 degrees. Grease three 9-inch round cake pans. Whisk the dry ingredients together. Add the wet ingredients and mix until just combined. Divide evenly between the three cake pans. Bake for 35 minutes or until the cakes are set. Let the cakes cool for a while.","Frosting: Cream the ingredients (except chocolate chips) until smooth.","Assembly: Cut two 9-inch round circles from cardboard. Cover with foil. Spread just a little bit of frosting on one of the cardboards and stick the first cake on it (this helps it hold). Stack the cakes up, frosting between each layer, around the outside, and on top. Chill for 30 minutes.","Chocolate Chipping: Spread the chocolate chips in a wide jelly roll pan. Place the other cardboard on top of the chilled cake. Holding the cardboard ends, roll the cake into the chocolate chips, pressing gently to get them to stick (see video)."],"url":"https://pinchofyum.com/blackout-chocolate-cake","title":"Blackout Chocolate Cake","description":"This is the cake for chocolate lovers! Ultramoist chocolate cake, layers of cream cheese chocolate frosting, and an awesome chocolate chip + chocolate drizzle exterior. Recipe based off of this solid Chocolate Blackout Cake from Life Made Simple.","image":"https://pinchofyum.com/wp-content/uploads/Chocolate-Cake-Recipe-185x185.jpg","servings":"8-10 big slices","review":4.7,"prepTime":45,"totalTime":75,"cookTime":30}