{"ingredients":["6-7 cups chicken or vegetable broth","1/2 cup chopped onion","a few cloves of minced garlic","2 teaspoons fresh thyme leaves, minced (adjust to taste)","2 tablespoons butter","1 1/2 cups arborio rice","4 tomatoes, grated or pulsed through a food processor","2 tomatoes, roughly chopped","1/4 cup grated Parmesan cheese","3 large filets of Barramundi (skin on)","olive oil","salt","lemon juice"],"directions":["Heat the chicken broth in a saucepan and keep it warm.","Melt the butter in a large skillet over medium heat. Add the onion, garlic, and thyme. Stir until softened. Add the arborio rice and stir until coated with the butter.","Add 1 cup of warm broth and stir until absorbed. Repeat with 1/2 cup of pulsed tomatoes. Repeat again, alternating between broth and tomatoes, stirring after each addition until all liquid is absorbed. Repeat this process until the risotto is cooked. This will take 20-30 minutes. Add a handful of Parmesan, the remaining chopped tomatoes, and salt to taste and stir to combine.","Heat a large cast iron skillet over high heat. Add a generous swish of olive oil. Pat fish filets with a paper towel and sprinkle with salt and pepper. (I also cut them in half since they were so big! Eyeball it based on the number of people you’re serving.) Add dry filets to the pan, skin side down, and fry for several minutes on each side. It will be hot and it might splatter, so watch out. When the fish is cooked and golden brown/crispy, remove from the pan.","Serve the fish with the risotto and an extra sprinkle of Parmesan.","For a quick pan sauce, toss some butter in the pan that you fried the fish along with a pinch of thyme and lemon juice. Whisk until combined and serve over the fish."],"url":"https://pinchofyum.com/creamy-tomato-risotto-pan-fried-barramundi","title":"Creamy Tomato Risotto with Pan Fried Barramundi","description":"Creamy Tomato Risotto with Pan Fried Barramundi! Slow-simmered tomato parmesan risotto paired with crispy fish. YUM!","image":"https://pinchofyum.com/wp-content/uploads/Barramundi-with-Risotto-Recipe-185x185.jpg","servings":"6","review":4.8,"prepTime":20,"totalTime":60,"cookTime":40,"nutrition":{}}