{"ingredients":["2 cups cooked small tubular pasta","2 cups chopped green beans","2 cups shredded spinach","1 jar Oliviers and Co. basilic – basil and olive oil spread","½ cup Parmesan cheese","salt to taste","fresh lemon juice to taste","3 cloves garlic, minced","¼ cup Oliviers and Co. olive & basil oil","¼ cup Oliviers and Co. organic balsamic vinegar"],"directions":["Toss the cooked pasta with a little olive oil to prevent it from sticking (and to make it extra yummy). Heat a little bit of olive oil in a large skillet over medium heat. Add the green beans and the garlic cloves (if using, which I recommend because it’s delicious) and saute quickly just until the garlic is fragrant and the green beans turn bright green and tender. Toss the green beans and garlic with the pasta. Place in the fridge to cool for 15-20 minutes otherwise you’ll wilt the spinach.","When the pasta is cool, add the spinach, basil and olive oil spread, Parmesan, and salt. Toss, taste, and adjust as necessary. I like to serve each individual portion with a drizzle of the O&Co. olive oil and a splash of balsamic if you like a little tang in there."],"url":"https://pinchofyum.com/five-ingredient-simple-green-pasta-salad","title":"Five Ingredient Simple Green Pasta Salad","description":"This Five Ingredient Green Pasta Salad is fresh, healthy and delicious with just five simple ingredients. New favorite? Yes!","image":"https://pinchofyum.com/wp-content/uploads/2014/08/green-bean-pasta-salad-7-test-full-size-602-183x183.jpg","servings":"4","review":4.7,"prepTime":15,"totalTime":45,"cookTime":30,"nutrition":{"totalFat":120.8,"totalFatDailyValue":186,"cholestrol":77.2,"cholestrolDailyValue":26,"sodium":1684.4,"sodiumDailyValue":70,"carbohydrates":153.1,"carbohydratesDailyValue":51,"sugars":21.6,"protein":75.1,"proteinDailyValue":150,"vitaminA":605.1,"vitaminADailyValue":40,"vitaminC":44.5,"vitaminCDailyValue":74}}