{"ingredients":["your favorite brownie batter","4 ounces cream cheese, softened (can be light)","1/3 cup sugar","1 eggs","1/2 cup peanut butter","1/2 teaspoon vanilla","1/2 teaspoon salt","2 tablespoons cream or milk"],"directions":["Preheat oven to 350. Prepare the brownie batter and spread into a greased 8×8 baking dish.","Using an electric mixer, beat together the cream cheese, eggs, and sugar. Add the peanut butter, adding the cream as necessary to make the mixture more smooth. The consistency should be thick, but smooth enough to easily mix with the electric mixer. Add the vanilla and salt.","Pour mixture over brownie batter and marble with a knife.","Bake for 40 minutes, or until toothpick inserted in the center comes out clean."],"url":"https://pinchofyum.com/peanut-butter-cheesecake-brownies","title":"Peanut Butter Cheesecake Brownies","description":"These peanut butter cheesecake brownies are so simple to make! Thick, rich, chocolate peanut butter cheesecake perfection.","image":"https://pinchofyum.com/wp-content/uploads/peanut-butter-cheesecake-brownies-185x185.jpg","servings":"16","review":5,"prepTime":15,"totalTime":55,"cookTime":40,"nutrition":{"totalFat":10.9,"totalFatDailyValue":17,"cholestrol":18.9,"cholestrolDailyValue":6,"sodium":233.7,"sodiumDailyValue":10,"carbohydrates":32.7,"carbohydratesDailyValue":11,"sugars":22.1,"protein":4.6,"proteinDailyValue":9,"vitaminA":121.6,"vitaminADailyValue":8,"vitaminC":0,"vitaminCDailyValue":0}}