{"ingredients":["1/2 cup grits","2 1/2 cups Almond Breeze Original Almondmilk","1/4 cup olive oil (divided)","2 1/2 teaspoons sea salt (divided)","1 lb. raw shrimp","4 cloves garlic, minced","4 cups cherry tomatoes, halved","1 cup chicken broth","a handful of fresh basil, cut into ribbons"],"directions":["GRITS: In a medium saucepan, bring the almondmilk to a near-boil (it’s ready when it’s steaming). Add the grits and 1 teaspoon salt and whisk until smooth. Reduce heat and cover; let the grits cook for 7-10 minutes, stirring occasionally to prevent clumping or scorching. Stir in 1 tablespoon olive oil (more to taste) and season with more salt as needed.","SHRIMP: In a large skillet over medium heat, heat 1 tablespoon olive oil and 1 clove of the garlic. Add the shrimp, sprinkle with 1/2 teaspoon salt, and cook for a few minutes on each side until pink. Remove from heat.","TOMATO SAUCE: In the same skillet, add the tomatoes, garlic, remaining olive oil. When the tomatoes start breaking apart and letting off their juices, add the chicken broth and simmer for 10-15 minutes. The sauce should thicken as you simmer it and reduce the heat. Add the 1 teaspoon salt, shrimp, and basil. Stir to combine.","SERVE: Divide the grits between four bowls and top with the shrimp/sauce. You can top with additional basil or Parmesan cheese."],"url":"https://pinchofyum.com/garlic-basil-shrimp-and-grits","title":"Garlic Basil Shrimp and Grits","description":"Shrimp and grits made summer-perfect with fresh tomatoes, fresh basil, and lots of garlic and olive oil. Bonus – these grits are creamy and dairy-free thanks to a little almondmilk.","image":"https://pinchofyum.com/wp-content/uploads/summer-shrimp-and-grits-recipe-1-185x185.jpg","servings":"4","review":5,"prepTime":10,"totalTime":40,"cookTime":30,"nutrition":{"totalFat":16.9,"totalFatDailyValue":26,"cholestrol":183.7,"cholestrolDailyValue":61,"sodium":2008.4,"sodiumDailyValue":84,"carbohydrates":12,"carbohydratesDailyValue":4,"sugars":4.2,"protein":26,"proteinDailyValue":52,"vitaminA":133,"vitaminADailyValue":9,"vitaminC":21.3,"vitaminCDailyValue":36}}