{"ingredients":["half of this batch of dough or any other pizza dough**","cinnamon sugar to taste","3/4 cup + 2 tablespoons flour","1/3 cup brown sugar","1/4 cup white sugar","2 tablespoons cold butter, cut into small pieces","2 tablespoons olive oil**","1/4 teaspoon salt","1/2 cup powdered sugar","1 tablespoon real maple syrup","1 tablespoon heavy cream"],"directions":["Crust: Preheat the oven to 425. Generously oil a round cake pan. Place the ball of dough in the cake pan and press outwards until the edges of the dough are creeping up the sides of the pan. Sprinkle the dough lightly with cinnamon sugar.","Crumbs: Pulse the flours and sugars in a food processor with the butter and oil (or form crumbs with your hands). Pulse JUST until crumbs form and sprinkle over the pizza on top of the unbaked crust.","Bake for anywhere from 8-10 minutes. When the crust and topping are golden brown, remove from oven and allow to cool slightly.","Whisk the powdered sugar, maple syrup, and cream together. Adjust consistency with a little extra water or milk. Drizzle over the warm pizza. Cut into wedges and serve with coffee or a big glass of milk. Mmm."],"url":"https://pinchofyum.com/deep-dish-cinnamon-streusel-dessert-pizza","title":"Deep Dish Cinnamon Streusel Dessert Pizza","description":"This Deep Dish Cinnamon Streusel Dessert Pizza has buttery brown sugar streusel crumbles and creamy maple glaze. 30 minutes from start to finish!","image":"https://pinchofyum.com/wp-content/uploads/2013/09/dessert-pizza-2-183x183.jpg","servings":"8","review":5,"prepTime":20,"totalTime":30,"cookTime":10,"nutrition":{"totalFat":7.2,"totalFatDailyValue":11,"cholestrol":9.8,"cholestrolDailyValue":3,"sodium":135.2,"sodiumDailyValue":6,"carbohydrates":44.6,"carbohydratesDailyValue":15,"sugars":26.1,"protein":2.8,"proteinDailyValue":6,"vitaminA":32.1,"vitaminADailyValue":2,"vitaminC":0,"vitaminCDailyValue":0}}