{"ingredients":["2 whole grain ciabatta rolls","1 whole zucchini","1 whole summer squash","1 tomato","1/4 cup parmesan cheese","4 tbs. pesto"],"directions":["Chop the vegetables into coin-shaped pieces. Grill them on the grill or in a skillet with a little oil, salt, and pepper until just tender-crisp.","Stack them on the ciabatta. Top with a tablespoon of pesto. Place a slice of tomato on top. Sprinkle or grate parmesan cheese on the tomato, and place in the oven (without the top half of the bun) on broil/high broil for 3-5 minutes.","Add another tablespoon of pesto to the inside top half of the bun, replace it on the sandwich, and enjoy!"],"url":"https://pinchofyum.com/parmesan-pesto-veggie-sandwich","title":"Parmesan Pesto Veggie Sandwich","description":"Parmesan and pesto make this grilled veggie sandwich full of flavor! Just a few ingredients and simple preparation to make this vegetarian meal.","image":"https://pinchofyum.com/wp-content/uploads/Parmesan-Pesto-Veggie-Sandwich-300x300-1-185x185.jpeg","servings":"2","prepTime":15,"totalTime":25,"cookTime":10}