{"ingredients":["3 large, ripe bananas","3 tablespoons natural peanut butter","1/4 teaspoon vanilla extract","a super teeny-tiny dash of cinnamon","sea salt to taste","roasted peanuts for topping"],"directions":["Cut the bananas into small chunks and freeze until solid, at least 1-2 hours. Transfer the bananas to a very strong blender and blend until smooth and creamy. This will take a few minutes and may require periodic pauses and adjustments. It’s very loud and intense since the bananas are frozen, similar to adding ice cubes to a blender. Within a few minutes, you should be seeing a thick, creamy ice-creamy mixture in the blender.","Add the peanut butter, vanilla extract, cinnamon, sea salt, and anything else you might like in there. Pulse the blender quickly to stir the ingredients all together and when everything is mixed, serve immediately. Top with additional peanut butter and crushed roasted peanuts."],"url":"https://pinchofyum.com/peanut-butter-banana-ice-cream","title":"Peanut Butter Banana Ice Cream","description":"This dreamy Peanut Butter Banana Ice Cream is naturally sweet with just bananas, peanut butter, vanilla, and cinnamon. 300 calories. YUM!","image":"https://pinchofyum.com/wp-content/uploads/banana-ice-cream-72-Square-183x183.jpg","servings":"2","review":4.6,"prepTime":10,"totalTime":130,"cookTime":120,"nutrition":{"totalFat":9.8,"totalFatDailyValue":15,"cholestrol":0,"cholestrolDailyValue":0,"sodium":147.6,"sodiumDailyValue":6,"carbohydrates":50.1,"carbohydratesDailyValue":17,"sugars":24.2,"protein":8.9,"proteinDailyValue":18,"vitaminA":5.3,"vitaminADailyValue":0,"vitaminC":15.4,"vitaminCDailyValue":26}}