{"ingredients":["7 russet potatoes (about 2 1/2 pounds)","2 teaspoons salt, divided","1/4 cup butter","1/4 cup olive oil","1/2 cup cream cheese","1/4 cup Parmesan cheese (optional)","fresh sage, rosemary, thyme, and/or garlic (optional, but so good — see notes)"],"directions":["Cook the potatoes: Peel the potatoes. Place in the Instant Pot (affiliate link) and cover with water (about 4 cups). Add a teaspoon of salt. Cook on the steam setting for 12 minutes. Release steam right away. Drain.","Mash and mix: Using a potato masher (ideal) or the back of a wooden spoon (workable), mash the potatoes. Let the steam escape for a few minutes. Then mix in the butter, olive oil, cream cheese, Parmesan cheese, and the rest of the salt. Season generously with salt. You’re done! So good, so easy."],"url":"https://pinchofyum.com/instant-pot-mashed-potatoes","title":"The Best Instant Pot Mashed Potatoes","description":"Mashed Potatoes made in the Instant Pot! They are so creamy, so fluffy, and SO GOOD. From start to finish in 30 minutes, all in one pot!","image":"https://pinchofyum.com/wp-content/uploads/Mashed-Potatoes-in-Instant-Pot-1-185x185.jpg","servings":"8 1/2-cup servings","review":4.6,"prepTime":10,"totalTime":30,"cookTime":20,"nutrition":{"totalFat":18.6,"totalFatDailyValue":29,"cholestrol":31.7,"cholestrolDailyValue":11,"sodium":724.2,"sodiumDailyValue":30,"carbohydrates":34.6,"carbohydratesDailyValue":12,"sugars":1.7,"protein":5.9,"proteinDailyValue":12,"vitaminA":98.9,"vitaminADailyValue":7,"vitaminC":10.6,"vitaminCDailyValue":18}}