{"ingredients":["1 bag southwestern salad mix – Dole Chopped BBQ Ranch Salad Kit is THE BEST. Hands down.","1 can black beans, drained and rinsed","1 avocado, cubed","shredded chicken, quinoa, or other protein of choice"],"directions":["Cook the chicken (or other protein). I like shredded chicken, so I usually opt for cooking one pound of chicken breasts in the Instant Pot (15 minutes) or slow cooker (3-4 hours) with a jar of salsa or some taco seasoning.","Toss your salad ingredients together. YUM YUM YUM."],"url":"https://pinchofyum.com/cheaters-power-salad","title":"Cheater’s Power Salad","description":"Cheater’s Power Salad – kale, cabbage, avocado, green onion, cilantro, black beans, crispy onions, tortilla strips, chicken, and BBQ ranch dressing, made from a salad mix! I KNOW. perfect for easy lunches!","image":"https://pinchofyum.com/wp-content/uploads/Cheaters-Power-Salad-Recipe-185x185.jpg","servings":"2-4","review":4.9,"prepTime":5,"totalTime":20,"cookTime":15,"nutrition":{"totalFat":20.4,"totalFatDailyValue":31,"cholestrol":46.4,"cholestrolDailyValue":15,"sodium":725,"sodiumDailyValue":30,"carbohydrates":36.5,"carbohydratesDailyValue":12,"sugars":7.1,"protein":22.9,"proteinDailyValue":46,"vitaminA":910.4,"vitaminADailyValue":61,"vitaminC":37.1,"vitaminCDailyValue":62}}