{"ingredients":["1 lb extra lean ground turkey","1 clove garlic, minced","2 tablespoons canned chipotles in adobo sauce (pureed)","1 tablespoon chili powder","1 teaspoon salt","1/2 teaspoon pepper"],"directions":["Mix everything together until well incorporated. Add extra chipotle sauce or chili powder for more heat. Let sit for several hours or overnight.","Form into 4 patties. Make a dent with your thumb in the bottom side of each burger. Dent side down, grill on medium high heat. Don’t press on the burgers. Flip after a few minutes and cook through until no longer pink.","Serve on a bun with smeared avocado and nectarine salsa!"],"url":"https://pinchofyum.com/chipotle-turkey-burger","title":"Chipotle Turkey Burger","description":"These chipotle turkey burgers are easy to make and topped with a nectarine-basil salsa. Perfect for an easy summer grill meal!","image":"https://pinchofyum.com/wp-content/uploads/chipotle-burger-bite-185x185.jpg","servings":"4","review":5,"prepTime":10,"totalTime":25,"cookTime":15,"nutrition":{"totalFat":3.7,"totalFatDailyValue":6,"cholestrol":62.5,"cholestrolDailyValue":21,"sodium":2062.1,"sodiumDailyValue":86,"carbohydrates":10.4,"carbohydratesDailyValue":3,"sugars":4.7,"protein":15.7,"proteinDailyValue":31,"vitaminA":32.4,"vitaminADailyValue":2,"vitaminC":13.6,"vitaminCDailyValue":23}}