{"ingredients":["half a loaf of pumpkin bread, sliced thickly (about 6 pieces)","3 eggs","1/2 cup whole milk","a splash of vanilla"],"directions":["Whisk the eggs, milk, and vanilla together. Heat a nonstick or oiled skillet over medium high heat.","Dip each piece of pumpkin bread in the mixture and soak for about 20 seconds. Let excess drip off, then transfer to the hot skillet and fry for a few minutes on each side (and repeat if needed) until both sides are golden brown and almost crispy (but the insides will still be soft).","Serve with butter, maple syrup, and toasted coconut. And everything else in the world because French toast toppings are the most fun."],"url":"https://pinchofyum.com/pumpkin-bread-french-toast","title":"Pumpkin Bread French Toast","description":"Pumpkin Bread French Toast – easy recipe with eggs, milk, vanilla, and a few pieces of pumpkin bread. Golden brown, sticky sweet brunch perfection.","image":"https://pinchofyum.com/wp-content/uploads/Pumpkin-Bread-French-Toast-Nespresso-Recipe-185x185.jpg","servings":"6 thick pieces French toast","review":5,"prepTime":10,"totalTime":20,"cookTime":10,"nutrition":{"totalFat":4.7,"totalFatDailyValue":7,"cholestrol":93.4,"cholestrolDailyValue":31,"sodium":171.6,"sodiumDailyValue":7,"carbohydrates":13.6,"carbohydratesDailyValue":5,"sugars":3.7,"protein":5.6,"proteinDailyValue":11,"vitaminA":40.4,"vitaminADailyValue":3,"vitaminC":0,"vitaminCDailyValue":0}}