{"ingredients":["1 cup salted butter (melted and cooled – directions in step one)","1 1/2 cups granulated sugar","2 teaspoons vanilla","2 eggs","3 tablespoons strong coffee","2 2/3 cup all purpose flour (more if it’s too sticky)","1/2 cup cocoa powder","1 teaspoon baking soda","1/2 teaspoon salt","2 cups chocolate chips"],"directions":["Prepping the Butter: Melt 1/2 cup butter in the microwave for 30-45 seconds or until completely melted. Transfer to the refrigerator or freezer and cool until solid, about 30 minutes. Leave the other 1/2 cup butter out on the counter to bring it to room temperature. If the butter is rock solid (usually from the freezer) I stick it back in the microwave for 10 seconds to get it workable again. See notes for more info.","Dough Part One: Preheat the oven to 350 degrees. With an electric mixer (I usually just use a hand-held one), cream the melted/solid butter, room temperature butter, sugar, and vanilla until creamy and fluffy. Add the eggs and mix until just incorporated.","Dough Part Two: In a separate bowl, combine the flour, cocoa powder, baking soda, and salt. Add the flour mixture to the creamy butter mixture and mix until incorporated, adding the coffee gradually as you go. The dough should be thick and sticky, but dry enough to touch with your hands without making a huge mess. If it’s still too sticky, add more flour. Stir in the chocolate chips.","Baking: Roll the dough into even balls (I got about 20 out of the whole batch) and place on a baking sheet lined with parchment paper. Bake for 8 minutes and transfer to a cooling rack right away. They will be underdone and super puffy, which makes them perfectly soft, thick, and fudgy when cooled."],"url":"https://pinchofyum.com/thick-fudgy-double-chocolate-cookies","title":"Thick and Fudgy Double Chocolate Cookies","description":"These Thick and Fudgy Double Chocolate Cookies are rich, decadent, and perfect with a glass of cold milk. I’ll take 50, please!","image":"https://pinchofyum.com/wp-content/uploads/chocolate-cookies-31-200x300-185x185.jpg","servings":"18-20 very big cookies","review":4.5,"prepTime":20,"totalTime":30,"cookTime":10,"nutrition":{"totalFat":16.5,"totalFatDailyValue":25,"cholestrol":43,"cholestrolDailyValue":14,"sodium":202.1,"sodiumDailyValue":8,"carbohydrates":42.7,"carbohydratesDailyValue":14,"sugars":27.9,"protein":4.3,"proteinDailyValue":9,"vitaminA":85.6,"vitaminADailyValue":6,"vitaminC":0,"vitaminCDailyValue":0}}