{"ingredients":["1/4 cup chopped fresh cilantro","1 tablespoons fresh lime juice","1/4 teaspoon chili powder","2 garlic cloves, minced","1 (15-ounce) can black beans, rinsed and drained","ham","provolone","mango slices","wheat bread (needs to be pretty sturdy)","black bean puree (see above)"],"directions":["Spread bean mixture evenly on bottom halves of the prepared rolls. Layer bread evenly with ham, mango, and provolone cheese; top with another slice of bread.","Spread with butter (or grease the pan). Grill in a skillet or Panini Press until golden brown."],"url":"https://pinchofyum.com/nuevo-cubano-sandwiches","title":"Nuevo Cubano Sandwiches","description":"This nuevo cubano sandwich combines black bean cilantro puree, sliced mango, ham, and cheese layered between panini grilled bread. A twist on the Cuban!","image":"https://pinchofyum.com/wp-content/uploads/Nuevo-Cubano-Sandwich-Recipe-185x185.jpeg","prepTime":15,"totalTime":25,"cookTime":10}