{"ingredients":["1 box mix of chocolate cake (or you can make it from scratch! you just need the standard amount of cake for a 9×13 pan)","1 12.5 ounce can Wholesome! organic chocolate frosting","1 cup chocolate chips","1/2 teaspoon peppermint extract","almond bark for coating","melted chocolate for drizzling","sprinkles for decorating"],"directions":["Bake the cake according to package directions (I usually underbake just a little bit).","Crumble cake into a large mixing bowl. Using your (clean) hands, mix the can of frosting and peppermint in with the cake until a smooth, even mixture forms, kind of like a cookie dough. Mix in the chocolate chips and pop into the fridge for a few minutes to cool so it’s easier to work with. Roll into balls and freeze until solid.","Melt the almond bark. Roll each ball in the almond bark, set on wax paper or foil, drizzle with melted chocolate, and top with sprinkles, and wait for them to set. Transfer back to the fridge or freezer for storage until Christmas! ????"],"url":"https://pinchofyum.com/cake-bites","title":"Sparkly Holiday Cake Bites","description":"Minty Chocolate Cake Bites! Incredibly easy and perfect for the holidays.","image":"https://pinchofyum.com/wp-content/uploads/Cake-Truffles-Recipe-185x185.jpg","servings":"about 30 truffles","review":5,"prepTime":15,"totalTime":20,"cookTime":5}