{"ingredients":["1 cup long grain white rice (quinoa also works – see notes)","1 cup water","14 ounces of fresh salsa (undrained canned tomatoes also work)","1/2 teaspoon salt","1 teaspoon oil","about 1 lb. chicken breasts, cut into 4-6 smallish pieces","lots of spices like cumin, chili powder, garlic powder, and cayenne (taco seasoning also works)","1 14-ounce can black beans, rinsed and drained","a handful of chopped fresh cilantro","sunshine sauce (click for recipe)"],"directions":["Cook: Place the rice, water, tomatoes, salt, and oil in the pot. Stir to combine. Place the chicken pieces on top and sprinkle generously with your favorite spices and some salt. Turn the instant pot on high pressure for 7-8 minutes. When done, use the quick release valve for the steam.","Mix: Remove the chicken. Mix the black beans (and maybe a little sunshine sauce) in with the rice.","Meal Prep Yourself: Divide the rice and beans amongst 4-6 meal prep containers (affiliate link). Top each with a piece of chicken. Sprinkle with cilantro and drizzle with a spoonful of sauce."],"url":"https://pinchofyum.com/spicy-chicken-meal-prep","title":"Spicy Chicken Meal Prep with Rice and Beans","description":"Spicy Chicken Meal Prep with rice and beans + a yummy cilantro sauce = healthy meal prep to last you all week! Meal planning that is healthy, delicious, AND beautiful!","image":"https://pinchofyum.com/wp-content/uploads/Chicken-Meal-Prep-Recipe-185x185.jpg","servings":"4","review":4.8,"prepTime":10,"totalTime":20,"cookTime":10,"nutrition":{"totalFat":4.8,"totalFatDailyValue":7,"cholestrol":82.7,"cholestrolDailyValue":28,"sodium":1571.7,"sodiumDailyValue":65,"carbohydrates":39.1,"carbohydratesDailyValue":13,"sugars":4.9,"protein":34.9,"proteinDailyValue":70,"vitaminA":47.2,"vitaminADailyValue":3,"vitaminC":5.4,"vitaminCDailyValue":9}}