{"ingredients":["2 18 ounce rolls of pre-made cookie dough","OR homemade cookie dough","1/2 gallon vanilla ice cream"],"directions":["Roll half of the dough into a 8×8 pan lined with parchment paper and bake at 350 (or temperature for your specific dough) for about 25 minutes, or until edges and top are golden brown. Underbaking is recommended! Let cool and lift out of the baking dish. Repeat with other half of the dough, or if you had 2 of the same sized pan you could do it at the same time. Be sure to let the cookie layers cool for several hours.","Leave one cookie layer in the pan; top with ice cream, pressing firmly to make a tight layer. Top with other cookie layer and press firmly. Freeze until ready to serve; thaw for a few minutes before eating."],"url":"https://pinchofyum.com/chocolate-chip-cookie-ice-cream-bars","title":"Chocolate Chip Cookie Ice Cream Bars","description":"These simple chocolate chip cookie ice cream bars have a layer of soft-baked cookies on the top and bottom, with vanilla ice cream in the middle.","image":"https://pinchofyum.com/wp-content/uploads/cookie-ice-cream-185x185.jpg","servings":"9","review":5,"prepTime":5,"totalTime":65,"cookTime":60,"nutrition":{"totalFat":25,"totalFatDailyValue":38,"cholestrol":55.6,"cholestrolDailyValue":19,"sodium":276.2,"sodiumDailyValue":12,"carbohydrates":62.4,"carbohydratesDailyValue":21,"sugars":46.5,"protein":6.4,"proteinDailyValue":13,"vitaminA":140.7,"vitaminADailyValue":9,"vitaminC":0.7,"vitaminCDailyValue":1}}