{"ingredients":["3/4 cup white sugar","1/2 cup oil (I used olive oil)","2 eggs","1/2 cup honey","1 teaspoon vanilla","1 cup whole wheat flour","1 cup all purpose flour","1 teaspoon baking powder","1 teaspoon baking soda","1 teaspoon salt","1 teaspoon cinnamon","4 minced apples (about 2-3 cups)","2 tablespoons butter","1¼ cups powdered sugar","1 teaspoons vanilla","1 tbs. maple syrup","1-2 tablespoons water"],"directions":["Preheat the oven to 325 degrees. Generously grease a bundt pan (mine is about 9 inches across the top). Whisk the sugar and oil together until smooth. Whisk in the eggs, honey, and vanilla.","In a separate bowl, combine the flours, baking powder, baking soda, salt, and cinnamon. Gently stir the dry mixture into the wet mixture until just combined.","Core the apples and mince them in a food processor. Fold the apples into the batter. Pour into the prepared bundt pan 3/4 of the way up the side of the pan. Don’t overfill! It’ll be a mess and it won’t bake through. Bake for 50 minutes, let stand for 10 minutes, and invert onto a place.","For the glaze, melt butter in saucepan. Add powdered sugar and vanilla – it will be thick and sticky. Stir in maple syrup. Add water until desired consistency is reached."],"url":"https://pinchofyum.com/whole-wheat-honey-apple-bundt-cake","title":"Whole Wheat Honey Apple Bundt Cake","description":"This whole wheat honey apple bundt cake is a loaded with whole wheat flour, sweet honey, and fresh apples, and then glazed to perfection. SO good.","image":"https://pinchofyum.com/wp-content/uploads/2013/10/Whole-Wheat-Honey-Apple-Bundt-Cake-1-183x183.jpg","servings":"16","review":5,"prepTime":30,"totalTime":90,"cookTime":60,"nutrition":{"totalFat":9.4,"totalFatDailyValue":14,"cholestrol":27.1,"cholestrolDailyValue":9,"sodium":246.3,"sodiumDailyValue":10,"carbohydrates":44.8,"carbohydratesDailyValue":15,"sugars":31.3,"protein":2.8,"proteinDailyValue":6,"vitaminA":23.5,"vitaminADailyValue":2,"vitaminC":2.2,"vitaminCDailyValue":4}}