{"ingredients":["2 cans black beans, rinsed and drained","1 teaspoon chili powder","1 teaspoon cumin","1/4 teaspoon cayenne pepper (more for spicy)","salt and olive oil","3-4 tomatoes, chopped","1 medium avocado, cubed","2 cups shredded lettuce","2/3 cup plain yogurt, Greek yogurt, or sour cream","1/2 cup packed cilantro leaves (more to taste)","3 cloves garlic","1 teaspoon salt","4-6 flour tortillas"],"directions":["Preheat the broiler. Puree the black beans, chili powder, cumin, and cayenne in a blender or food processor, adding a tablespoon of oil (or water) at a time to help the mixture move. I pureed for a minute or two but still left some texture.","In a food processor or blender, puree the cilantro, yogurt, garlic, and salt, adjusting the seasoning with more cilantro/salt/yogurt to your tastes.","Place tortillas in the oven directly on the rack, taking care that the edges are supported (otherwise they will bend through the cracks and it will be bent in a funny shape). Let the tortillas bake for 3-5 minutes on both sides until they are browned and crispy.","Top the crispy tortillas with black beans, tomatoes, avocados, and lettuce. Drizzle with cilantro sauce."],"url":"https://pinchofyum.com/healthy-black-bean-tostadas-with-cilantro-sauce","title":"Healthy Black Bean Tostadas with Cilantro Sauce","description":"These healthy black bean tostadas are built on baked tortillas and drizzled with a homemade healthy cilantro sauce. Super fresh and yummy!","image":"https://pinchofyum.com/wp-content/uploads/black-bean-tostadas12-185x185.jpg","servings":"4","review":5,"prepTime":20,"totalTime":25,"cookTime":5,"nutrition":{"totalFat":13.2,"totalFatDailyValue":20,"cholestrol":5.3,"cholestrolDailyValue":2,"sodium":1383.5,"sodiumDailyValue":58,"carbohydrates":75.4,"carbohydratesDailyValue":25,"sugars":8.1,"protein":22.1,"proteinDailyValue":44,"vitaminA":94.5,"vitaminADailyValue":6,"vitaminC":38.2,"vitaminCDailyValue":64}}