{"ingredients":["1 lb. pork shoulder","1 lb. dry pinto beans (rinsed)","6 ounces light beer","1 15-ounce can fire roasted tomatoes","6 cloves garlic, minced","2 jalapeno peppers or other hot chili, minced (ribs and seeds removed to keep it mild)","2 teaspoons chili powder*","2 teaspoons cumin*","1/2 teaspoon cayenne pepper*","*AND/OR a tablespoon or two of taco seasoning (I used them all)","generous pinch or two of salt","1 1/2 cups water","3/4 cup shredded cheese (I used Mozzarella)","12+ flour tortillas"],"directions":["Place the pork shoulder in the slow cooker. Cover with dry pinto beans, beer, tomatoes, garlic, jalapenos, chili powder, cumin, cayenne, taco seasoning, salt, and 1 1/2 cup water. Cook on low heat for 6-8 hours or high heat for 4-6 hours. Don’t open the lid – it adds to the cooking time.","Remove the lid after the cooking time and shred the pork using two forks. You can do this directly in the slow cooker. If it’s too runny, continue to cook with the cover off for a little while. If it’s too dry, add more water.","Sprinkle cheese on top, replace the lid, and cook for another 30 minutes to allow the cheese to melt.","Meanwhile, preheat the broiler. Place tortillas directly on the oven rack and bake for 2 minutes or until golden brown. Flip the tortillas and bake for another 1-2 minutes under golden brown and crunchy. Be careful because they burn easily! Remove from oven and allow to cool.","Top each tortilla with pork and bean mixture and sour cream."],"url":"https://pinchofyum.com/crockpot-chalupas","title":"Crockpot Chalupas","description":"These crockpot chalupas are so easy to make and so addicting! Shredded Mexican flavored pork and pinto beans over a baked crispy tortilla. Yum!","image":"https://pinchofyum.com/wp-content/uploads/2012/12/crockpot-chalupas-4-183x183.jpg","servings":"12","review":4.8,"prepTime":5,"totalTime":485,"cookTime":480,"nutrition":{"totalFat":7.4,"totalFatDailyValue":11,"cholestrol":28.8,"cholestrolDailyValue":10,"sodium":622,"sodiumDailyValue":26,"carbohydrates":47.8,"carbohydratesDailyValue":16,"sugars":1,"protein":20.4,"proteinDailyValue":41,"vitaminA":28.1,"vitaminADailyValue":2,"vitaminC":6.9,"vitaminCDailyValue":11}}