{"ingredients":["1 14-ounce can chickpeas, drained and rinsed","chili powder, salt, and pepper","1 head cauliflower, cut into florets","1 apple, sliced thin","1 shallot, sliced thin","a handful of parsley and mint, chopped","2 firm avocados, cut into chunks","2 tablespoons grainy mustard","2 tablespoons honey","1/4 cup olive oil","1/4 cup water","juice and zest of one lime","salt and pepper, to taste"],"directions":["Chickpeas: Preheat oven to 400 degrees. Place chickpeas on a baking sheet lined with parchment. Drizzle with olive oil and sprinkle with chili powder, salt, and pepper to taste. Roast for 20-30 minutes until crispy and browned.","Cauliflower Prep: Working in batches, run the cauliflower florets through a food processor until you get “rice” – it should take about 20-30 pulses.","Dressing: Shake up all the ingredients in a jar, or whisk together. Taste and adjust.","Assembly: Toss everything together. That’s it!"],"url":"https://pinchofyum.com/spring-detox-cauliflower-salad","title":"Spring Detox Cauliflower Salad","description":"An herby, fresh vegan power salad featuring cauliflower, apples, shallots, roasted spiced chickpeas, and a quick grainy mustard dressing.","image":"https://pinchofyum.com/wp-content/uploads/Cauliflower-Salad-Recipe-185x185.jpg","servings":"4","review":4.9,"prepTime":20,"totalTime":40,"cookTime":20,"nutrition":{"totalFat":30.9,"totalFatDailyValue":47,"cholestrol":0,"cholestrolDailyValue":0,"sodium":241.3,"sodiumDailyValue":10,"carbohydrates":44.3,"carbohydratesDailyValue":15,"sugars":20.4,"protein":9.6,"proteinDailyValue":19,"vitaminA":12.5,"vitaminADailyValue":1,"vitaminC":60.3,"vitaminCDailyValue":101}}