{"ingredients":["1 rotisserie chicken, meat pulled off and shredded","2 small heads Chinese green cabbage, shredded","2 cups frozen peas","2 large carrots, shredded","2 cucumbers, diced","1/2 cup chopped green onion","1/2 cup sweet chili garlic sauce","6 tablespoons honey","5 tablespoons sesame oil","3 tablespoons vinegar","4 tablespoons lime juice (I used calamansi – yum)","2 teaspoons wasabi paste","crushed peanuts for topping"],"directions":["Cook the peas according to directions. Drain and let cool slightly.","Combine chicken, cabbage, peas, carrots, cucumbers, and green onions. Toss to combine. Cover and chill for an hour.","Whisk the chili sauce, honey, oil, vinegar, lime juice, and wasabi paste until well mixed. Chill for an hour.","Pour dressing over salad and toss well. Sprinkle each serving with crushed peanuts."],"url":"https://pinchofyum.com/asian-chicken-salad-with-sesame-chili-vinaigrette","title":"Asian Chicken Salad with Sesame Chili Vinaigrette","description":"This Asian chicken salad has chicken, lots of veggies, and is topped with a seriously addicting homemade sesame chili vinaigrette.","image":"https://pinchofyum.com/wp-content/uploads/2012/08/IMG_0042-2-183x183.jpg","servings":"4-6","review":5,"prepTime":30,"totalTime":35,"cookTime":5,"nutrition":{"totalFat":22.2,"totalFatDailyValue":34,"cholestrol":115.2,"cholestrolDailyValue":38,"sodium":1084.9,"sodiumDailyValue":45,"carbohydrates":45.4,"carbohydratesDailyValue":15,"sugars":27.2,"protein":41.1,"proteinDailyValue":82,"vitaminA":425.8,"vitaminADailyValue":28,"vitaminC":28.3,"vitaminCDailyValue":47}}