{"ingredients":["1 lb. ground pork sausage","1 heaping tablespoon taco seasoning*","1/4 teaspoon cayenne","1 14-ounce can black beans, rinsed","1 1/2 cups salsa","1/2 cup water","2 tablespoons butter","3 tablespoons flour","1 3/4 cups milk","1 cup shredded cheese","fresh cilantro and/or green onions"],"directions":["In a large skillet, brown the sausage until golden brown and crumbled into small pieces. Drain off excess oil. Add the taco seasoning, cayenne, black beans, salsa, and water if it seems like it needs a little more liquid (this will depend on what kind of salsa you use). The consistency should be like a very thick chili.","Melt the butter in a small saucepan over medium high heat. Add the flour and stir to form a paste. Slowly stream the milk in a little bit at a time, whisking a little bit after each addition. The sauce should thicken up gradually – continue to whisk in the liquid in small amounts and simmer until the sauce is thick enough to stick to the back of the spoon. Stir in the cheese until melted. Add the cheese sauce to the chili in the skillet from step one. Mix until well combined – stir in cilantro or green onions to taste.","Transfer to a mini slow cooker (perfect for parties!) or a serving dish. Or just keep it on the stove so it stays warm. This can also be made a day or two in advance – the flavors just keep on getting better. 🙂"],"url":"https://pinchofyum.com/homemade-cheesy-chili-dip","title":"Homemade Cheesy Chili Dip","description":"This Homemade Cheesy Chili Dip is made without the processed cheese! Just homemade spicy chili and creamy cheese sauce. Deeeelish!","image":"https://pinchofyum.com/wp-content/uploads/cheesy-chili-dip-recipe-185x185.jpg","servings":"makes about 6 cups - about 12 half cup servings","review":4.9,"prepTime":10,"totalTime":25,"cookTime":15,"nutrition":{"totalFat":14.7,"totalFatDailyValue":23,"cholestrol":55.8,"cholestrolDailyValue":19,"sodium":778.5,"sodiumDailyValue":32,"carbohydrates":12,"carbohydratesDailyValue":4,"sugars":3.4,"protein":18.3,"proteinDailyValue":37,"vitaminA":70,"vitaminADailyValue":5,"vitaminC":1.7,"vitaminCDailyValue":3}}