{"ingredients":["1/3 cup olive oil","a few good squeezes of lemon juice (totaling about 3 tablespoons)","1/2 teaspoon salt","2 cups uncooked quinoa","1 bunch kale","1 avocado","1 lb. boneless skinless chicken breasts","sesame seeds or crushed red pepper flakes for topping","1 16 ounce jar sun dried tomatoes, drained","1-2 cloves garlic","½ teaspoon salt (more to taste – I prefer more like 1 teaspoon)","juice of one lemon","½ cup olive oil","½ cup almonds"],"directions":["MARINATE: Whisk the marinade ingredients together. Cut the kale. Marinate the chicken and the kale (separate bags, please!) in the marinade sauce in the fridge. In terms of timing, your best bet is to let the kale go overnight, but the chicken doesn’t need quite as long – the lemon juice starts to mess with the texture after a while, so if you can, try for 30 minutes to 2 hours of marinating with the chicken.","COOK CHICKEN: Place a nonstick pan over medium high heat. Add the chicken and saute until golden brown on both sides and cooked through. Let stand a few minutes before cutting.","QUINOA: Cook the quinoa according to package directions. When the quinoa is done, stir 1/2 cup of the sauce throughout to distribute.","SUN DRIED TOMATO SAUCE: While the quinoa cooks, make the tomato sauce by pulsing everything together in a food processor (add almonds last to preserve a little bit of crunchiness).","SERVING: To serve, fill bowls with quinoa, kale, chicken, avocado, and sun dried tomato sauce. Top with sesame seeds, red pepper flakes, olive oil, or anything else you want because it’s a free country and food is delicious!"],"url":"https://pinchofyum.com/marinated-kale-and-chicken-bowls-with-sun-dried-tomato-sauce","title":"Marinated Kale and Chicken Bowls with Sun Dried Tomato Sauce","description":"Marinated Kale and Chicken Quinoa Bowl with Sun Dried Tomato Sauce! This recipe is clean, simple, and nutritious!","image":"https://pinchofyum.com/wp-content/uploads/Marinated-Kale-and-Chicken-Quinoa-Bowl-Recipe-185x185.jpg","servings":"4","review":4.7,"prepTime":30,"totalTime":50,"cookTime":20,"nutrition":{}}