{"ingredients":["2 cups cooked wild rice","1 heaping cup finely chopped mushrooms","1/2 cup plain Greek yogurt","2 eggs","3/4 cup breadcrumbs","1 teaspoon smoked paprika","1 teaspoon garlic powder","1/2 teaspoon salt","olive oil (optional)","3 tablespoons salted butter","1/2 teaspoon onion powder and/or garlic powder","3 tablespoons flour","1 1/2 cups vegetable broth","1/2 cup sour cream","salt and black pepper to taste"],"directions":["Meatballs: Preheat the oven to 425. Mix the meatball ingredients together. Roll into balls (1-2 tablespoons each) and place on a parchment-lined baking sheet. Bake for 15-20 minutes or until firm when you press them.","Gravy: Melt butter in a large skillet. Add onion powder, garlic powder, and flour. Let it bubble for a few minutes to remove any floury taste. Slowly add broth, whisking after each addition, to make a smooth sauce. Stir in sour cream. Adjust consistency to taste with more broth. Season to taste.","That’s all! Place your cooked meatballs in the gravy and get them all nice and saucy. Serve with potatoes, salad, or roasted veggies."],"url":"https://pinchofyum.com/vegetarian-swedish-meatballs","title":"Vegetarian Swedish Meatballs","description":"Vegetarian Swedish Meatballs are FOR REAL! These little meatballs are made with wild rice and mushrooms and they are served up in a simple and savory brown gravy. Yum!","image":"https://pinchofyum.com/wp-content/uploads/Meatless-Swedish-Meatballs-Recipe-185x185.jpg","servings":"6-ish servings (6 meatballs per person)","review":4.7,"prepTime":15,"totalTime":35,"cookTime":20,"nutrition":{"totalFat":10.2,"totalFatDailyValue":16,"cholestrol":25.1,"cholestrolDailyValue":8,"sodium":423.1,"sodiumDailyValue":18,"carbohydrates":20.7,"carbohydratesDailyValue":7,"sugars":2.5,"protein":7.1,"proteinDailyValue":14,"vitaminA":81.3,"vitaminADailyValue":5,"vitaminC":0.5,"vitaminCDailyValue":1}}