{"ingredients":["7-8 medium Idaho baking potatoes","2 egg whites","1 tablespoon chili powder","1 tablespoon seasoning salt","1 1/2 teaspoons smoked sweet paprika","1/2 teaspoon cayenne","coarse sea salt to taste","2 ounces light cream cheese","a splash of milk","1 teaspoon minced fresh garlic","1/2 teaspoon seasoning salt","1 teaspoon oil","1 ounce good quality shredded cheese of choice (I used a sharp white French cheese… honestly I can’t remember the name! woops.)"],"directions":["Preheat the oven to 430.","Wash and dry the potatoes. Cut them into french-fry sized strips – about 3/4 inches wide. Pour egg whites over fries, pour seasonings over fries, and stir to combine.","Place a large sheet of parchment paper over each baking sheet (I used 2 baking sheets). Scoop the potatoes onto the parchment paper. Do not dump the whole bowl out because there will be some leftover egg whites in the bottom of the bowl and you don’t want that on the baking sheet. Bake for 10 minutes, take the baking sheets out and remove the parchment paper and slide the fries directly onto the baking sheet. They should slide off easily. Bake for another 5-8 minutes; remove from oven and stir, being careful to keep the shape of the fries. Continue this (bake, stir, bake, stir) until the fries have a puffy golden brown outside that is dry to the touch. They should be a little crispy but soft on the inside. Total bake time will be about 25-35 minutes.","For the cheese sauce, melt the cream cheese in the microwave for about 30 seconds. Whisk in the milk, garlic, seasoning salt, and oil until smooth. When smooth, add the cheese. Melt for another 20-30 seconds and whisk again until totally smooth, adding more milk to thin out the sauce to your desired consistency. Pour over fries and enjoy!"],"url":"https://pinchofyum.com/baked-spicy-fries-with-garlic-cheese-sauce","title":"Baked Spicy Fries with Garlic Cheese Sauce","description":"These baked spicy fries use egg whites to get the fries crispy and golden on the outside. Topped with a lighter garlic cheese sauce.","image":"https://pinchofyum.com/wp-content/uploads/baked-spicy-fries3-1-185x185.jpg","servings":"4","review":4.3,"prepTime":15,"totalTime":45,"cookTime":30,"nutrition":{"totalFat":9.3,"totalFatDailyValue":14,"cholestrol":21.4,"cholestrolDailyValue":7,"sodium":2279.4,"sodiumDailyValue":95,"carbohydrates":69.9,"carbohydratesDailyValue":23,"sugars":5.8,"protein":11.9,"proteinDailyValue":24,"vitaminA":122.8,"vitaminADailyValue":8,"vitaminC":39.2,"vitaminCDailyValue":65}}