{"ingredients":["2/3 cup soft butter","1 cup packed brown sugar","1/2 cup granulated sugar","3/4 cup peanut butter","1 teaspoon vanilla extract","2 eggs","1-3/4 cups all-purpose flour","1 teaspoon baking powder","1/3 cup cream","16-24 Oreo cookies depending on size of pan","1 bag white chocolate chips (optional)"],"directions":["Preheat the oven to 325 degrees. Butter a 9-inch square baking dish for thicker bars, or a 9×13 baking dish for thinner bars.","Cream the butter, brown sugar, white sugar, peanut butter, and vanilla. Add the eggs one at a time, beating until well mixed.","Add the flour and baking powder and mix for less than 1 minute with an electric mixer or stir with a wooden spoon until all flour is incorporated (batter gets tough to work with if you mix it for too long). Add the cream and use electric mixers or wooden spoon to stir until incorporated. Batter should be thick but spreadable.","Spread half the batter in the prepared dish; layer Oreos evenly over the batter; top with remaining half of batter. Bake for 40-50 minutes, depending on the size of your pan (less time for a rectangle, more time for a square) and whether or not you like them to still be a little soft and doughy. I baked mine for 40 minutes or until the edges were browning and the middle was just a little soft. As they cooled, the middle sunk down a little but I loved them that way!"],"url":"https://pinchofyum.com/peanut-butter-oreo-blondies","title":"Peanut Butter Oreo Blondies","description":"These peanut butter Oreo blondies are TO DIE FOR. One of the best dessert bars I’ve ever made! So addicting and easy to make.","image":"https://pinchofyum.com/wp-content/uploads/2013/01/Peanut-Butter-Oreo-Blondies-8-183x183.jpg","servings":"16-24","review":5,"prepTime":10,"totalTime":50,"cookTime":40,"nutrition":{"totalFat":17.4,"totalFatDailyValue":27,"cholestrol":32.8,"cholestrolDailyValue":11,"sodium":83.8,"sodiumDailyValue":3,"carbohydrates":36.8,"carbohydratesDailyValue":12,"sugars":24,"protein":4.8,"proteinDailyValue":10,"vitaminA":63.3,"vitaminADailyValue":4,"vitaminC":0,"vitaminCDailyValue":0}}