{"ingredients":["1 medium spaghetti squash, halved and seeded","olive oil","kosher salt","2 cloves garlic, minced","2 teaspoons white wine vinegar","1/4 cup minced fresh parsley","2 tablespoons minced fresh basil (sage is also yummy)","3/4 cup shredded Gruyère cheese","1/2 cup pine nuts, toasted","black pepper"],"directions":["Preheat the oven to 375 degrees. Rub squash with a little bit of olive oil and sprinkle with salt. Place the cut side down on a rimmed baking sheet and roast for 25 minutes, until fork tender. Let cool about 10 minutes, then scrape the insides with a fork to pull the strands away from the skin. (At this point I put the strands in a colander, pressed them with a paper towel, and let them rest while I prepped the other ingredients – mine were really really heavy and watery, so this helped get some of the excess moisture out.)","In a large skillet, heat 2 1/2 tablespoons olive oil over medium heat. Add garlic and cook for 1 1/2 minutes, until fragrant. Stir in spaghetti squash, vinegar, herbs, and 1/4 teaspoon salt. Cook for about 2 minutes to heat through. Remove from heat and stir in Gruyère cheese, then top with pine nuts. Taste and add salt or pepper if desired."],"url":"https://pinchofyum.com/garlic-spaghetti-squash-with-herbs","title":"Garlic Spaghetti Squash with Herbs","description":"This Garlic Spaghetti Squash with Herbs includes a handful of toasted pine nuts and grated Gruyere cheese. Perfect light dish! Yummo!","image":"https://pinchofyum.com/wp-content/uploads/spaghetti-squash-on-plate-recipe-185x185.jpg","servings":"2 as a main, 4 as a side","review":4.7,"prepTime":15,"totalTime":60,"cookTime":45,"nutrition":{"totalFat":18.5,"totalFatDailyValue":28,"cholestrol":22.3,"cholestrolDailyValue":7,"sodium":160.6,"sodiumDailyValue":7,"carbohydrates":7.4,"carbohydratesDailyValue":2,"sugars":1.9,"protein":9.6,"proteinDailyValue":19,"vitaminA":59.7,"vitaminADailyValue":4,"vitaminC":3.4,"vitaminCDailyValue":6}}