{"ingredients":["1 cup plain full fat yogurt","half of a zucchini, grated","1/2 cup roughly chopped fresh parsley","1 clove garlic, minced","a few pinches of chopped fresh dill","salt and lemon juice to taste","1 can chickpeas, rinsed and drained","4-6 tomatoes, diced","2 tablespoons olive oil","1 clove garlic, minced","fresh minced parsley to taste","salt to taste","lemon juice to taste","1 bag sweet potato fries","1 head romaine lettuce, washed and roughy chopped","pita bread and oil for frying","Toppings (see notes)"],"directions":["TZATZIKI: Combine the tzatziki ingredients together – taste and adjust until it hits the spot for you.","TOMATOES / CHICKPEAS: Toss the chickpeas and tomatoes together with the oil, garlic, lemon juice, and parsley to marinate.","SWEET POTATOES: Bake the sweet potato fries according to package directions. While the sweet potatoes are baking, chop the lettuce and fry the pitas.","PITAS: For the pitas, cut each one into strips and fry in a shallow layer of frying oil (such as vegetable oil) until golden brown and slightly crispy. Drain on paper towels and sprinkle with salt.","ASSEMBLY: Assemble the individual boats with layers of fries, tzatziki, marinated tomatoes and chickpeas, fried pita, romaine, feta cheese, and more. Mwah!"],"url":"https://pinchofyum.com/street-cart-fries","title":"Loaded Mediterranean Street Fries","description":"Loaded Mediterranean Street Cart Fries: sweet potato fries topped with fresh romaine, tzatziki, marinated tomatoes and chickpeas, feta cheese, and more. Meatless and mind-blowing, all in one.","image":"https://pinchofyum.com/wp-content/uploads/Loaded-Mediterranean-Street-Fries-Recipe-185x185.jpg","servings":"4 servings","review":4.9,"prepTime":10,"totalTime":30,"cookTime":20}