{"ingredients":["1 1/2 lbs. chicken breasts","5 cups chicken broth","1 onion, minced","2 cloves garlic, minced","1 jalapeno, minced","2 tablespoons butter or olive oil","2 teaspoons chili powder","1/2 teaspoon salt","2 large sweet potatoes, peeled and diced (about 4 cups)","2 14 ounce cans fire roasted tomatoes with garlic, undrained","1 14 ounce can black beans, drained","3 tablespoons ground flaxmeal","cilantro and Cotija cheese for topping"],"directions":["Poach the chicken: Bring the chicken broth to a rolling boil and add the raw chicken breasts. Cover and cook for 5 minutes. Turn off the heat and let the chicken continue to cook in the broth for another 20 minutes. Remove the chicken, let cool, and shred with two forks. Reserve 2 cups of broth. Keep chicken in the fridge until ready to use (I did this a day in advance and just stored my chicken and broth together in the fridge).","Saute the veggies: Heat the butter in a large soup pot over medium high heat. Add the onion, garlic, and jalapeño and saute until tender. Add the chili powder, salt, and sweet potatoes. Saute until the sweet potatoes are lightly browned.","Let it cook: Add the fire roasted tomatoes, black beans, shredded chicken and reserved broth. Stir and cover with a tight fitting lid. Keep over medium heat for 45 minutes without stirring (see notes).","Make it saucy: After 45 minutes, uncover and you’ll see a bunch of chicken and veggies with hardly any liquid. Perfect. Add 2 cups of water (or less, as needed) and stir to combine. Add the flax and stir again – this helps it thicken up and gives it a warm, nutty flavor.","Eat: Season with salt and pepper and serve topped with cilantro and Cotija cheese."],"url":"https://pinchofyum.com/healthy-jalapeno-sweet-potato-chicken-chili","title":"Healthy Jalapeño Sweet Potato Chicken Chili","description":"This Healthy Jalapeño Sweet Potato Chicken Chili is so simple and loaded with veggies and spices. Perfect lunch or dinner for fall!","image":"https://pinchofyum.com/wp-content/uploads/2013/09/sweet-potato-chicken-chili-41-183x183.jpg","servings":"6-8","review":4.9,"prepTime":15,"totalTime":75,"cookTime":60,"nutrition":{"totalFat":7.7,"totalFatDailyValue":12,"cholestrol":65.2,"cholestrolDailyValue":22,"sodium":1250.3,"sodiumDailyValue":52,"carbohydrates":25.7,"carbohydratesDailyValue":9,"sugars":6.8,"protein":25.6,"proteinDailyValue":51,"vitaminA":259.1,"vitaminADailyValue":17,"vitaminC":14.4,"vitaminCDailyValue":24}}