{"ingredients":["ground chicken (1 lb)","diced jalapeno to taste","1 T. soy sauce","1 T. oil","2 T. white sugar","1 T. hoisin sauce","1 T. garlic","1 T. water","fresh basil","brown rice (about 2 cups)","lettuce leaves, washed"],"directions":["Brown chicken with all ingredients up to basil. When finished, add torn basil until wilted.","Add cooked brown rice to the chicken mixture and heat through.","Roll up in the lettuce leaves and top with extra basil or other fresh herbs."],"url":"https://pinchofyum.com/basil-chicken-lettuce-wraps","title":"Basil Chicken Lettuce Wraps","description":"These basil chicken lettuce wraps are simple to prepare and super light. They make for a perfect easy weeknight dinner or appetizer.","image":"https://pinchofyum.com/wp-content/uploads/Basil-Chicken-Lettuce-Wraps-185x185.jpeg","servings":"4","prepTime":5,"totalTime":20,"cookTime":15}