{"ingredients":["2 cups whole wheat pasta","9 ounces raw shrimp","1 tablespoon butter","2 cloves garlic, minced","Mexican seasoning (I used about 3/4 tablespoon)","2 bell peppers, sliced thinly","1 onion, sliced thinly","2 ounces light cream cheese","6 ounces enchilada sauce (almost 3/4 cup)"],"directions":["Cook the pasta according to package instructions. Drain and set aside.","Place peppers and onions in a heavy duty skillet over medium-high heat. You don’t want to add too much oil or butter here (I didn’t add any at all) because you want the roasted, fajita-looking charred outside. Stir every so often, letting them sit long enough to get browned.","Melt the butter in a large saucepan over high heat. Add garlic and shrimp; season with Mexican seasoning plus salt and pepper to taste. Cook until shrimp are no longer translucent and have a lightly pink/white inside and browned outside, about 4-6 minutes. Add enchilada sauce and stir to remove the yummy browned bits from the bottom of the pan. Add pasta and peppers; stir to combine.","With the pan over low heat, add the cream cheese and stir until melted. The pasta should be thick and creamy, but you can adjust it by adding more sauce or more cream cheese. Season with additional Mexican seasoning if desired."],"url":"https://pinchofyum.com/skinny-fajita-shrimp-pasta","title":"Skinny Fajita Shrimp Pasta","description":"Skinny shrimp fajita pasta made with fajita peppers and onions, sauteed shrimp, and penne with a light cream sauce.","image":"https://pinchofyum.com/wp-content/uploads/fajita-pasta11-185x185.jpg","servings":"4","review":5,"prepTime":5,"totalTime":25,"cookTime":20,"nutrition":{"totalFat":9.8,"totalFatDailyValue":15,"cholestrol":124.6,"cholestrolDailyValue":42,"sodium":571,"sodiumDailyValue":24,"carbohydrates":52.3,"carbohydratesDailyValue":17,"sugars":9.2,"protein":22.8,"proteinDailyValue":46,"vitaminA":77.3,"vitaminADailyValue":5,"vitaminC":176.1,"vitaminCDailyValue":293}}