{"ingredients":["1 jalapeno","1 red bell pepper","14 ounces canned or jarred artichoke hearts","8 ounces canned jumbo lump crab meat","2 tablespoons salted butter","2 tablespoons flour","1 1/4 cups 2% milk","1/2 teaspoon salt","1/4 cup shredded cheese (I used a combination of Parmesan and Gruyere)","3 scallions, sliced","1 tablespoon fresh lemon juice","chips for dipping, extra cheese for topping"],"directions":["Remove the ribs and seeds from the jalapeno and the red bell pepper. In a large nonstick skillet over medium high heat, saute the peppers with a tiny bit of oil. You can also roast them without oil, stirring every few minutes to get a nicely browned exterior. When they are soft, set them aside.","While the peppers are cooking, drain and chop the artichoke hearts. Drain the crab. Set aside.","In the pan from step one, melt the butter. Add the flour and whisk until a thick paste forms. Let the mixture bubble for a minute or two. Slowly pour in the milk; whisk to incorporate. Keep the sauce over low heat – it should begin to thicken slightly. Add the salt, cheese, artichokes, crab, scallions, and lemon juice. Stir gently to combine. Add more liquid if needed.","Transfer to a small crockpot or serving dish. Sprinkle with a little extra cheese and replace the crockpot cover so it melts just before party time (or broil if you’re using a regular serving dish). Serve on crackers or with dippin’ chips."],"url":"https://pinchofyum.com/skinny-crab-artichoke-dip","title":"Skinny Crab and Artichoke Dip with Jalapeño","description":"This Skinny Crab and Artichoke Dip has less than 100 calories per serving and is loaded with creamy, delicious flavor. Perfect appetizer!","image":"https://pinchofyum.com/wp-content/uploads/2014/01/crab-dip-5-183x183.jpg","servings":"12","review":4.7,"prepTime":10,"totalTime":40,"cookTime":30,"nutrition":{"totalFat":3.6,"totalFatDailyValue":6,"cholestrol":22.2,"cholestrolDailyValue":7,"sodium":295.5,"sodiumDailyValue":12,"carbohydrates":5.9,"carbohydratesDailyValue":2,"sugars":2.3,"protein":6.9,"proteinDailyValue":14,"vitaminA":69.8,"vitaminADailyValue":5,"vitaminC":22.6,"vitaminCDailyValue":38}}