{"ingredients":["1 lb. whole wheat spaghetti","6 tablespoons butter + more for serving","8 cloves garlic, minced","1 large bunch basil, chopped","1 large bunch baby spinach, chopped","2 teaspoons salt","1 teaspoon black pepper","Parmigiano Reggiano cheese for topping"],"directions":["Cook the spaghetti according to package directions.","Meanwhile, heat the butter together in a large nonstick skillet over medium low heat. Add the minced garlic and saute for 3-5 minutes, until soft and fragrant. Be careful not to burn or over-brown the garlic because it will taste bitter. Low and slow is the winner here.","Chop the spinach and basil (I had about 5 cups total – it reduces quite a bit as it wilts) into small bite-sized pieces and add to the skillet, stirring for just a minute or two to get the greens softened slightly. Season with salt.","Add the spaghetti to the skillet (or vice versa depending on pan size) and season with salt and pepper. Toss well to combine and let it all rest for a few minutes to stick together a bit. Serve with an additional pat of butter and/or fresh grated Parmigiano Reggiano cheese."],"url":"https://pinchofyum.com/garlic-butter-spaghetti-with-herbs","title":"Garlic Butter Spaghetti with Herbs","description":"This garlic butter spaghetti with herbs is a simple twist on the traditional. Made with a garlic butter sauce, fresh basil and spinach, and Parmesan cheese.","image":"https://pinchofyum.com/wp-content/uploads/2013/01/Garlic-Butter-Spaghetti-5-183x183.jpg","servings":"8","review":4.9,"prepTime":15,"totalTime":30,"cookTime":15,"nutrition":{"totalFat":9.5,"totalFatDailyValue":15,"cholestrol":22.9,"cholestrolDailyValue":8,"sodium":685.4,"sodiumDailyValue":29,"carbohydrates":19.5,"carbohydratesDailyValue":7,"sugars":0.8,"protein":4.7,"proteinDailyValue":9,"vitaminA":276.2,"vitaminADailyValue":18,"vitaminC":13.1,"vitaminCDailyValue":22}}