{"ingredients":["1 cup warm milk","1 package instant yeast","3 tablespoons brown sugar","2 tablespoons melted butter","1 teaspoon salt","2 1/4 cups all-purpose flour","more flour for dusting","1/4 cup baking soda whisked into 3-4 cups warm water","1 egg","coarse salt"],"directions":["Make the Dough: In a mixing bowl, gently whisk the warm milk, yeast, brown sugar, butter, and salt. Stir in the flour until a dough forms. Transfer the dough to a floured surface and knead 10-15 times.","Let the Dough Hang Out: Return to the bowl and drizzle with a little oil to prevent sticking. Cover with a cloth or plastic wrap and set aside for an hour to rise.","Pretzel-ify: When the dough has risen, punch it back down and divide it into 6-8 sections. Roll each section into a loooong skinny rope. Fold it into a pretzel. Dip into the baking soda solution and place on a parchment-lined baking sheet.","Bake: Brush with the beaten egg and sprinkle with salt. Bake at 450 degrees for 10-12 minutes, until golden brown. YUUUUUM! Dip in cheese sauce, mustard, or my personal favorite – beer cheese soup."],"url":"https://pinchofyum.com/basic-soft-pretzels","title":"Basic Soft Pretzels","description":"Basic Soft Pretzels! Necessary dippers for your beer cheese soup ♡","image":"https://pinchofyum.com/wp-content/uploads/Soft-Pretzels-Recipe-185x185.jpg","servings":"6-8 large soft pretzels","review":5,"prepTime":60,"totalTime":75,"cookTime":15,"nutrition":{"totalFat":3.9,"totalFatDailyValue":6,"cholestrol":31.5,"cholestrolDailyValue":10,"sodium":2493.4,"sodiumDailyValue":104,"carbohydrates":32.1,"carbohydratesDailyValue":11,"sugars":5,"protein":5.8,"proteinDailyValue":12,"vitaminA":34.9,"vitaminADailyValue":2,"vitaminC":0,"vitaminCDailyValue":0}}