{"ingredients":["2 pounds jumbo asparagus","1/4 cup DeLallo pesto (more to taste)","cooked, crumbled bacon","cooked peas","grated Pecorino Romano cheese"],"directions":["Cut of the woody ends of the asparagus. Using a vegetable peeler, shave the asparagus into wide ribbons, like fettuccine noodles. You will get to a point with each piece where you can’t shave them any further, leaving a thicker “noodle” of asparagus. I’d recommend just saving those and using them in something else so they don’t mess with your gorgeous paper-thin noodles.","Heat a little bit of oil in a skillet over medium high heat. Add the asparagus to the pan in batches, tossing around the pan for no more than 30 seconds to one minute. You want the asparagus to be righ between raw and cooked, because once they get too cooked, they will go soggy on you (and… no thanks).","Toss the semi-cooked asparagus very gently with the pesto in a large bowl. Plate the “noodles” just like you would with normal pasta, and top with bacon, peas, cheese, and extra pesto! Yummy!"],"url":"https://pinchofyum.com/pesto-asparagus-noodles","title":"Pesto Asparagus Noodles","description":"Asparagus Noodles with Pesto – shave your asparagus into long noodles just like fettuccine!","image":"https://pinchofyum.com/wp-content/uploads/Asparagus-Pasta-Recipe-185x185.jpg","servings":"4","review":4.8,"prepTime":20,"totalTime":25,"cookTime":5,"nutrition":{"totalFat":16.2,"totalFatDailyValue":25,"cholestrol":5.4,"cholestrolDailyValue":2,"sodium":360.9,"sodiumDailyValue":15,"carbohydrates":16.7,"carbohydratesDailyValue":6,"sugars":4.9,"protein":12,"proteinDailyValue":24,"vitaminA":98.5,"vitaminADailyValue":7,"vitaminC":10.2,"vitaminCDailyValue":17}}