{"ingredients":["2 lbs. chicken breasts","1 2-inch piece ginger","8 cloves garlic","2 tablespoons lemon juice","3 tablespoons oil, divided","1 onion, minced","3 tablespoons tomato paste","1 cup half and half","1 1/2 cups Greek yogurt","16 oz paneer, cubed","3/4 cup golden raisins","1/2 cup cashews","1/2 cup chopped cilantro","1 teaspoon salt","1/2 cup cashews pieces","1 cup chicken broth (more to thin the sauce later)","1/4 cup oil","1 tablespoon honey","2 teaspoons garam masala","1 teaspoon cinnamon","1 teaspoon turmeric","1 teaspoon ground coriander","1 teaspoon hot pepper flakes","1 teaspoon black peppercorns","1/2 teaspoon fenugreek seeds (if you can’t find them, just skip em)","1/2 teaspoon cumin"],"directions":["Cut the chicken breasts into small cubes. Puree the ginger, garlic, lemon juice, and 2 tablespoons of olive oil in a food processor, adding a little water if necessary. Pour over the chicken, stir, and refrigerate to marinate while you prep the rest of the recipe.","Puree all the sauce ingredients in a food processor until very smooth. Set aside.","Heat 1 tablespoon oil in a large pot over medium heat. Add the onions and saute for 5 minutes. Add the chicken and the tomato paste. Saute until fragrant and browned.","Add the korma sauce base, yogurt, half and half, paneer, raisins, cashews, and salt. Taste and adjust to your liking. Simmer for as long as you can before eating so the flavors can develop. Add extra water or chicken broth the thin out the sauce to your desired consistency since it will thicken up a little bit. Serve over basmati rice or with naan. It’s soooo gooood."],"url":"https://pinchofyum.com/chicken-shahi-korma","title":"Chicken Shahi Korma","description":"This Chicken Shahi Korma recipe is so simple and SERIOUSLY delicious. Spicy chicken, cashews, paneer, golden raisins, and creamy sauce.","image":"https://pinchofyum.com/wp-content/uploads/chicken-shahi-korma-611-200x300-185x185.jpg","servings":"12","review":4.9,"prepTime":10,"totalTime":30,"cookTime":20,"nutrition":{"totalFat":24.9,"totalFatDailyValue":38,"cholestrol":60.8,"cholestrolDailyValue":20,"sodium":344.2,"sodiumDailyValue":14,"carbohydrates":20.5,"carbohydratesDailyValue":7,"sugars":11.3,"protein":28.9,"proteinDailyValue":58,"vitaminA":15.4,"vitaminADailyValue":1,"vitaminC":4.2,"vitaminCDailyValue":7}}