{"ingredients":["3/4 cup red wine vinegar","1/3 cup champagne vinegar","1/3 cup water","1/3 cup sugar","1 teaspoon salt","2 red onions, very thinly sliced","1/3 cup red wine vinegar","2/3 cup olive oil","1 tablespoon sugar","1/2 teaspoon freshly ground black pepper","1/2 teaspoon salt","1 clove garlic","2 1/2 cups red California grapes, halved","2 cups cooked farro or a gluten free alternative like quinoa (I found pre-cooked farro in the rice section of the grocery store and it worked great)","3 cups arugula","1/4 cup fresh basil leaves, cut into ribbons","1/2 cup chopped cashews"],"directions":["Pickled Red Onions: Place the vinegars, water, sugar, and salt in a jar with a tight fitting – shake lid until well combined. Add the sliced red onions. Refrigerate at least 24 hours or longer for best flavor.","Dressing: Place the vinegar, olive oil, sugar, pepper, and salt in a jar. Crush the garlic clove and just drop it in the jar in one or two pieces – the idea is that you’ll still get some fresh garlic flavor infused into the dressing without the little pieces of raw garlic in the dressing when you serve it. 🙂 Shake to combine. You can make this ahead.","Assembly: Toss the grapes and farro with about half of the dressing. Add the arugula, basil, cashews, and a handful (however much you want) of the pickled red onions. Toss to combine. Add additional dressing if it needs any more – for me, the original amount of dressing was just about right. Let the salad sit for just a few minutes to really get it nice and yummy, soaking in that dressing."],"url":"https://pinchofyum.com/arugula-salad-with-grapes-and-black-pepper-vinaigrette","title":"Arugula Salad with Grapes and Black Pepper Vinaigrette","description":"This Arugula Salad has grapes, cashews, pickled red onions, and a simple black pepper vinaigrette. Vegan, vegetarian, gluten free.","image":"https://pinchofyum.com/wp-content/uploads/Arugula-Salad-with-Grapes-Recipe-185x185.jpg","servings":"4-6","review":5,"prepTime":15,"totalTime":20,"cookTime":5,"nutrition":{"totalFat":21.4,"totalFatDailyValue":33,"cholestrol":0,"cholestrolDailyValue":0,"sodium":445.9,"sodiumDailyValue":19,"carbohydrates":26.4,"carbohydratesDailyValue":9,"sugars":19.4,"protein":10.7,"proteinDailyValue":21,"vitaminA":10.8,"vitaminADailyValue":1,"vitaminC":5,"vitaminCDailyValue":8}}