{"ingredients":["2 teaspoons olive oil","2 medium sweet potatoes, peeled and cubed (3-4 cups)","16 ounces Italian pork or chicken sausage, cut into small rounds","2 cups low sodium chicken broth","3/4 cup milk","1/4 cup flour","3/4 cup shredded Gruyere cheese","2 cups finely chopped kale"],"directions":["Heat the olive oil in a large pan over high heat. Add the sweet potatoes and Italian sausage. Shake to coat in oil, let sit for a few minutes to brown, and shake the pan gently again to move everything around. Repeat until the sweet potatoes and sausage both have golden brown exteriors. Toss with the kale and transfer to a greased 9-inch square baking dish.","Meanwhile, preheat the oven to 350 degrees. Bring the broth and 1/2 cup milk to a low boil, then turn the heat to keep it at a low simmer. Whisk the flour and remaining 1/4 cup milk to form a thick paste. Add this to the broth, whisking to keep the sauce smooth. Add 1/4 cup Gruyere and stir until melted.","Pour the sauce over the sweet potatoes, kale, and sausage in the baking dish. Top with remaining 1/2 cup cheese and bake for 10 minutes or until the sauce is bubbly and the cheese is melted."],"url":"https://pinchofyum.com/sweet-potato-kale-sausage-bake-white-cheese-sauce","title":"Sweet Potato, Kale, and Sausage Bake with White Cheese Sauce","description":"Sweet Potato, Kale, and Sausage Bake with White Cheese Sauce – comfort food featuring a handful of pantry staples and a few super healthy ingredients.","image":"https://pinchofyum.com/wp-content/uploads/2014/04/sweet-potato-kale-bake-5-183x183.jpg","servings":"4-6","review":4.7,"prepTime":15,"totalTime":55,"cookTime":40,"nutrition":{"totalFat":31.3,"totalFatDailyValue":48,"cholestrol":75.3,"cholestrolDailyValue":25,"sodium":724.9,"sodiumDailyValue":30,"carbohydrates":18.8,"carbohydratesDailyValue":6,"sugars":3.5,"protein":19,"proteinDailyValue":38,"vitaminA":392.5,"vitaminADailyValue":26,"vitaminC":31.6,"vitaminCDailyValue":53}}