{"ingredients":["1/2 cup salted almonds","1/4 cup breadcrumbs, plain or seasoned","2-4 tilapia filets (I always have enough crumbs if I’m using 4 smaller filets)","1/4 cup Dijon mustard","1-2 tablespoons oil","1 tablespoon butter","parmesan cheese, fresh lemon, or sea salt for topping"],"directions":["Place the almonds and breadcrumbs in a food processor and pulse until coarsely ground into a crumb-like mixture. Place the crumb mixture on a plate or in a shallow bowl.","Heat oil and butter in a frying pan over medium-high heat.","Spread each tilapia filet with 1 tablespoon Dijon mustard on both sides. Press the tilapia into the crumbs to get it coated on both sides. I usually do this several times to make sure the whole thing gets covered.","Place the fish into the frying pan and cook for several minutes on each side, until the outside is browned and the fish is fully cooked. I usually just check the middle of the fish for doneness – pieces will flake off easily when it’s done.","Serve with parmesan, sea salt, or lemon."],"url":"https://pinchofyum.com/almond-crusted-tilapia","title":"Almond Crusted Tilapia","description":"This almond crusted tilapia has just 5 ingredients and is light, healthy, and super easy. Crushed almonds give perfect texture and flavor to the tilapia.","image":"https://pinchofyum.com/wp-content/uploads/almond-crusted-tilapia-185x185.jpg","servings":"2-4","review":5,"prepTime":5,"totalTime":15,"cookTime":10,"nutrition":{"totalFat":20,"totalFatDailyValue":31,"cholestrol":65.7,"cholestrolDailyValue":22,"sodium":383.2,"sodiumDailyValue":16,"carbohydrates":9.5,"carbohydratesDailyValue":3,"sugars":1.5,"protein":29.1,"proteinDailyValue":58,"vitaminA":25.8,"vitaminADailyValue":2,"vitaminC":0.2,"vitaminCDailyValue":0}}