{"ingredients":["1/2 cup peanuts","1/2 cup golden raisins","1/4 cup peanut butter","1 teaspoon vanilla","1-4 teaspoons water (opt)","2-4 tablespoons flour (opt)"],"directions":["In a food processor, process the nuts until very fine.","Add raisins through vanilla and process again, pulsing until smooth. I found that I needed to add a little water because my food processor couldn’t handle the stickiness. If you need to, add a teaspoon of water at a time until the whole mixture becomes well blended and sticks into a large dough ball.","Remove dough from food processor. If you need to add some flour to degrease the dough a little bit, just incorporate it in with your hands. Form into small balls and press each ball twice with a fork to make a criss-cross pattern!"],"url":"https://pinchofyum.com/pb-cookie-dough-bites","title":"Peanut Butter Cookie Dough Bites","description":"These peanut butter cookie dough bites are made with 5 all-natural ingredients. A delicious and naturally sweet cookie dough treat!","image":"https://pinchofyum.com/wp-content/uploads/2011/08/Peanut-Butter-Cookie-Dough-Bites-183x183.jpeg","prepTime":5,"totalTime":15,"cookTime":10,"nutrition":{"totalFat":4,"totalFatDailyValue":6,"cholestrol":0,"cholestrolDailyValue":0,"sodium":16.9,"sodiumDailyValue":1,"carbohydrates":4.8,"carbohydratesDailyValue":2,"sugars":3.1,"protein":2.2,"proteinDailyValue":4,"vitaminA":44.5,"vitaminADailyValue":3,"vitaminC":0.1,"vitaminCDailyValue":0}}