{"ingredients":["1 lb. boneless skinless chicken breasts","3/4 cup soy sauce","3/4 cup honey","3/4 cup water","4 cloves garlic, smashed","cilantro and lime for serving","5 Minute Magic Green Sauce for serving"],"directions":["Cut the chicken into chunks. Place in a large ziplock plastic bag or bowl.","Pour the soy sauce, honey, water, and garlic into a bowl. Whisk until incorporated. Set aside about 3/4 cup of the sauce for brushing the chicken later.","Pour the remaining sauce into the bag or bowl with the chicken. Seal or cover the mixture and refrigerate as long as you can – 4 hours is a good minimum but you can go as long as overnight.","When you’re ready to grill, preheat the grill on medium high for 5-10 minutes and oil the grates. Meanwhile, drain off the marinade and place the chicken pieces on skewers. Place the chicken on the hot grill, cover and cook for 3-4 minutes. Brush with reserved sauce and flip. Repeat this process until you see that the chicken is browned to your liking and fully cooked.","Serve with cilantro, lime, Magic Green Sauce, or any other dipping sauces you like. We also like this with a salad and some naan or rice."],"url":"https://pinchofyum.com/the-best-3-ingredient-grilled-chicken","title":"The Best 3 Ingredient Grilled Chicken","description":"The Best 3 Ingredient Grilled Chicken – marinated in soy sauce, honey, and garlic and grilled to juicy, golden brown perfection. So easy!","image":"https://pinchofyum.com/wp-content/uploads/5-Ingredient-Grilled-Chicken-Recipe-185x185.jpg","servings":"4 servings","review":4.6,"prepTime":10,"totalTime":250,"cookTime":240,"nutrition":{"totalFat":3.1,"totalFatDailyValue":5,"cholestrol":82.7,"cholestrolDailyValue":28,"sodium":1313,"sodiumDailyValue":55,"carbohydrates":59.6,"carbohydratesDailyValue":20,"sugars":54.7,"protein":29.4,"proteinDailyValue":59,"vitaminA":10.2,"vitaminADailyValue":1,"vitaminC":1.3,"vitaminCDailyValue":2}}