{"ingredients":["1 lb. raw, deveined tail-off shrimp","4 large cloves garlic, minced","1 1/2 tablespoons butter","6 ounces whole wheat penne pasta","1 can fire roasted tomatoes with garlic","1 tablespoon flour","6 ounces 2% evaporated milk (about half of a can)","1 ounce light cream cheese","1/3 cup chicken broth","salt to taste","1/4 cup Parmesan cheese for topping"],"directions":["In a skillet, melt 1/2 tablespoon butter and add 1 clove minced garlic. Saute for 1 minute or until garlic is soft and fragrant. Add shrimp and cook about 3 minutes on each side, until no longer pink.","Cook pasta as directed until al dente. Drain and return to pan. Drain tomatoes and add to the pasta. Add cooked shrimp.","In a small skillet, melt 1 tablespoon butter and add 3 cloves minced garlic over medium-high heat. Saute for 1 minute. Add flour and stir until a soft, sticky mixture forms – about 1 minute. Add half of the evaporated milk and whisk until smooth. As it cooks, the mixture will start to thicken and bubble – when it does, add the rest of the evaporated milk. As the mixture thickens and bubbles again, add the cream cheese and whisk until smooth. As the mixture thickens, add the chicken stock to thin out the sauce. Season with salt to taste.","Pour sauce immediately over pasta and mix gently. Pour into a small baking dish. Top with Parmesan cheese; bake at 375 degrees for about 10-15 minutes or until golden brown on top."],"url":"https://pinchofyum.com/light-garlic-shrimp-baked-penne","title":"{Light} Garlic Shrimp Baked Penne","description":"This light garlic shrimp baked penne has a delicious and lighter homemade Alfredo sauce, penne pasta, tomatoes, garlic, and shrimp. Easy and healthy!","image":"https://pinchofyum.com/wp-content/uploads/baked-penne-shrimp11-185x185.jpg","servings":"4","review":4.6,"prepTime":10,"totalTime":55,"cookTime":45,"nutrition":{"totalFat":6.8,"totalFatDailyValue":10,"cholestrol":191.5,"cholestrolDailyValue":64,"sodium":597.9,"sodiumDailyValue":25,"carbohydrates":49.4,"carbohydratesDailyValue":16,"sugars":4.9,"protein":36,"proteinDailyValue":72,"vitaminA":71,"vitaminADailyValue":5,"vitaminC":12.2,"vitaminCDailyValue":20}}