{"ingredients":["2 eggs","2 cups flour","1 1/2 cups milk","1/4 cup Wholesome! organic honey","3 teaspoons baking powder","1/2 teaspoon salt","2 graham crackers, crushed","nutella","mini marshmallows","Wholesome! organic pancake syrup","toasted coconut","crushed graham crackers"],"directions":["Stir all the waffle batter ingredients together in a large mixing bowl until well combined. Preheat a waffle iron.","Pour batter into waffle iron and cook until golden brown. While it’s still in the waffle iron, cut the waffle in half and carefully spread each side with Nutella. Add a layer of mini marshmallows to one of the two halves, and then fold the remaining half over on top of the marshmallows. Close the waffle iron enough to press both sides together and melt the marshmallows (about 3-4 minutes).","Remove from waffle iron and top with syrup, toasted coconut, and more crushed graham crackers. Mmmmmm yes."],"url":"https://pinchofyum.com/smores-waffles","title":"Smores Waffles with Nutella and Toasted Coconut","description":"Smores Waffles with Nutella and Toasted Coconut – HELLO LOVER. brunch dreams coming true!","image":"https://pinchofyum.com/wp-content/uploads/Smores-Waffles-Recipe-185x185.jpg","servings":"8-10 large waffles","review":4.8,"prepTime":5,"totalTime":15,"cookTime":10}