{"ingredients":["1 lb. chicken breasts","1 28-ounce can crushed tomatoes","4 carrots, peeled and chopped","2 stalks celery, chopped","3 cloves minced garlic","1/2 cup farro (you can also use brown rice or small pasta)","6 cups chicken broth","2 tablespoons olive oil","1 teaspoon each basil and oregano","1/2 teaspoon each garlic and onion powder","2 teaspoons salt","2 zucchini, cut into small pieces","2-3 cups of fresh sweet corn kernels, cut off the cob","Toppings: Parmesan, lemon juice, plain yogurt, fresh herbs, freshly ground pepper, etc."],"directions":["Place everything except the zucchini and sweet corn in the Instant Pot or pressure cooker. Set to high pressure for 20 minutes. Release the steam.","Shred the chicken. Stir in the zucchini and sweet corn. Set to high pressure for another 5 minutes. Release the steam.","Let the soup rest for a few minutes – it thickens up a bit as it cools. Season with more salt and pepper and whatever toppings you like. Aaand devour!"],"url":"https://pinchofyum.com/instant-pot-summer-soup","title":"Instant Pot Summer Soup","description":"Clean Eating Instant Pot Summer Soup! The perfect blend of comforting and fresh for the season. Packed with all the fresh summer produce and super customizable to whatever you have on hand!","image":"https://pinchofyum.com/wp-content/uploads/Summer-Soup-Feature-1-185x185.jpg","servings":"8 very generous servings (2 cups each)","review":5,"prepTime":20,"totalTime":50,"cookTime":30,"nutrition":{"totalFat":6.5,"totalFatDailyValue":10,"cholestrol":45.1,"cholestrolDailyValue":15,"sodium":1336.3,"sodiumDailyValue":56,"carbohydrates":14.9,"carbohydratesDailyValue":5,"sugars":6.4,"protein":18.1,"proteinDailyValue":36,"vitaminA":276.5,"vitaminADailyValue":18,"vitaminC":12.8,"vitaminCDailyValue":21}}