{"ingredients":["3 cups crushed shortbread cookies","2 cups powdered sugar","1/4 cup corn syrup","1/2 cup chopped pecans (optional)","3/4 cup chocolate chips or chocolate bar, finely chopped","1/3 cup cocoa powder","1/2 cup liqueur of choice (I used rum)","chocolate candy coating (or almond bark) for dipping"],"directions":["Mix dry ingredients. Add wet ingredients. Mix well until a “dough” forms.","Freeze dough for 30 minutes, or until hard enough to form balls. Break off small pieces and roll between your palms until you have lots of small truffle-sized balls. Re-freeze until ready to dip.","Melt chocolate candy coating in a double boiler. Dip each frozen ball in the chocolate. Set to dry on wax paper."],"url":"https://pinchofyum.com/triple-chocolate-party-balls","title":"Triple Chocolate Party Balls","description":"These triple chocolate party balls are my all-time favorite party food! They’re truffles made with chocolate, rum, and crushed shortbread.","image":"https://pinchofyum.com/wp-content/uploads/chocolate-party-balls-2-185x185.jpg","servings":"20","review":5,"prepTime":45,"totalTime":55,"cookTime":10,"nutrition":{"totalFat":9.2,"totalFatDailyValue":14,"cholestrol":4.1,"cholestrolDailyValue":1,"sodium":27.7,"sodiumDailyValue":1,"carbohydrates":24.6,"carbohydratesDailyValue":8,"sugars":18.9,"protein":1.7,"proteinDailyValue":3,"vitaminA":9.8,"vitaminADailyValue":1,"vitaminC":0,"vitaminCDailyValue":0}}