{"ingredients":["1 cup balsamic vinegar","1 lb. boneless skinless chicken breasts","3 teaspoons all purpose seasoning (I used a spice mix I got at a specialty food store)","1 tablespoons olive oil","4 cups baby spinach or greens","2 cups cubed watermelon","1/2 cup blue cheese crumbles","1/4 cup sliced or crushed almonds"],"directions":["Pour the balsamic vinegar into a small saucepan and bring to a boil. Reduce heat and simmer for 15-20 minutes until the balsamic vinegar is significantly reduced and starting to become syrupy.","Meanwhile, turn a grill or nonstick skillet to high heat. Sprinkle the chicken with the seasoning on both sides and drizzle with the olive oil. Transfer to the hot grill and cook until no longer pink on the inside and nicely browned on the outside. Let rest for 5 minutes; cut into small cubes.","Layer the spinach with the chicken, watermelon, blue cheese, almonds, and drizzle with the balsamic reduction to taste. Top with additional olive oil if desired."],"url":"https://pinchofyum.com/balsamic-watermelon-chicken-salad","title":"Balsamic Watermelon Chicken Salad","description":"This Balsamic Watermelon Chicken Salad has blue cheese, watermelon, almonds, herbed chicken, and a balsamic glaze. Simple and fresh.","image":"https://pinchofyum.com/wp-content/uploads/2014/07/watermelon-salad-5-183x183.jpg","servings":"4","review":4.8,"prepTime":10,"totalTime":40,"cookTime":30,"nutrition":{"totalFat":15.1,"totalFatDailyValue":23,"cholestrol":95.4,"cholestrolDailyValue":32,"sodium":283.8,"sodiumDailyValue":12,"carbohydrates":20.3,"carbohydratesDailyValue":7,"sugars":14.7,"protein":32.4,"proteinDailyValue":65,"vitaminA":207.1,"vitaminADailyValue":14,"vitaminC":14.7,"vitaminCDailyValue":25}}