{"ingredients":["1/2 tablespoon butter","1/2 teaspoon oil","1 shallot, minced","1 tablespoon fresh rosemary, minced","1/2 tablespoon fresh thyme, minced","1/2 teaspoon sea salt","6 eggs","1 tablespoon heavy cream","freshly grated Parmesan cheese"],"directions":["In a small saucepan, heat butter and oil. Add shallot and saute until soft and fragrant, 3-5 minutes. Add herbs and salt; remove from heat and stir to combine. The mixture should be somewhat coarse and just a little buttery.","Preheat the oven to 375. Place a small pat of butter (about 1 teaspoon) in the bottom of each of 3 ramekins. Place in oven until butter is melted.","Remove ramekins from oven, add 1 teaspoon of cream to each, and crack 2 eggs into each ramekin without breaking the yolk. Sprinkle the herb mixture over the top of each ramekin and return to the oven. Bake for about 7 minutes.","Turn up the heat to the broil setting and let the eggs broil for another 1-2 minutes. Remove from oven when egg whites are just set and yolks are still soft. Let stand for 3-5 minutes before serving. Season with salt and pepper."],"url":"https://pinchofyum.com/parmesan-baked-eggs","title":"Parmesan Baked Eggs","description":"The simplicity of these Parmesan baked eggs is what makes them so amazing! Butter, shallot, herbs, garlic, eggs, and cream.","image":"https://pinchofyum.com/wp-content/uploads/baked-eggs2-185x185.jpg","servings":"3","review":4.9,"prepTime":5,"totalTime":25,"cookTime":20,"nutrition":{"totalFat":14.4,"totalFatDailyValue":22,"cholestrol":384.1,"cholestrolDailyValue":128,"sodium":623.8,"sodiumDailyValue":26,"carbohydrates":4.9,"carbohydratesDailyValue":2,"sugars":1.1,"protein":15.6,"proteinDailyValue":31,"vitaminA":201.2,"vitaminADailyValue":13,"vitaminC":1.3,"vitaminCDailyValue":2}}