{"ingredients":["6 cups rolled oats (not instant)","1 cup pecans, halved (almonds or walnuts work well for a substitution)","1 cup flour","1/3 cup sugar","1 tsp. salt","1 tsp. cinnamon","1 cup oil","1/2 cup honey"],"directions":["Preheat oven to 320 degrees.","Mix first 6 ingredients together. Whisk the oil and the honey together and add to oats mixture.","Spread on a baking sheet (it’s helpful if it has raised edges) and bake for 35 minutes, stirring all the way down to the bottom of the pan a few times during baking. Bake longer for more crunch, but don’t let it burn! Allow granola to cool completely after baking (this is when it clumps together). Serve with milk, yogurt, fruit, ice cream, or just plain snacking!"],"url":"https://pinchofyum.com/crunchy-pecan-granola","title":"Crunchy Pecan Granola","description":"This crunchy pecan granola is the recipe my family makes at the cabin every year. So crunchy, sweet, and delicious with lots of clusters!","image":"https://pinchofyum.com/wp-content/uploads/2011/08/Crunchy-Pecan-Granola-183x183.jpeg","prepTime":15,"totalTime":50,"cookTime":35,"nutrition":{"totalFat":18.2,"totalFatDailyValue":28,"cholestrol":7.7,"cholestrolDailyValue":3,"sodium":250.4,"sodiumDailyValue":10,"carbohydrates":62.6,"carbohydratesDailyValue":21,"sugars":12.9,"protein":12.5,"proteinDailyValue":25,"vitaminA":113.2,"vitaminADailyValue":8,"vitaminC":0.1,"vitaminCDailyValue":0}}