{"ingredients":["1 large kabocha squash (butternut would be good too!)","salt and pepper","1/2 cup toasted walnuts + extra for topping","1 lb. whole wheat rotini (or elbow macaroni for more traditional mac n’ cheese)","1 large yellow onion, diced","1-2 tablespoons butter","3 ounces light cream cheese","1-2 cups vegetable broth","1 cup shredded white cheddar cheese"],"directions":["Cook the squash. Here’s how I did it: Slice up the squash into large pieces and place flesh side down in a large baking or roasting pan (you can really use anything – I used an aluminum cake pan – I don’t have much to work with here in the Philippines). Fill the pan with water so it’s a few inches deep – enough to touch the squash but not cover it completely. Wrap the whole thing with tinfoil and bake at 350 degrees until fork-tender, about an hour. Remove squash from pan and set aside to cool slightly. If you didn’t already toast your walnuts, just stick them on a pan and place in the oven for a few minutes.","Scrape the flesh out and puree it flesh in a blender or food processor. Add 1/2 cup milk to help the mixture puree more smoothly, if necessary. If it’s still too sticky, add a little water. Add the walnuts and puree until smooth. Season generously with salt and pepper.","Cook pasta according to directions. Melt butter in a large saucepan over medium heat. Add onions – saute for several minutes until onions are golden and translucent. Stir in the squash puree and add the cream cheese. Stir until melted.","Combine the pasta with the squash sauce, adding vegetable broth as needed to get the right consistency for your sauce. For the white cheddar – stir it in so it melts, or if you prefer, divide it evenly among the bowls and sprinkle on top before serving. Or both."],"url":"https://pinchofyum.com/white-cheddar-mac-n-cheese","title":"White Cheddar Mac N’ Cheese with Squash and Toasted Walnuts","description":"This white cheddar mac n’ cheese is made healthier with the addition of creamy squash and toasted walnuts. Perfect fall pasta dish!","image":"https://pinchofyum.com/wp-content/uploads/white-cheddar-mac-n-cheese-185x185.jpg","servings":"6-8","review":5,"prepTime":60,"totalTime":70,"cookTime":10,"nutrition":{"totalFat":17,"totalFatDailyValue":26,"cholestrol":32.4,"cholestrolDailyValue":11,"sodium":319.5,"sodiumDailyValue":13,"carbohydrates":26.2,"carbohydratesDailyValue":9,"sugars":4.6,"protein":8.9,"proteinDailyValue":18,"vitaminA":389.7,"vitaminADailyValue":26,"vitaminC":13.3,"vitaminCDailyValue":22}}