{"ingredients":["1 cup pomegranate seeds","2 cups chopped baby kale","2 cups cooked wild rice (you can use leftover rice or buy precooked)","1/4 cup toasted walnuts","1/4 cup feta cheese (omit for vegans)","1/2 cup minced onion or shallot","2 tablespoons olive oil","2 tablespoons water","2 tablespoons honey (sub agave for vegans)","1/2 tablespoon apple cider vinegar","1/2 teaspoon salt","1 squeeze lemon or orange juice"],"directions":["Prep the salad ingredients (chop, rinse, toast, etc). Chill the ingredients in the fridge while you’re making the dressing if you want a cold salad.","Mince the shallot or onion and saute in 1/2 tablespoons olive oil to reduce the bite. When soft and fragrant, remove from heat and transfer to a food processor. (If you want a stronger flavor for your dressing, skip the sauteing altogether. The shallot in particular works well for this.)","Pulse the onions or shallot with the remaining olive oil, water, honey, apple cider vinegar, salt, and orange juice until smooth and creamy. Taste and adjust. Add additional olive oil or water to keep the mixture moving through the food processor.","Toss the salad ingredients together with the dressing just before serving. I prefer to serve this at room temperature or chilled slightly."],"url":"https://pinchofyum.com/pomegranate-kale-wild-rice-salad-with-walnuts-feta","title":"Pomegranate, Kale, and Wild Rice Salad with Walnuts and Feta","description":"Pomegranate, Kale, and Wild Rice Salad, with walnuts and Feta cheese and a simple homemade dressing. So healthy, so good!","image":"https://pinchofyum.com/wp-content/uploads/2013/10/wild-rice-salad-4-183x183.jpg","servings":"4, as a side","review":4.7,"prepTime":30,"totalTime":45,"cookTime":15,"nutrition":{"totalFat":14.8,"totalFatDailyValue":23,"cholestrol":8.3,"cholestrolDailyValue":3,"sodium":385.3,"sodiumDailyValue":16,"carbohydrates":37.8,"carbohydratesDailyValue":13,"sugars":16.5,"protein":7,"proteinDailyValue":14,"vitaminA":51.8,"vitaminADailyValue":3,"vitaminC":15.3,"vitaminCDailyValue":25}}