{"ingredients":["2 cups precooked cornmeal*","2 teaspoons salt","2 1/2 cups warm water","oil for pan frying","Chipotle Shredded Chicken","Carnitas — personal fave","Magic Green Sauce or other sauce (umm, what other sauce would there be?)","black beans","sweet potatoes, sliced into thin pieces and sautéed in olive oil and salt","red onions (pickled? yum)","Cotija cheese"],"directions":["Mix the precooked cornmeal and the salt. Add the water and whisk remove any lumps, then stir until combined. Let the mixture rest for 5-10 minutes.","Using your hands, divide the dough into 8 pieces. Roll each piece into a ball and flatten in gently to create a disk, about 1 inch thick (see pictures).","Heat a thin layer of oil (about 1/4 inch deep) in a large heavy skillet over medium heat. Add the arepas and fry for about 6 minutes on both sides. The arepas should get a dry fried exterior without getting overly brown. Set on paper towels to drain and cool.","Cut the arepas in half and stuff with your fillings!"],"url":"https://pinchofyum.com/arepas","title":"Arepas Recipe","description":"Arepas – fried cornmeal pockets stuffed with all the fillings you could ever want, like carnitas, spicy chicken, sweet potatoes, black beans, sauces, and more. THESE ARE SO GOOD!","image":"https://pinchofyum.com/wp-content/uploads/Arepas-Recipe-185x185.jpg","servings":"8 arepas","review":5,"prepTime":15,"totalTime":30,"cookTime":15,"nutrition":{"totalFat":4.8,"totalFatDailyValue":7,"cholestrol":24,"cholestrolDailyValue":8,"sodium":1198.5,"sodiumDailyValue":50,"carbohydrates":36.1,"carbohydratesDailyValue":12,"sugars":1.6,"protein":9.2,"proteinDailyValue":18,"vitaminA":127.9,"vitaminADailyValue":9,"vitaminC":2.7,"vitaminCDailyValue":4}}