{"ingredients":["4 cups apples, sliced","1 tablespoon flour","1/2 cup sugar","3/4 cup brown sugar","1/3 cup butter","3/4 cup flour","1/2 cup oats","1/4 tsp baking soda","1/2 teaspoon salt"],"directions":["Preheat oven to 350 degrees","Combine the first three ingredients and place in a greased 8×8 baking dish.","Combine the remaining ingredients and sprinkle over the top of the apple mixture.","Bake for 30 minutes.","Serve warm with whipped cream or ice cream!"],"url":"https://pinchofyum.com/grandmas-apple-crisp","title":"Grandma’s Apple Crisp","description":"My Grandma’s recipe for warm homemade apple crisp, served like bars and topped with vanilla ice cream. There’s no place like home, except Grandma’s.","image":"https://pinchofyum.com/wp-content/uploads/Grandma’s-Apple-Crisp-185x185.jpeg","servings":"9","prepTime":20,"totalTime":50,"cookTime":30,"nutrition":{"totalFat":7.6,"totalFatDailyValue":12,"cholestrol":18.1,"cholestrolDailyValue":6,"sodium":222.1,"sodiumDailyValue":9,"carbohydrates":43.6,"carbohydratesDailyValue":15,"sugars":27.8,"protein":2.8,"proteinDailyValue":6,"vitaminA":58.4,"vitaminADailyValue":4,"vitaminC":2,"vitaminCDailyValue":3}}