{"ingredients":["1 scant cup flour","1 teaspoon baking powder","1/4 teaspoon baking soda","pinch of salt","1 tablespoon cocoa powder (I used dark cocoa)","1/3 cup sugar","1/2 cup milk","2 tablespoons strong coffee","3 1/2 tablespoons vegetable oil","1 egg","1/2 teaspoon vanilla","1/2 cup chocolate chips","sea salt","1/2 cup powdered sugar","1 tablespoon cocoa powder","1 tablespoon milk"],"directions":["Preheat the oven to 400 degrees F.","Stir the flour, baking powder, baking soda, salt, cocoa, and sugar in a large bowl.","Pour the milk, coffee, oil, egg, and vanilla into the bowl. Mix the dry and wet ingredients together until just combined. Add the chocolate chips.","Spoon into a prepared muffin tin, filling each cup about 3/4 full. Sprinkle 3-5 chocolate chips on the top of each muffin and bake for 15 minutes or until the muffins spring back when you touch the tops.","Whisk the powdered sugar, cocoa powder, and milk together to make a smooth glaze. Add milk a teaspoon at a time if the glaze is still too thick (I usually go back and forth between powdered sugar and milk a few times to get the consistency just right). You want it to be pretty thick so that it sticks to the sides of the muffin.","After muffins have cooled, drizzle with glaze and sprinkle with a pinch of coarse sea salt. Serve with a glass of milk!"],"url":"https://pinchofyum.com/salted-double-chocolate-muffins","title":"Salted Double Chocolate Muffins","description":"These salted double chocolate muffins have big puffy tops perfect for a little bit of sweet glaze and sea salt. Easy and delicious!","image":"https://pinchofyum.com/wp-content/uploads/doublechocolatemuffin-185x185.jpg","servings":"8","review":5,"prepTime":5,"totalTime":20,"cookTime":15,"nutrition":{"totalFat":11.6,"totalFatDailyValue":18,"cholestrol":25,"cholestrolDailyValue":8,"sodium":59.6,"sodiumDailyValue":2,"carbohydrates":43.2,"carbohydratesDailyValue":14,"sugars":23.3,"protein":5.5,"proteinDailyValue":11,"vitaminA":17.9,"vitaminADailyValue":1,"vitaminC":0,"vitaminCDailyValue":0}}