{"ingredients":["1 bunch fresh asparagus, chopped","1 bag frozen peas (or fresh, ideally!)","2 tbs. butter","1 shallot, minced","1 tbs. honey"],"directions":["Melt butter in a saucepan over medium high heat. Add shallot to pan and saute for a minute or two, until soft and fragrant (talk about the best smell ever)!","Add asparagus to the pan and cook, stirring every so often to keep from burning, until cooked through and slightly golden brown on the outside. Add peas and saute just a few minutes until cooked.","Stir in honey until well mixed."],"url":"https://pinchofyum.com/asparagus-and-pea-saute","title":"Asparagus and Pea Saute","description":"3 ingredients: butter, shallots and honey make this asparagus and pea saute so simply delicious! Use on pizza or in soup, or just enjoy it on its own.","image":"https://pinchofyum.com/wp-content/uploads/2011/05/Asparagus-and-Pea-Saute-183x183.jpeg","servings":"2-4","prepTime":5,"totalTime":20,"cookTime":15}