{"ingredients":["1/2 cup packed brown sugar","1/4 cup soft tub light margarine or butter (I used Brummel and Brown yogurt spread)","1 tablespoon egg whites (can omit if not baking)","1 teaspoon vanilla","2/3 cup chickpeas, drained and rinsed","1/4 cup peanut butter","2/3 cup flour (whole wheat or regular)","1/4 cup rolled oats","1/2 teaspoon baking soda","1/8 teaspoon salt","1/2 cup dark, milk, or semisweet chocolate chips"],"directions":["In a large bowl, beat the brown sugar and margarine together. Add the chickpeas, egg whites and vanilla. Beat until smooth (see notes). Stir in peanut butter.","Add flour, oats, baking soda, and salt to the bowl and mix again until a soft dough forms.","Eat, refrigerate, or freeze the dough. If you want cookies, bake at 350 for 7-10 minutes, until just slightly set. Do not overbake. Makes 12-15 cookies/cookie dough balls."],"url":"https://pinchofyum.com/healthy-chocolate-chip-peanut-butter-cookie-dough","title":"Healthy Chocolate Chip Peanut Butter Cookie Dough","description":"This chocolate chip peanut butter healthy cookie dough is just that – healthier! And so good. Made with chickpeas in place of all the butter.","image":"https://pinchofyum.com/wp-content/uploads/healthy-cookie-dough2-185x185.jpg","servings":"6","review":4.8,"prepTime":10,"totalTime":20,"cookTime":10,"nutrition":{"totalFat":15.4,"totalFatDailyValue":24,"cholestrol":0,"cholestrolDailyValue":0,"sodium":335.6,"sodiumDailyValue":14,"carbohydrates":45,"carbohydratesDailyValue":15,"sugars":23.7,"protein":8.8,"proteinDailyValue":18,"vitaminA":260,"vitaminADailyValue":17,"vitaminC":0,"vitaminCDailyValue":0}}