{"ingredients":["1/2 head of green cabbage, finely shredded","1/2 head of purple cabbage, finely shredded","2 cups carrots, matchstick-cut or shredded","1 cup fresh cilantro, chopped","1/2 cup sliced green onion","2 cups cooked edamame (see notes)","1-2 cup roasted cashews (see notes)","2 cups crunchy chow mein noodles","chicken, shrimp, or any other protein you like","1/4 cup olive oil (you can use any other oil as well)","3 tablespoons white vinegar","2 tablespoons sesame oil – very important for flavor!","2 tablespoons sugar","1 teaspoon salt","a few shakes of garlic powder","optional: 1/4 cup Greek yogurt or mayo (more or less to taste)"],"directions":["Shake the dressing ingredients up in a jar until smooth. Add the Greek yogurt or mayo (optional – just makes it more creamy) and shake again until smooth. YUM.","Toss all the salad ingredients together. Drizzle with dressing and serve!"],"url":"https://pinchofyum.com/cashew-crunch-salad-with-sesame-dressing","title":"Cashew Crunch Salad with Sesame Dressing","description":"Cashew Crunch Salad with Sesame Dressing – this is the healthy summer recipe that makes me ACTUALLY WANT TO EAT A SALAD.","image":"https://pinchofyum.com/wp-content/uploads/Cashew-Crunch-Salad-Feature-1-185x185.jpg","servings":"6-8 servings","review":4.9,"prepTime":30,"totalTime":30,"nutrition":{"totalFat":11.2,"totalFatDailyValue":17,"cholestrol":182.5,"cholestrolDailyValue":61,"sodium":723.5,"sodiumDailyValue":30,"carbohydrates":9.1,"carbohydratesDailyValue":3,"sugars":1.5,"protein":24.7,"proteinDailyValue":49,"vitaminA":10,"vitaminADailyValue":1,"vitaminC":9.5,"vitaminCDailyValue":16}}