{"ingredients":["1 lb. chicken sausages in casing. GO SPICY if u dare.","1 1/2 cups mirepoix – chopped celery, carrot, and onion*","3 cloves garlic, minced","1 1/2 teaspoons ground oregano","1/2 teaspoon salt","1 bay leaf","1 28-ounce can San Marzano tomatoes","1 14-ounce can cannellini beans","28 ounces chicken broth","1 lb. small pasta – I used orecchiette","8 ounces fresh baby spinach","shaved Parmigiano Reggiano cheese for topping"],"directions":["Remove the chicken from its casing. In a large pot, brown the chicken sausage over medium high heat and drain the excess grease. Set aside.","Crush the San Marzano tomatoes and sauce in a food processor and set aside. Drain the cannellini beans. Place in a food processor. Refill the can with water, add to the food processor, and puree until very smooth.","In the same large pot as step one, saute the mirepoix, garlic, oregano, salt, and bay leaf (with a little olive oil if needed) until soft and fragrant. Add the tomatoes, pureed beans, and broth. Simmer for 20 minutes. Saucy.","Add the pasta and simmer for another 20 minutes until pasta is cooked through as sauce is reduced. Throw in the baby spinach and the chicken sausage from step one. If needed, add water or broth to adjust the consistency of the pasta before serving. Top with cheese.","Save some for lunch tomorrow. It makes awesome leftovers."],"url":"https://pinchofyum.com/simple-san-marzano-pasta-e-fagioli","title":"Simple San Marzano Pasta e Fagioli","description":"This yummy and simple San Marzano Pasta e Fagioli is so easy and FULL of flavor. A perfect delicious and comforting family dinner.","image":"https://pinchofyum.com/wp-content/uploads/2013/11/pasta-e-fagioli-32-183x183.jpg","servings":"8","review":4.8,"prepTime":20,"totalTime":65,"cookTime":45,"nutrition":{"totalFat":10.8,"totalFatDailyValue":17,"cholestrol":70.1,"cholestrolDailyValue":23,"sodium":1551.2,"sodiumDailyValue":65,"carbohydrates":74.2,"carbohydratesDailyValue":25,"sugars":7.9,"protein":28.7,"proteinDailyValue":57,"vitaminA":1420.6,"vitaminADailyValue":95,"vitaminC":94.6,"vitaminCDailyValue":158}}