{"ingredients":["1/2 cup flour","1 teaspoon baking powder","1/4 teaspoon salt","1/2 teaspoon cinnamon","pinch of nutmeg","1/4 cup milk","1 egg, beaten","1 tablespoon butter, melted","1/2 apple, finely chopped or grated","1 tablespoon sugar","1/2 cup powdered sugar","1 teaspoon vanilla extract","1 teaspoon milk or cream"],"directions":["Mix dry ingredients together. Combine milk and egg – add to dry ingredients.","Add melted butter and mix well. Combine 1 tablespoon sugar with chopped apples. Stir apples into batter.","Fill 3-4 greased muffin tins and bake at 350 for about 20 minutes or until tops and golden brown and spring back when pressed.","For glaze – combine powdered sugar with vanilla and milk, adding a teaspoon of milk at a time until glaze reaches desired consistency."],"url":"https://pinchofyum.com/vanilla-glazed-apple-cinnamon-muffins","title":"Small Batch Vanilla-Glazed Apple Cinnamon Muffins","description":"These apple cinnamon muffins are easy to make and topped with a warm vanilla glaze. Perfect for a quick breakfast or snack.","image":"https://pinchofyum.com/wp-content/uploads/apple-cinnamon-muffin-185x185.png","servings":"3-4","review":4.6,"prepTime":15,"totalTime":35,"cookTime":20,"nutrition":{"totalFat":3.9,"totalFatDailyValue":6,"cholestrol":53.4,"cholestrolDailyValue":18,"sodium":185.7,"sodiumDailyValue":8,"carbohydrates":31.7,"carbohydratesDailyValue":11,"sugars":17.9,"protein":4.2,"proteinDailyValue":8,"vitaminA":44,"vitaminADailyValue":3,"vitaminC":0.6,"vitaminCDailyValue":1}}