{"ingredients":["1 cup oats","1 banana","2 eggs","1/2 cup egg whites","4 teaspoons baking powder","pinch of salt, pinch of cinnamon","1-2 scoops protein powder","2 tablespoons flax meal"],"directions":["Run everything through the blender on medium low speed until very well mixed.","Heat a nonstick griddle to medium high heat. Add batter in small circles – about 1/4 cup per pancake. Sprinkle with blueberries or chocolate chips if you want. When the edges start to look dry (2-3 minutes), flip and cook another minute or two on the other side.","Top with anything you like! I like syrup and peanut butter and chocolate chips."],"url":"https://pinchofyum.com/protein-pancakes","title":"The Best Protein Pancakes","description":"Protein Pancakes! super easy with no refined grains or refined sugar. just oats, banana, and eggs!","image":"https://pinchofyum.com/wp-content/uploads/Protein-Pancakes-Recipe-185x185.jpg","servings":"6-9 pancakes","review":4.5,"prepTime":10,"totalTime":20,"cookTime":10,"nutrition":{"totalFat":1.1,"totalFatDailyValue":2,"cholestrol":41.3,"cholestrolDailyValue":14,"sodium":72.6,"sodiumDailyValue":3,"carbohydrates":10.2,"carbohydratesDailyValue":3,"sugars":1.7,"protein":4.5,"proteinDailyValue":9,"vitaminA":18.2,"vitaminADailyValue":1,"vitaminC":1.1,"vitaminCDailyValue":2}}