{"ingredients":["3 cups crusty bread, cut into cubes","2 tablespoons butter, melted","1 teaspoon smoked paprika"],"directions":["Mix the paprika into the melted butter.","Pour bread cubes and combine with butter mixture.","Spread onto baking sheet and bake for 8-10 minutes at 400 degrees. While still hot, sprinkle with coarse sea salt."],"url":"https://pinchofyum.com/smoky-paprika-croutons","title":"Smoky Paprika Croutons","description":"These smoky paprika croutons are easy to make and they are the perfect way to add something extra to your soups and salads.","image":"https://pinchofyum.com/wp-content/uploads/Smoky-Paprika-Croutons1-185x185.jpeg","servings":"8","prepTime":5,"totalTime":15,"cookTime":10}