{"ingredients":["4 cups butternut squash puree (i.e. Farmer’s Market Organic canned)","1 1/2 tbs. sel de cuisine (features cinnamon, rosemary, and salt)","1 tsp. minced garlic","salt and pepper to taste","15 oz. part-skim ricotta cheese","1/2 cup grated Parmesan cheese","8 short whole wheat lasagna noodles","sliced cheese to top pieces (optional – but not really)"],"directions":["Preheat oven to 400°F. Combine squash purée, sel de cuisine, garlic, salt, and pepper; mix well. Combine ricotta, 1/4 cup Parmesan, salt and pepper in second bowl and mix well.","Coat 8×8-inch baking dish with cooking spray. Put a little butternut squash on the bottom of the pan. Place 2 noodles in bottom of dish, overlapping slightly. Spread half of squash mixture over noodles. Layer 2 more noodles on top, and spread with half of ricotta mixture. Repeat layers—noodles, squash, noodles, ricotta—then sprinkle with remaining 1/4 cup Parmesan.","Bake for 45 minutes. Top with sliced cheese and bake/broil an additional 5-10 minutes."],"url":"https://pinchofyum.com/butternut-squash-lasagna","title":"Butternut Squash Lasagna","description":"This butternut squash lasagna is a perfect vegetarian version of a classic – thick, creamy squash puree between layers of lasagna and cheese.","image":"https://pinchofyum.com/wp-content/uploads/2011/03/Butternut-Squash-Lasagna-183x183.jpeg","prepTime":15,"totalTime":75,"cookTime":60}