{"ingredients":["juice of 1 orange","1 tablespoon fresh orange zest","2 tablespoons low sodium soy sauce","1/4 cup beef broth","1/3 cup orange marmalade","2 tablespoons cornstarch","1 teaspoon oil","1 lb. flank steak, very thinly sliced","2 cloves garlic, minced","1 head broccoli, washed and cut into bite-sized pieces"],"directions":["Mix the first 6 ingredients, whisking until the cornstarch is dissolved. Boil the broccoli for just a few minutes, until tender crisp. The broccoli will cook a little more once you add it in with the sauce, so make sure not to boil it for too long.","Heat the oil in a skillet over high heat. Add the steak and garlic, draining off extra fat after a few minutes. Flip the pieces until each piece is cooked through and the meat is browned.","Add the sauce to the pan and stir for 1 minute until the sauce starts to thicken. Remove from heat and stir in broccoli. Serve over rice and garnish with orange zest and/or scallions."],"url":"https://pinchofyum.com/light-orange-beef-and-broccoli","title":"{Light} Orange Beef and Broccoli","description":"This recipe for light orange beef and broccoli is so simple and has just 250 calories per serving! SO flavorful, light, and yummy!","image":"https://pinchofyum.com/wp-content/uploads/beef-and-broccoli1-185x185.jpg","servings":"4","review":5,"prepTime":10,"totalTime":20,"cookTime":10,"nutrition":{"totalFat":5.7,"totalFatDailyValue":9,"cholestrol":51.9,"cholestrolDailyValue":17,"sodium":316.8,"sodiumDailyValue":13,"carbohydrates":27.5,"carbohydratesDailyValue":9,"sugars":18.9,"protein":20.6,"proteinDailyValue":41,"vitaminA":9.6,"vitaminADailyValue":1,"vitaminC":43.8,"vitaminCDailyValue":73}}