{"ingredients":["1 14-ounce can pears, drained (fresh pears work, too)","1 two-inch knob of fresh ginger","4 cloves garlic","1/2 cup soy sauce","1/2 cup brown sugar","1 tsp sesame oil","2 lbs. top sirloin (see notes)","chopped cilantro","chopped peanuts","kimchi !!!! or slaw of some sort","sriracha mayo or yum yum sauce","flour tortillas"],"directions":["Make the sauce: Pulse pears, ginger, garlic, soy sauce, sesame oil, and brown sugar until mostly smooth. Reserve half for later use (see notes).","Cook the meat: Trim any fat off the meat and cut into a few large chunks (it will shred, but cutting the meat helps it cook faster). Place in an Instant Pot and cover with half of the sauce. Cook on high pressure (manual) for 45 minutes. Release steam and shred the meat in the Instant Pot with two forks.","Tacos: Fill each tortilla with beef, cilantro, peanuts, kimchi, and spicy mayo. Oh.My.Gosh. It’s so good."],"url":"https://pinchofyum.com/instant-pot-korean-beef-tacos","title":"Instant Pot Korean Beef Tacos","description":"Food truck fusion-style tacos, straight outta the Instant Pot! Flavorful garlic and ginger beef gets tucked into flour tortillas with kimchi, cilantro, peanuts, and spicy mayo. Oooo-ee!","image":"https://pinchofyum.com/wp-content/uploads/Korean-Beef-Tacos-Recipe-185x185.jpg","review":5,"prepTime":15,"totalTime":60,"cookTime":45,"nutrition":{"totalFat":4.2,"totalFatDailyValue":6,"cholestrol":66.9,"cholestrolDailyValue":22,"sodium":487.6,"sodiumDailyValue":20,"carbohydrates":20,"carbohydratesDailyValue":7,"sugars":16.9,"protein":26.7,"proteinDailyValue":53,"vitaminA":0,"vitaminADailyValue":0,"vitaminC":1,"vitaminCDailyValue":2}}