{"ingredients":["2 cups dessicated coconut","4 tablespoons honey or maple syrup","5 tablespoons coconut oil","1 teaspoon vanilla","4 ounces dark chocolate for melting (i.e. chocolate chips)"],"directions":["Pulse the coconut in a blender or food processor until the texture becomes like thick flour. Transfer to a bowl and add the honey or maple syrup, coconut oil, and vanilla. Stir until a thick paste forms.","Using your hands, squeeze the mixture into about 18 small balls. I found that rolling was difficult because they weren’t sticky enough, but I was able to shape them into balls by first squeezing them in my palm a few times (you’ll get some oil on your hands), and then gently shaping it from an oval into a round ball. Place the coconut balls in the refrigerator for about 30 minutes or until firm. I could tell that mine were ready because there was a small white ring of solidified coconut oil around the base of each ball.","Melt the chocolate slowly and gently until smooth and spreadable. We don’t have a microwave, so I had the best results melting this in a stainless steel bowl placed in a hot oven for about 10 minutes.","Lay out a sheet of wax paper. Using two forks, roll each coconut ball in the chocolate until completely covered. Scoop the ball out with the fork and let the extra chocolate drip off the fork. Gently nudge the chocolate covered ball onto wax paper and chill until the chocolate has hardened. Store in the refrigerator."],"url":"https://pinchofyum.com/dark-chocolate-coconut-bites","title":"Dark Chocolate Coconut Bites","description":"These dark chocolate coconut bites look like cute truffles and require just four ingredients. 130 calories of natural sweetness.","image":"https://pinchofyum.com/wp-content/uploads/2013/05/final-coconut-bites-8-183x183.jpg","servings":"18","review":4.8,"prepTime":20,"totalTime":30,"cookTime":10,"nutrition":{"totalFat":8.2,"totalFatDailyValue":13,"cholestrol":0,"cholestrolDailyValue":0,"sodium":27.1,"sodiumDailyValue":1,"carbohydrates":12.8,"carbohydratesDailyValue":4,"sugars":10.9,"protein":0.8,"proteinDailyValue":2,"vitaminA":0,"vitaminADailyValue":0,"vitaminC":0,"vitaminCDailyValue":0}}