{"ingredients":["1 small to medium apple, grated (large, not too fine)","1/3 cup oats","1/4 cup bran cereal (All Bran or Raisin Bran)","1 cup water","sprinkle of cinnamon","pinch salt","2 tsp. brown sugar","additional butter, sugar, milk or honey for topping"],"directions":["Cook the oats with the water and salt in the microwave for 1:30.","Add the bran and cook another 30 seconds.","Add grated apple and cinnamon. Microwave another 20 seconds if it’s not warm enough for you (I like mine hot)! Stir in the brown sugar.","Top with butter, honey, cream or any combination of toppings that you like!"],"url":"https://pinchofyum.com/apple-bran-oats","title":"Brown Sugar Apple Bran Oatmeal","description":"This brown sugar apple bran oatmeal combines the sweetness of grated apples with the nutty flavor of bran and oatmeal. Easy and delicious!","image":"https://pinchofyum.com/wp-content/uploads/oats-2-185x185.jpg","servings":"1","review":4.5,"prepTime":5,"totalTime":8,"cookTime":3,"nutrition":{"totalFat":4,"totalFatDailyValue":6,"cholestrol":0,"cholestrolDailyValue":0,"sodium":59.2,"sodiumDailyValue":2,"carbohydrates":72.6,"carbohydratesDailyValue":24,"sugars":27.3,"protein":10.3,"proteinDailyValue":21,"vitaminA":59.3,"vitaminADailyValue":4,"vitaminC":6.6,"vitaminCDailyValue":11}}