{"ingredients":["1 can light coconut milk","2 tablespoons peanut butter","2 tablespoons red curry paste","1 ½ tablespoons fish sauce (see notes)","2 tablespoons lime juice","3 tablespoons brown sugar","1 teaspoon minced garlic","⅓ cup crushed peanuts","up to ½ cup water or broth","extra crushed peanuts and scallions for topping"],"directions":["Pour the coconut milk into a small saucepan over high heat. When the coconut milk reaches a gentle simmer, add the peanut butter, curry paste, fish sauce, lime juice, brown sugar, and garlic. Whisk and keep on high heat for 15 minutes or until the sauce has reduced and thickened.","Add the peanuts and simmer for another 5-10 minutes. When the sauce coats the back of a spoon, add small amounts of broth or water and whisk to adjust consistency depending on how you will use it and how thick you want it. If the sauce separates, just whisk vigorously to smooth it out again.","Serve over rice, noodles, chicken, fish, vegetables, or any other way that sounds good to you! Top with crushed peanuts and scallions."],"url":"https://pinchofyum.com/red-thai-curry-sauce","title":"Red Thai Curry Sauce","description":"This simple Thai Curry Sauce is extremely versatile. Serve it with rice, noodles, meat, veggies, or as a base for soups, marinades, and more.","image":"https://pinchofyum.com/wp-content/uploads/Thai-Curry-Sauce-71-Square-183x183.jpg","servings":"4","review":5,"prepTime":5,"totalTime":35,"cookTime":30,"nutrition":{"totalFat":28.1,"totalFatDailyValue":43,"cholestrol":0,"cholestrolDailyValue":0,"sodium":773.4,"sodiumDailyValue":32,"carbohydrates":15.4,"carbohydratesDailyValue":5,"sugars":8.7,"protein":6.9,"proteinDailyValue":14,"vitaminA":337.9,"vitaminADailyValue":23,"vitaminC":4,"vitaminCDailyValue":7}}