{"ingredients":["2 cups rolled oats","1 cup pumpkin puree (I used canned)","6 ounces plain Greek yogurt (1 small container)","1/2 cup real maple syrup","2 eggs","1 teaspoon baking soda","pinch of cinnamon and salt","chocolate chips (optional)"],"directions":["Preheat oven to 375 degrees.","In a food processor or blender, pulse the oats for about ten seconds to get them mostly smooth.","Add all the rest of the ingredients with the oats and pulse until mixed (some pieces of oats may remain). Stir in chocolate chips if you want them.","Transfer to a greased muffin tin. Bake for 15-ish minutes. They’re best warm, but good the next day, too. Mmmm, yummy!"],"url":"https://pinchofyum.com/favorite-pumpkin-muffins","title":"Favorite Pumpkin Muffins","description":"These Pumpkin Muffins! ???? Made with oats instead of flour and real maple syrup instead of refined sugar. And everyone loves them, including meeee!","image":"https://pinchofyum.com/wp-content/uploads/Pumpkin-Muffin-Recipe-185x185.jpg","servings":"10-12 muffins","review":4.6,"prepTime":5,"totalTime":20,"cookTime":15,"nutrition":{"totalFat":1.6,"totalFatDailyValue":2,"cholestrol":32.9,"cholestrolDailyValue":11,"sodium":124.3,"sodiumDailyValue":5,"carbohydrates":20.1,"carbohydratesDailyValue":7,"sugars":9.2,"protein":4.2,"proteinDailyValue":8,"vitaminA":172.5,"vitaminADailyValue":11,"vitaminC":0.9,"vitaminCDailyValue":1}}