{"ingredients":["3/4 cup coconut oil (measured while solid)","4.5 ounces unsweetened chocolate","1 cup packed brown sugar","3 eggs","1 teaspoon salt","3/4 cup all purpose flour"],"directions":["Preheat the oven to 350 degrees. Melt the coconut oil and the chocolate over very low, gentle heat.","Whisk the chocolate mixture in a bowl with the brown sugar. Whisk in the eggs until the mixture thickens, about 30 seconds. Stir in the flour and salt until just combined. The mixture will be oily and heavy.","Pour into a 9-inch square baking dish (mine was glass) and bake for 25-28 minutes. There may be a small amount of oil sitting on top or around the edges of the brownies – that’s okay – it will reabsorb when you take them out of the oven. The less time you bake for, the more fudgy the brownies will be.","Let the brownies cool for a few hours or overnight for the most clean cut pieces (but let’s be honest – you better break into those while they’re still warm). The brownies should be fudgy and dense and delicious, almost like a cross between traditional brownies and little pieces of fudge."],"url":"https://pinchofyum.com/extra-fudgy-coconut-oil-brownies","title":"Extra Fudgy Coconut Oil Brownies","description":"Extra Fudgy Coconut Oil Brownies made with just five simple ingredients – super thick, super fudgy, and a great way to use coconut oil!","image":"https://pinchofyum.com/wp-content/uploads/Coconut-Oil-Brownies-Recipe-185x185.jpg","servings":"12 brownies","review":3.9,"prepTime":10,"totalTime":35,"cookTime":25,"nutrition":{"totalFat":18.8,"totalFatDailyValue":29,"cholestrol":47.1,"cholestrolDailyValue":16,"sodium":216.1,"sodiumDailyValue":9,"carbohydrates":23.5,"carbohydratesDailyValue":8,"sugars":15.7,"protein":3,"proteinDailyValue":6,"vitaminA":20.3,"vitaminADailyValue":1,"vitaminC":0,"vitaminCDailyValue":0}}