{"ingredients":["1 lb. raw, tail-off shrimp","3 tablespoons oil","3 cloves garlic","1 onion","1 head green cabbage","2 large carrots","8 ounces dry pancit canton noodles","3 cups chicken stock","2 tablespoons soy sauce","1 tablespoon fish sauce","calamansi (or lime) juice to taste","sliced green onions for topping"],"directions":["Mince the garlic and onion. Heat 1 tablespoon of oil in a large skillet. Add garlic and onion and stir-fry until soft, about 3 minutes. Add shrimp and cook, stirring frequently, until no longer translucent, about 3-5 minutes. Remove from heat and set aside.","Chop the cabbage and peel and grate the carrot. Add another tablespoon of oil into the skillet and stir fry the vegetables until tender-crisp, about 5 minutes. Remove from heat and set aside.","In a large pot, bring the chicken stock, soy sauce, and fish sauce to a boil. Add the pancit noodles and boil until the noodles are soft, about 5 minutes. Add the shrimp and vegetables to the pot and stir to combine.","Add the remaining tablespoon of oil to a large skillet and add the contents of the pot. Stir fry the mixture for about 10 minutes. When most of the liquid has been absorbed, remove from heat and stir in the calamansi juice. Top with sliced green onions."],"url":"https://pinchofyum.com/stir-fried-noodles-with-shrimp-and-vegetables","title":"Stir Fried Noodles with Shrimp and Vegetables","description":"These addicting stir fried noodles are also known as Filipino Pancit Canton. With shrimp, vegetables, and deliciously simple flavors.","image":"https://pinchofyum.com/wp-content/uploads/2012/10/pancit2-183x183.jpg","servings":"5-6","review":5,"prepTime":15,"totalTime":35,"cookTime":20,"nutrition":{"totalFat":9.4,"totalFatDailyValue":14,"cholestrol":125.2,"cholestrolDailyValue":42,"sodium":770.3,"sodiumDailyValue":32,"carbohydrates":51.2,"carbohydratesDailyValue":17,"sugars":10.8,"protein":23.3,"proteinDailyValue":47,"vitaminA":410.5,"vitaminADailyValue":27,"vitaminC":59.8,"vitaminCDailyValue":100}}