{"ingredients":["12 ounces firm silken firm tofu","1/2 cup Almond Breeze Chocolate Almondmilk","1/2 cup almond butter","12 ounces chocolate chips*","flaky sea salt for topping","pie crust of your choice! ideas in the notes section."],"directions":["Chocolate Pie Filling: Blend the tofu, almondmilk, and almond butter until smooth. Melt the chocolate chips. Add to the blender and blend until smooth – it gets pretty thick so you might need to help it along with a spatula between blends.","Chocolate Pie Assembly: Pour filling into a crust, sprinkle with sea salt if you want, and chill for 12-24 hours. Cut and serve!"],"url":"https://pinchofyum.com/vegan-chocolate-pie","title":"Mind-Blowing Vegan Chocolate Pie","description":"This vegan chocolate pie is a five-ingredient, no-bake miracle. The ultra-thick and creamy chocolate pie filling is made with (wait for it)… tofu, almond butter, almondmilk, and melted chocolate. Easy!","image":"https://pinchofyum.com/wp-content/uploads/Vegan-Chocolate-Pie-Recipe-185x185.jpg","servings":"10 slices","review":4.8,"prepTime":10,"totalTime":10,"nutrition":{"totalFat":28.6,"totalFatDailyValue":44,"cholestrol":0,"cholestrolDailyValue":0,"sodium":133,"sodiumDailyValue":6,"carbohydrates":40.6,"carbohydratesDailyValue":14,"sugars":24.9,"protein":8.5,"proteinDailyValue":17,"vitaminA":9.3,"vitaminADailyValue":1,"vitaminC":0,"vitaminCDailyValue":0}}