{"ingredients":["1/3 cup olive oil","3 tablespoons warm water","1 or 2 large cloves garlic, chopped","1 teaspoon agave nectar","juice of one lemon","salt and pepper to taste (I started with 1/4 teaspoon salt)","a handful of parsley leaves","1 cup quinoa, rinsed","8 leaves romaine lettuce","3 large carrots, peeled","1 cup cherry or grape tomatoes, halved","3/4 cup chopped herbs of choice (see notes)","Parmesan cheese for serving (optional)"],"directions":["Puree the dressing ingredients in a food processor until smooth. Store in fridge until ready to use.","Cook the quinoa according to package directions. When finished cooking, chill in the fridge or freezer. The texture of the salad is better when the quinoa is cool and crumbles a little more easily (instead of hot and sticky).","Shred the lettuce into long, thin pieces (or to whatever texture you like). Cut the carrots into a few big chunks and mince them in the food processor with 3-5 pulses. Toss the tomatoes, carrots, and chopped herbs together. Toss the cooled quinoa with the dressing; add the carrots, tomatoes, and herb mixture. When ready to serve, toss with the lettuce."],"url":"https://pinchofyum.com/herbed-quinoa-garden-veggie-salad","title":"Herbed Quinoa Garden Veggie Salad","description":"This Herbed Quinoa Garden Veggie Salad is tossed with a lemon herb vinaigrette – so fresh and perfect for summer potlucks or patio dinners.","image":"https://pinchofyum.com/wp-content/uploads/2014/06/quinoa-salad-51-183x183.jpg","servings":"8","review":4.8,"prepTime":15,"totalTime":30,"cookTime":15,"nutrition":{"totalFat":10.5,"totalFatDailyValue":16,"cholestrol":0,"cholestrolDailyValue":0,"sodium":56.5,"sodiumDailyValue":2,"carbohydrates":26.3,"carbohydratesDailyValue":9,"sugars":3.8,"protein":7,"proteinDailyValue":14,"vitaminA":363.3,"vitaminADailyValue":24,"vitaminC":19.4,"vitaminCDailyValue":32}}