{"ingredients":["2 tablespoons butter","1 yellow onion, thinly sliced","1/2 cup flour","1/2 teaspoon salt","1/2 teaspoon chili powder","1/4 teaspoon thyme","1/4 teaspoon allspice","2 lbs. chicken thighs with skin (4-5)","2 tablespoons oil","3/4 cup dry red wine","1/2 cup chicken broth","2 cups red California grapes","parsley for topping"],"directions":["To caramelize the onions, heat the butter over medium low heat in a heavy ovenproof skillet. Add the onions cook for 20 minutes or so, stirring occasionally. When the onions are a deep golden color, remove from the pan and set aside.","To make the chicken, preheat the oven to 400 degrees. Combine the flour, salt, chili powder, thyme, allspice, and black pepper. Dredge each piece of chicken in the flour mixture, shaking off the excess.","In the same pan as the onions, heat the oil over medium high heat. Add each piece of chicken skin-side down and fry for a few minutes until golden brown; flip and cook for a few more minutes. Transfer to a plate (if it’s not fully cooked, that’s okay – it will finish in the oven – the idea here is just getting it browned on the outside).","Turn the heat down and let the oil cool off a little bit. Add the wine – this will definitely bubble and sizzle! Add the broth and simmer until the mixture is thickened slightly. Add the onions and chicken to the pan (skin side up) and bake for 20 minutes.","Remove from the oven, add the grapes, baste with the sauce, and bake for another 5-10 minutes. Top with parsley and serve with a green salad, bread, quinoa, rice, etc."],"url":"https://pinchofyum.com/skillet-chicken-with-grapes-and-caramelized-onions","title":"Skillet Chicken with Grapes and Caramelized Onions","description":"Skillet Chicken with Grapes and Caramelized Onions – an easy recipe that makes a perfect pair for a crisp green salad, quinoa, or fresh bread!","image":"https://pinchofyum.com/wp-content/uploads/Skillet-Chicken-with-Grapes-Recipe-185x185.jpg","servings":"4 servings","review":4.8,"prepTime":15,"totalTime":65,"cookTime":50,"nutrition":{"totalFat":18.8,"totalFatDailyValue":29,"cholestrol":85.9,"cholestrolDailyValue":29,"sodium":491.9,"sodiumDailyValue":20,"carbohydrates":27.9,"carbohydratesDailyValue":9,"sugars":11.9,"protein":17.7,"proteinDailyValue":35,"vitaminA":61.2,"vitaminADailyValue":4,"vitaminC":2.9,"vitaminCDailyValue":5}}