{"ingredients":["2 large sweet potatoes, cut into chunks","a swish of olive oil","1-2 teaspoons turmeric","2 cloves garlic, minced","2 cups vegetable broth","1/4 cup lemon juice","1/3 cup olive oil","1 small clove garlic","2 teaspoons agave","1/4 cup parsley leaves","1/4 teaspoon salt (more to taste)","poached or scrambled eggs","brown rice or quinoa","arugula or spinach or greensss","pistachios or other nuts for topping"],"directions":["TURMERIC MASHED SWEET POTATOES: Heat the sweet potatoes with olive oil in a skillet over medium high heat. Add the turmeric and toss to coat. Add the garlic and vegetable broth. Simmer until the potatoes are soft and the liquid is almost all absorbed. Transfer to a small bowl and mash. Season with salt and pepper and/or a touch of cream if you want to be lush about it.","DRESSING: Pulse all ingredients in a blender or food processor. Season to taste.","BOWLS: Toss the greens with a little dressing. You can also stir a little dressing into the sweet potatoes – that’s yummy. Serve each bowl with the mashed sweet potatoes, brown rice, greens, and a scrambled or poached or fried egg. Top with more dressing and a handful of pistachios."],"url":"https://pinchofyum.com/healing-bowls","title":"Healing Bowls with Turmeric Sweet Potatoes, Poached Eggs, and Lemon Dressing","description":"Healing Bowls: turmeric sweet potatoes, brown rice, red quinoa, arugula, poached egg, lemon dressing.","image":"https://pinchofyum.com/wp-content/uploads/Healing-Bowl-Recipe-185x185.jpg","servings":"4","review":4.9,"prepTime":15,"totalTime":25,"cookTime":10,"nutrition":{"totalFat":15.9,"totalFatDailyValue":24,"cholestrol":0,"cholestrolDailyValue":0,"sodium":438.9,"sodiumDailyValue":18,"carbohydrates":12.7,"carbohydratesDailyValue":4,"sugars":5,"protein":0.9,"proteinDailyValue":2,"vitaminA":206.8,"vitaminADailyValue":14,"vitaminC":13,"vitaminCDailyValue":22}}