{"ingredients":["2 sweet potatoes","1 tablespoon oil","1 heaping teaspoon each cumin and chili powder (plus a sprinkle of cayenne if you like it hot)","salt and pepper to taste","1 14-ounce can black beans, rinsed and drained","1 14-ounce can sweet corn, rinsed and drained","1 romaine heart, chopped","half an avocado","1/4 cup Greek yogurt","1/2 cup water","1 cup cilantro leaves and stems","1 small clove of garlic","1/2 teaspoon salt","a squeeze of lime juice"],"directions":["Preheat the oven to 400 degrees. Peel the sweet potatoes and chop into bite-sized pieces. Mix the olive oil, cumin, and chili powder together in a small bowl. Brush mixture on sweet potatoes. Roast for 10 minutes. Stir or shake the pan. Turn heat up to 425, and roast for another 10-15 minutes. Check, stir, and bake until the sweet potatoes are just barely roasty-brown on the outside. Season with salt and pepper.","Meanwhile, pulse all the dressing ingredients in a food processor until mostly smooth.","Toss the beans, corn, lettuce, and sweet potatoes with the dressing. Serve with chips and/or the other half of the avocado for extra yum!"],"url":"https://pinchofyum.com/spicy-southwestern-salad-avocado-dressing","title":"Spicy Southwestern Salad with Avocado Dressing","description":"This healthy Spicy Southwestern Salad recipe has roasted sweet potatoes, black beans, corn, lettuce, and creamy avocado dressing!","image":"https://pinchofyum.com/wp-content/uploads/Chopped-Southwestern-Salad-Recipe-185x185.jpg","servings":"4 big salads","review":4.7,"prepTime":15,"totalTime":35,"cookTime":20,"nutrition":{"totalFat":8.2,"totalFatDailyValue":13,"cholestrol":2.3,"cholestrolDailyValue":1,"sodium":874.5,"sodiumDailyValue":36,"carbohydrates":41.6,"carbohydratesDailyValue":14,"sugars":6.3,"protein":11,"proteinDailyValue":22,"vitaminA":489.5,"vitaminADailyValue":33,"vitaminC":8.5,"vitaminCDailyValue":14}}