{"ingredients":["8 tablespoons salted butter, divided","8 tablespoons coconut oil, divided","2 tablespoons cocoa powder","4 tablespoons honey, divided","2 tablespoons almond butter","1 teaspoon vanilla","a couple pinches of salt (to taste)","1 heaping cup frozen raspberries","1/2 cup whole or chopped pecans","cacao nibs, flaked coconut, sea salt, or anything else you might like as a topping"],"directions":["Line a pie plate with parchment paper or foil. Arrange the raspberries and the pecans in a single layer.","Melt 4 tablespoons butter and 4 tablespoons coconut oil together until smooth. Whisk in the cocoa powder, 2 tablespoons honey, 1/2 teaspoon vanilla, and a pinch of salt. Taste, adjust, and pour the mixture over the berries in the pie plate.","Melt the remaining 4 tablespoons butter and 4 tablespoons coconut oil together until smooth. Add the almond butter, 2 tablespoons honey, 1/2 teaspoon vanilla, and a pinch of salt – stir until melted. Taste, adjust, and pour the mixture over the chocolate mixture in the pan.","Freeze for at least 30 minutes – right around the 30 minute mark they will be sturdy and solid but still awesomely semi-soft and bite-able. Cut into wedges to serve. (I stored my leftovers in the freezer and then just let them thaw a bit before eating each time.)"],"url":"https://pinchofyum.com/chocolate-raspberry-almond-butter-bars","title":"Chocolate Raspberry Almond Butter Bars","description":"Chocolate Raspberry Almond Butter Bars! So beautiful, naturally sweetened, and fully loaded. Naturally sweetened, so these are completely guilt-free!","image":"https://pinchofyum.com/wp-content/uploads/Chocolate-Raspberry-Bars-Recipe-185x185.jpg","servings":"10-12 slices (nutrition is for 1 out of 12)","review":4.4,"prepTime":15,"totalTime":45,"cookTime":30,"nutrition":{"totalFat":21.6,"totalFatDailyValue":33,"cholestrol":20.4,"cholestrolDailyValue":7,"sodium":61.7,"sodiumDailyValue":3,"carbohydrates":8.9,"carbohydratesDailyValue":3,"sugars":6.6,"protein":1.4,"proteinDailyValue":3,"vitaminA":65.1,"vitaminADailyValue":4,"vitaminC":3.1,"vitaminCDailyValue":5}}