{"ingredients":["1 lb. chicken breasts","1 can black beans, drained and rinsed","1 can corn, drained","16 oz. fresh salsa","3 tablespoons taco seasoning","1/4 cup water (optional)","12 small corn tortillas","1 cup shredded cheddar cheese","1 avocado, diced","1/4 cup crema (see notes)","fresh cilantro, Cotija cheese for topping"],"directions":["Put the first 6 ingredients in a crockpot. If your salsa is not very saucy, be sure to include the 1/4 cup water or more if necessary. Cook on high for about 3 hours (or longer on the low setting) until chicken is cooked through. You can also cut the chicken breasts into halves to help them cook faster. Use 2 forks to shred the chicken and mix everything together.","Preheat the oven to 400 degrees. Soften the corn tortillas in the microwave, 3 at a time, for about 25 seconds. Fill them with a few tablespoons of filling, roll once, and place seam-side down in a large baking dish (I did 2 smaller baking dishes). Continue until all tortillas have been filled, rolled and placed in dish. Be sure to pack them in tightly next to each other so that they don’t come apart.","Sprinkle evenly with the shredded cheese and bake for about 15-20 minutes, until cheese is melted and bubbly and everything is heated through.","Remove from oven and drizzle with crema. Sprinkle with avocado pieces, fresh cilantro, and Cotija cheese crumbles."],"url":"https://pinchofyum.com/skinny-chicken-enchiladas","title":"Skinny Chicken Enchiladas","description":"These skinny chicken enchiladas are super easy and healthy, too! Just 350 calories for two enchiladas. Filling made in the crockpot!","image":"https://pinchofyum.com/wp-content/uploads/2012/02/enchilada-upload-183x183.jpg","servings":"6","review":4.9,"prepTime":180,"totalTime":200,"cookTime":20,"nutrition":{"totalFat":19.5,"totalFatDailyValue":30,"cholestrol":69.6,"cholestrolDailyValue":23,"sodium":993.9,"sodiumDailyValue":41,"carbohydrates":44.3,"carbohydratesDailyValue":15,"sugars":7.1,"protein":29.4,"proteinDailyValue":59,"vitaminA":123.4,"vitaminADailyValue":8,"vitaminC":16.4,"vitaminCDailyValue":27}}