{"ingredients":["3 cups grated zucchini (I used about 2 whole zucchini)","2 beaten eggs","2 teaspoons vanilla","1 cup olive oil (light or mild tasting)","2/3 cup real maple syrup","1/3 cup raw honey, softened","1 1/2 cups whole wheat flour","1 1/2 cups all purpose flour","2 teaspoons baking soda","2 teaspoons baking powder","1/2 teaspoon salt","1 1/2 teaspoons cinnamon"],"directions":["Preheat the oven to 350 degrees. In a mixing bowl, combine the zucchini, eggs, vanilla, olive oil, maple syrup, and honey. Stir gently until mixed; set aside.","In a large mixing bowl, combine the flours, baking soda, baking powder, salt, and cinnamon. Stir to combine and make a well in the middle. Pour the wet mixture from step one into the well and stir just a few times until barely combined. Overmixing makes the muffins tough and hard, so I try to limit myself to 15 big around-the-bowl stirs.","Pour the batter in a muffin tin greased with nonstick cooking spray or lined with paper cups. You should be able to get 6-8 jumbo muffins or 15-16 regular sized muffins. Bake for 20 minutes or until the muffins are golden brown and the tops spring back when you press on them."],"url":"https://pinchofyum.com/honey-olive-oil-zucchini-muffins","title":"Honey and Olive Oil Zucchini Muffins","description":"These Honey and Olive Oil Zucchini Muffins are made with healthier ingredients and no refined sugar. Super moist and delicious with big puffy tops!","image":"https://pinchofyum.com/wp-content/uploads/2014/08/zucchini-muffins-6-183x183.jpg","servings":"15-16 regular sized muffins","review":4.8,"prepTime":15,"totalTime":35,"cookTime":20,"nutrition":{"totalFat":15.1,"totalFatDailyValue":23,"cholestrol":23.3,"cholestrolDailyValue":8,"sodium":243.5,"sodiumDailyValue":10,"carbohydrates":32.8,"carbohydratesDailyValue":11,"sugars":14.3,"protein":3.8,"proteinDailyValue":8,"vitaminA":12.2,"vitaminADailyValue":1,"vitaminC":3.8,"vitaminCDailyValue":6}}