{"ingredients":["3 eggs","1 1/2 cups flour (I use whole wheat pastry flour)","1 teaspoon baking soda","3/4 teaspoon salt","1 tablespoon sugar","1 2/3 cup buttermilk","3 tablespoons butter, melted"],"directions":["Separate eggs; beat egg yolks. Sift dry ingredients; add alternately with buttermilk to the beaten egg yolks. Add melted butter. Whisk the egg whites for about a minute and fold into the batter.","Bake on hot griddle (400 degrees) until bubbles rise in the pancakes, about 3 minutes. Flip and cook another 2 minutes or until golden brown. Serve immediately."],"url":"https://pinchofyum.com/classic-dinner-pancakes","title":"Classic Dinner Pancakes","description":"These classic DINNER pancakes are my favorite when we have breakfast for dinner. So soft and fluffy and just begging for maple syrup.","image":"https://pinchofyum.com/wp-content/uploads/Pancakes1-185x185.jpg","servings":"6","review":4,"prepTime":5,"totalTime":10,"cookTime":5,"nutrition":{"totalFat":10.9,"totalFatDailyValue":17,"cholestrol":115.7,"cholestrolDailyValue":39,"sodium":653.5,"sodiumDailyValue":27,"carbohydrates":30.4,"carbohydratesDailyValue":10,"sugars":5.6,"protein":9.5,"proteinDailyValue":19,"vitaminA":120.4,"vitaminADailyValue":8,"vitaminC":0,"vitaminCDailyValue":0}}