{"ingredients":["2 bags waffle pretzels (I like the butter flavored ones)","2 bags Hershey hugs","1 bag Holiday M&M’s"],"directions":["Line a baking sheet with parchment paper. Fill baking sheet with as many pretzels as you can!","Unwrap the hugs and place 1 hug on each pretzel.","Bake at 170 degrees for 4-6 minutes, or until hugs have melted to cover most of the pretzel.","Remove from oven and gently place an M&M on each pretzel. Refrigerate for 15-20 minutes to set."],"url":"https://pinchofyum.com/holiday-pretzel-bites","title":"Holiday Pretzel Bites","description":"These holiday pretzel bites are so easy to make – just pretzels, hershey hugs, and red and green M&Ms. Fun for kids and perfect for gifting.","image":"https://pinchofyum.com/wp-content/uploads/holiday-pretzel-185x185.jpg","servings":"16","review":4.8,"prepTime":30,"totalTime":40,"cookTime":10,"nutrition":{"totalFat":21,"totalFatDailyValue":32,"cholestrol":8.4,"cholestrolDailyValue":3,"sodium":76.2,"sodiumDailyValue":3,"carbohydrates":54.5,"carbohydratesDailyValue":18,"sugars":43.4,"protein":4,"proteinDailyValue":8,"vitaminA":21,"vitaminADailyValue":1,"vitaminC":0.3,"vitaminCDailyValue":0}}