{"ingredients":["1 medium-sized head of cauliflower","2 tablespoons sesame oil","1 large carrot, cubed","2 garlic cloves, minced","1 cup frozen edamame","2 beaten eggs (use scrambled tofu for vegan)","3 tablespoons low sodium soy sauce (use tamari for GF)","6 green onions, minced"],"directions":["PREP CAULIFLOWER: Shred cauliflower using the largest side of a grater OR by just pulsing some rough cut pieces in a food processor; the end product should resemble smallish grains of rice.","STIR FRY: Heat 1 tablespoon sesame oil in a large skillet over medium low heat. Add the carrots and garlic and stir fry until fragrant, about 5 minutes. Add the cauliflower, edamame, and remaining sesame oil to the pan; stir fry quickly to cook the cauliflower to a soft (but not mushy) texture.","FINISHING TOUCHES: Make a well in the middle, turn the heat down, and add the eggs. Stir gently and continuously until the eggs are fully cooked. Stir in the soy sauce and green onions just before serving."],"url":"https://pinchofyum.com/15-minute-cauliflower-fried-rice","title":"15 Minute Cauliflower Fried Rice","description":"15 Minute Cauliflower Fried Rice – healthy + clean fried rice made with cauliflower, carrots, onions, garlic, eggs/tofu, and sesame oil! Vegetarian / vegan / gluten free.","image":"https://pinchofyum.com/wp-content/uploads/Cauliflower-Fried-Rice-Recipe-185x185.jpg","servings":"4 servings","review":4.5,"prepTime":10,"totalTime":15,"cookTime":5,"nutrition":{"totalFat":10.9,"totalFatDailyValue":17,"cholestrol":93,"cholestrolDailyValue":31,"sodium":455.7,"sodiumDailyValue":19,"carbohydrates":9.6,"carbohydratesDailyValue":3,"sugars":3.7,"protein":9.1,"proteinDailyValue":18,"vitaminA":226.3,"vitaminADailyValue":15,"vitaminC":38.7,"vitaminCDailyValue":65}}