{"ingredients":["3/4 cup low sodium soy sauce","1/2 cup water","1/4 cup white vinegar","1/4 cup oil (olive oil is fine)","a 2-inch knob of fresh ginger (peeled)","4 cloves garlic","4 medjool dates (you can also use 1/4 cup honey or sugar)","1 pound boneless skinless chicken breasts or thighs, cut into strips","1 head broccoli, cut into florets (about 5 cups)","1 red pepper, cut into strips","sesame oil, sesame seeds, and/or green onions for topping"],"directions":["Prep Sauce: Preheat the oven to 425 degrees. Blend all sauce ingredients together until smooth.","Sheet Pan Action: Place chicken, broccoli, and red pepper on a sheet pan. Pour about 1/2 cup sauce over top of the chicken and just a few tablespoons over the veggies. Bake for 10-15 minutes.","Finish It Fancy: While the broccoli and chicken are roasting, simmer another 1/2 cup or so of sauce in a small saucepan over medium low heat until it’s thickened. Drizzle it over the finished chicken and broccoli. Finish with sesame oil, sesame seeds, or scallions. Voila! Happy bowls and meal prep lunches."],"url":"https://pinchofyum.com/garlic-ginger-chicken","title":"Sheet Pan Garlic Ginger Chicken and Broccoli","description":"Sheet Pan Garlic Ginger Chicken and Broccoli – a simple and low-maintenance meal prep option, with huge flavor and no refined sugar. ♡","image":"https://pinchofyum.com/wp-content/uploads/Sheet-Pan-Garlic-Ginger-Chicken-Recipe-185x185.jpg","servings":"4","review":4.7,"prepTime":15,"totalTime":30,"cookTime":15,"nutrition":{"totalFat":17.9,"totalFatDailyValue":27,"cholestrol":82.7,"cholestrolDailyValue":28,"sodium":1825.5,"sodiumDailyValue":76,"carbohydrates":34.4,"carbohydratesDailyValue":11,"sugars":20.6,"protein":35.2,"proteinDailyValue":70,"vitaminA":123.4,"vitaminADailyValue":8,"vitaminC":188.9,"vitaminCDailyValue":315}}