{"ingredients":["2 sweet potatoes, diced","1/2 tablespoon olive oil","1/2 tablespoon gravy herbs (rosemary, sage, thyme, nutmeg, salt, pepper)","salt to taste","4 cups chopped kale","1 cup walnuts","1 tablespoon butter (replace with coconut oil if vegan)","3 tablespoons white sugar","3 tablespoons almond butter","1 tablespoon olive oil","2 tablespoons freshly squeezed orange juice","3 tablespoons water","1 tablespoon stoneground mustard","½ tablespoon raw honey or maple syrup","¼ teaspoon salt, more to taste","½ teaspoon minced garlic"],"directions":["Sweet Potatoes: Preheat the oven to 450 degrees. Toss the sweet potatoes with the oil and gravy herbs. Spread on a greased baking sheet. Roast for 20 minutes – check the potatoes for doneness, gently stir, and return to oven. Repeat this process every five minutes for about 15 more minutes (total roasting time should be anywhere from 30-45 minutes). Turn up the heat to 475 and roast for a final 5-10 minutes to really brown them nice and pretty. When they’re done, they should be visibly browned and relatively “dry” to the touch so that once you loosen them you can shake the pan and they slide back and forth easily.","Kale: Cut the kale into very small bite-sized pieces, or shred it into tiny bits (like pictured). Set aside.","Walnuts: Melt the butter in a medium saucepan and add the walnuts and sugar. Stir continuously over moderate heat for about 5 minutes. When the sugar has dissolved and the mixture has coated the walnuts, transfer to foil or wax paper to separate and cool.","Dressing: Pulse all ingredients together in a food processor. Taste and adjust.","Assembly: Toss all the ingredients together just before serving OR arrange the nuts, sweet potatoes, and any other toppings you want over the top of the kale in pretty colorful rows. Drizzle with dressing and enjoy."],"url":"https://pinchofyum.com/roasted-sweet-potato-salad-candied-walnuts","title":"Roasted Sweet Potato Salad with Candied Walnuts","description":"This Roasted Sweet Potato Salad has a handful of shredded kale, candied walnuts, and the best creamy almond dressing. Yum!","image":"https://pinchofyum.com/wp-content/uploads/sweet-potato-salad-recipe-1-185x185.jpg","servings":"4","review":4.8,"prepTime":15,"totalTime":75,"cookTime":60,"nutrition":{"totalFat":35.2,"totalFatDailyValue":54,"cholestrol":7.6,"cholestrolDailyValue":3,"sodium":190,"sodiumDailyValue":8,"carbohydrates":33.9,"carbohydratesDailyValue":11,"sugars":16.7,"protein":9.3,"proteinDailyValue":19,"vitaminA":567,"vitaminADailyValue":38,"vitaminC":25.3,"vitaminCDailyValue":42}}