{"ingredients":["1 cup lentils, rinsed","4 cups vegetable broth","2 medium sweet potatoes, unpeeled and diced.","1 teaspoon turmeric","3 tablespoons oil","1 tablespoon butter","2 cloves garlic, minced","1/2 onion, thinly sliced","1/2 head green cabbage, thinly shredded","2 jalapenos, ribs and seeds removed, minced","2 teaspoons fresh minced ginger","14.5 ounce can fire roasted tomatoes","2/3 cup regular coconut milk","cilantro for topping","salt to taste"],"directions":["Pour lentils, broth, and sweet potatoes into a large pot. Bring to a boil and then simmer on low for 30-45 minutes, or until lentils and sweet potatoes are just barely done cooking. Add the turmeric, tomatoes and ginger to the pot and cook for another 10 minutes.","Heat the oil and butter in a large skillet. Add garlic, onions, and jalapenos. Saute for 2-3 minutes. Add the cabbage and cook for 10 minutes, or until cabbage is cooked through.","Add cabbage to lentil pot and stir in coconut milk. Top with cilantro."],"url":"https://pinchofyum.com/creamy-thai-sweet-potatoes-and-lentil","title":"Creamy Thai Sweet Potatoes and Lentils","description":"These creamy Thai sweet potatoes and lentils are so healthy and so delicious! Made with cabbage, sweet potatoes, lentils, and tomatoes, just to name a few!","image":"https://pinchofyum.com/wp-content/uploads/2012/03/lentils-183x183.jpg","servings":"6","review":4.7,"prepTime":20,"totalTime":80,"cookTime":60,"nutrition":{"totalFat":15.6,"totalFatDailyValue":24,"cholestrol":5.1,"cholestrolDailyValue":2,"sodium":496.2,"sodiumDailyValue":21,"carbohydrates":20.8,"carbohydratesDailyValue":7,"sugars":6.7,"protein":4.1,"proteinDailyValue":8,"vitaminA":368.3,"vitaminADailyValue":25,"vitaminC":26.5,"vitaminCDailyValue":44}}