{"ingredients":["1 lb. red potatoes, washed and quartered","olive oil","Sel de Cuisine seasoning (or any seasoning that you like)","3 tbs. mayonnaise (I used the kind made with olive oil)","1/3 cup sour cream","2 tbs. maple syrup","2 tbs. brown sugar","2 tbs. fig preserves (my new favorite!)"],"directions":["Preheat the oven to 425. In a large bowl, drizzle potatoes with olive oil. Sprinkle seasoning to taste. Place on a greased baking sheet or roasting pan and bake for about 15-20 minutes.","Check doneness of potatoes, adjust heat and seasoning as needed. Roast another 10-15 minutes if necessary.","Mix all ingredients and stir until well combined (it might help to use a whisk).","Refrigerate until ready to use!"],"url":"https://pinchofyum.com/roasted-potatoes-with-maple-fig-sauce","title":"Roasted Potatoes with Maple Fig Sauce","description":"This simple maple fig sauce is made with maple syrup and fig preserves and served with simple roasted potatoes. A unique and delicious meal!","image":"https://pinchofyum.com/wp-content/uploads/2011/05/Roasted-Potatoes-with-Maple-Fig-Sauce-183x183.jpeg","servings":"6","prepTime":10,"totalTime":40,"cookTime":30}