{"ingredients":["1 1/2 cup all purpose flour","1 1/3 cup rolled oats","1 cup brown sugar","3/4 teaspoon baking soda","1/2 teaspoon salt","9 tablespoons salted butter, melted and slightly cooled","12 ounces semisweet chocolate chips","40 soft caramel candies","6 tablespoons milk or cream (I used heavy whipping cream)"],"directions":["Preheat the oven to 350 degrees. Combine the flour, oats, sugar, baking soda, and salt in a large mixing bowl. Melt the butter, let it cool, and pour into the mixing bowl with the dry ingredients. Stir (I just used a wooden spoon) until a soft dough forms. It should be just slightly crumbly. If the dough feels wet and heavy, add a little more flour.","Press 3/4 of the dough into a 9×13 baking dish. Reserve the remaining 1/4 for topping. Bake for about 13 minutes or until the top is barely golden brown.","While crust is baking, unwrap caramels and melt in the microwave with the cream. Stir until the mixture is smooth and pourable.","Sprinkle chocolate chips over the baked crust. Pour the melted caramel over the chocolate chips. Crumble the remaining dough with your fingers (add a little more flour if it’s not crumbly enough) and sprinkle over the top of the bars. Bake for another 15-20 minutes, until the top layer is golden brown. Let stand for several hours or until the caramel is cooled."],"url":"https://pinchofyum.com/chocolate-caramel-oatmeal-bars","title":"Chocolate Caramel Oatmeal Bars","description":"These chocolate caramel oatmeal bars have a sticky-sweet layer of melted chocolate and caramel over a oatmeal cookie crust. SO addicting!","image":"https://pinchofyum.com/wp-content/uploads/2013/06/bars-42-183x183.jpg","servings":"30","review":4.6,"prepTime":20,"totalTime":60,"cookTime":40,"nutrition":{"totalFat":8.4,"totalFatDailyValue":13,"cholestrol":10.4,"cholestrolDailyValue":3,"sodium":133.5,"sodiumDailyValue":6,"carbohydrates":31.8,"carbohydratesDailyValue":11,"sugars":20.1,"protein":3.4,"proteinDailyValue":7,"vitaminA":32.1,"vitaminADailyValue":2,"vitaminC":0.1,"vitaminCDailyValue":0}}