{"ingredients":["1 cup black lentils","1 cup red quinoa","4 cups chicken or vegetable broth","12 ounces salmon","2-3 cups green beans or other vegetables","purple sauerkraut if you’re into the weird food zone like I am","1/2 cup olive oil","1/4 cup lemon juice","1 clove garlic","generous pinch of salt (to taste)","quick squeeze of honey or agave (to taste)","chopped parsley (optional)"],"directions":["LENTILS AND QUINOA: Preheat the oven to 450 degrees. Rinse the lentils and the quinoa. Place in a large oven safe skillet or casserole with the broth. Bake for 45-50 minutes or until almost fully cooked. Remove and fluff with a fork.","SAUCE: Make the lemon dressing by blending all ingredients in a food processor or just shaking up in a jar. Set about half of the dressing aside.","SALMON: When the lentils and quinoa are done, place the salmon and any other vegetables you want on top of the lentils (skin side down) and drizzle or brush with half of the lemon dressing. Bake for another 10 minutes. Broil for the last 2 minutes. Depending on how thick the salmon is, if it still needs time, just turn off the oven and let it sit in there for a few minutes to finish.","SERVE: When the salmon is fully cooked, serve with reserved sauce and purple sauerkraut if you like that kind of crazy."],"url":"https://pinchofyum.com/perfect-baked-salmon-lentils","title":"Perfect Baked Salmon with Lentils and Lemon Herb Sauce","description":"Perfect Baked Salmon with Lentils, Quinoa, and Lemon Herb Sauce – super healthy, high protein, bakes all in one big easy dish. This stuff is SO DELICIOUS!","image":"https://pinchofyum.com/wp-content/uploads/Baked-Salmon-Recipe-185x185.jpg","servings":"6","review":4.9,"prepTime":15,"totalTime":75,"cookTime":60,"nutrition":{"totalFat":23.1,"totalFatDailyValue":35,"cholestrol":32.2,"cholestrolDailyValue":11,"sodium":666.6,"sodiumDailyValue":28,"carbohydrates":30.7,"carbohydratesDailyValue":10,"sugars":2.3,"protein":23.4,"proteinDailyValue":47,"vitaminA":40.4,"vitaminADailyValue":3,"vitaminC":8.7,"vitaminCDailyValue":15}}