{"ingredients":["1/2 cup peanuts (I like honey roasted)","1/2 cup dates","1/4 cup peanut butter (I used chunky natural)","1 teaspoon vanilla","1 tablespoon water","4 ounces chocolate"],"directions":["Mix: Pulse JUST the peanuts in a food processor until they are broken down into fine crumbs. Add the dates, peanut butter, and vanilla to the food processor and pulse again to form a soft, sticky dough. Add the tablespoon of water if the mixture gets too sticky. For me, 1 tablespoon was just the right amount to get the mixture moving through the food processor without making it overly wet. Continue to pulse and press the mixture back down with a spoon until there are no more large pieces of dates or peanuts, and the mixture starts to stick together in one large ball.","Roll: Roll small pieces of “dough” between your hands to form small balls. The dough will leave a bit of an oily residue on your hands but should stick together really easily. Place on a plate or cookie sheet lined with parchment or wax paper. Refrigerate until you’re ready to dip in chocolate.","Dip: Melt the chocolate very slowly (double boiler, hot oven, or carefully in the microwave) and dip each ball into the chocolate. Remove the balls with two forks and let the excess drip off. Place on wax paper or parchment paper and allow the chocolate to set. You can put them in the refrigerator or freezer to keep them cold and/or help set the chocolate."],"url":"https://pinchofyum.com/peanut-butter-cookie-dough-balls","title":"Peanut Butter Cookie Dough Balls","description":"You don’t have to be vegan or gluten free to love these all-natural 5 ingredient peanut butter cookie dough balls! The perfect snack.","image":"https://pinchofyum.com/wp-content/uploads/2013/06/peanut-butter-cookie-dough-balls-19-183x183.jpg","servings":"12","review":5,"prepTime":20,"totalTime":25,"cookTime":5,"nutrition":{"totalFat":10.9,"totalFatDailyValue":17,"cholestrol":0,"cholestrolDailyValue":0,"sodium":68.7,"sodiumDailyValue":3,"carbohydrates":10.4,"carbohydratesDailyValue":3,"sugars":7.7,"protein":4.3,"proteinDailyValue":9,"vitaminA":0.1,"vitaminADailyValue":0,"vitaminC":0,"vitaminCDailyValue":0}}