{"ingredients":["1 cup flour","3/4 teaspoon baking powder","1/4 teaspoon baking soda","pinch of cinnamon","pinch of nutmeg","1/4 teaspoon salt","1/2 cup brown sugar, divided","1 egg","1/4 cup applesauce (I subbed Greek yogurt)","3 tablespoons milk, divided","4 tablespoons butter, divided","1/3 cup chocolate chips","1/2 cup powdered sugar"],"directions":["Preheat oven to 350. Mix all dry ingredients, using 1/4 cup brown sugar and setting the rest aside.","Whisk 1 tablespoon milk, 2 tablespoons melted butter, applesauce, and egg. Stir into dry mixture.","Pour batter into a gallon-sized plastic bag and cut the corner off. Pipe the batter into a greased mini-donut pan, filling each donut space about 1/2 full (for me, this was about 24 mini donuts). Bake for about 7 minutes. Remove from oven and take each donut out of the pan.","Melt remaining 2 tablespoons butter with 1/4 cup brown sugar in a small saucepan over medium heat. Stir in chocolate chips until melted. Bring to a boil and boil for about 2 minutes. Add 1 tablespoon milk and bring back to a boil. Add powdered sugar, using the last tablespoon of milk to help thin out the frosting if needed. Keep over low heat (otherwise it will start to crystallize) and dunk each mini donut into the frosting. Frosting should set almost immediately, so sprinkle each donut right away."],"url":"https://pinchofyum.com/chocolate-glazed-baked-mini-donuts","title":"Chocolate Glazed Baked Mini Donuts","description":"These chocolate glazed baked mini donuts are easy to make and so cute and yummy! Yellow cake with chocolate frosting and sprinkles.","image":"https://pinchofyum.com/wp-content/uploads/bakedminidonuts11-185x185.jpg","servings":"8","review":5,"prepTime":5,"totalTime":20,"cookTime":15,"nutrition":{"totalFat":14.7,"totalFatDailyValue":23,"cholestrol":39.1,"cholestrolDailyValue":13,"sodium":172.5,"sodiumDailyValue":7,"carbohydrates":46.4,"carbohydratesDailyValue":15,"sugars":32,"protein":4.7,"proteinDailyValue":9,"vitaminA":61.2,"vitaminADailyValue":4,"vitaminC":0.1,"vitaminCDailyValue":0}}