{"ingredients":["12 ounces extra firm tofu","1/2 cup soy sauce","1/4 cup rice vinegar","2 tablespoons agave","1 clove minced garlic","white or brown rice","carrots","cucumbers","avocado","sesame seeds","greens – I used microgreens","pickled ginger","soy sauce + wasabi for topping","sriracha + mayo for the spicy mayo drizzle"],"directions":["TOFU: Press the tofu to eliminate excess moisture. Cut into small cubes and marinate in the soy sauce, vinegar, agave, and garlic while you prep the veggies and other ingredients.","BOWLS: Prep all the veggies, rice, and toppings.","TOFU AGAIN: Heat a little bit of oil in a skillet. Drain off excess marinade and add tofu to the hot pan, shaking or stirring gently every so often to keep it from over-browning. When the tofu is browned, add to the bowls and serve.","ASSEMBLY: Divide the tofu, rice, and veggies into bowls. Top with soy sauce, spicy mayo, sesame seeds, and pickled ginger!"],"url":"https://pinchofyum.com/dynamite-plant-power-sushi-bowls","title":"Dynamite Plant Power Sushi Bowls","description":"Dynamite Sushi Bowls! just like a dynamite roll, but easier and healthier with tofu, avocado, cucumber, ginger, brown rice, and spicy mayo. Vegetarian / easily made vegan.","image":"https://pinchofyum.com/wp-content/uploads/Dynamite-Plant-Power-Sushi-Bowl-Recipe-185x185.jpg","servings":"4","review":4.7,"prepTime":10,"totalTime":25,"cookTime":15,"nutrition":{"totalFat":10.9,"totalFatDailyValue":17,"cholestrol":0,"cholestrolDailyValue":0,"sodium":1728.2,"sodiumDailyValue":72,"carbohydrates":43.9,"carbohydratesDailyValue":15,"sugars":15,"protein":17.6,"proteinDailyValue":35,"vitaminA":518.3,"vitaminADailyValue":35,"vitaminC":10.7,"vitaminCDailyValue":18}}