{"ingredients":["1 lb. whole wheat penne pasta","1 head cauliflower (about 6-7 cups of florets)","3 cups reduced sodium chicken broth, divided","3/4 cups milk","1/4 cup olive oil","1 teaspoon salt","2 cloves garlic","24 ounces fresh sliced mushrooms","4 tablespoons butter, divided","1 cup shredded Gruyere cheese","fresh sage, sliced into thin ribbons","extras: caramelized onions, bacon, sausage"],"directions":["Bring a large pot of water to boil. Cook the pasta for 5 minutes – it should still be a little firm. Drain, toss with a drizzle of oil, and set aside.","Bring a large pot of water to a boil, add the cauliflower, and cook for 5 minutes until tender-crisp. Meanwhile saute the minced garlic with a tablespoon of butter. Using a slotted spoon, transfer the cooked cauliflower to a blender with 2 cups broth, milk, oil, salt, and sauteed garlic. Puree until very smooth. You might need to do this in batches.","Preheat the oven to 400 degrees. Heat the 3 tablespoons butter in a very large skillet. Add the mushrooms and saute until golden brown.","Toss the cooked pasta, cauliflower sauce, and mushrooms together. Add the remaining cup of broth to help the consistency stay saucy.","Transfer to a deep 9×13 baking dish. Sprinkle with cheese and bake uncovered at 400 for 10-15 minutes. Some of the moisture from the mushrooms will seep out – give it a quick stir to reincorporate it and make it creamy. Top with fresh sage ribbons."],"url":"https://pinchofyum.com/healthy-mushroom-alfredo-pasta-bake","title":"Mushroom Alfredo Penne Bake","description":"Healthy Mushroom Alfredo Pasta Bake with pan-roasted mushrooms, whole wheat penne pasta, creamy cauliflower sauce, and Gruyere cheese.","image":"https://pinchofyum.com/wp-content/uploads/mushroom-alfredo-recipe-1-185x185.jpg","servings":"10","review":4.1,"prepTime":10,"totalTime":45,"cookTime":35,"nutrition":{"totalFat":15.6,"totalFatDailyValue":24,"cholestrol":24.5,"cholestrolDailyValue":8,"sodium":731.9,"sodiumDailyValue":30,"carbohydrates":43.3,"carbohydratesDailyValue":14,"sugars":9.5,"protein":13.1,"proteinDailyValue":26,"vitaminA":69.7,"vitaminADailyValue":5,"vitaminC":3.1,"vitaminCDailyValue":5}}