{"ingredients":["1 1/2 tablespoons butter or olive oil","1 minced shallot (onion or garlic works too)","8 ounces sliced baby portobello mushrooms","1 cup cherry or grape tomatoes","2 cups chopped kale, stems removed","salt to taste","2 avocados","8 pieces thick, sturdy wheat bread","melty white cheese like Provolone or Mozzarella, if you want"],"directions":["Heat the butter in a large skillet over medium high heat. Add the shallots; saute until translucent. Add the mushrooms and saute until browned lightly on the outside. Add the tomatoes and kale; saute until wilted and warmed through. Remove from heat and season with salt.","Mash the avocado in a bowl with a fork. Spread some avocado on the surface of each piece of bread. Assemble the sandwiches by carefully arranging the vegetables on the bread. Get as many veggies on as you can because the sandwiches sink down when you use the panini press.","Add the cheese on top of the veggies if you want, cover with another slice of bread, and place on a preheated panini press. When the bread is browned on the outside, remove from heat. If you did not cut the tomatoes, be careful as they might burst when you bite into them and they will be hot! 🙂"],"url":"https://pinchofyum.com/avocado-veggie-panini","title":"Avocado Veggie Panini","description":"This avocado veggie panini is stuffed with lots of sauteed mushrooms, tomatoes, and kale, and smeared with avocado. So yummy!","image":"https://pinchofyum.com/wp-content/uploads/2013/08/veggie-panini-4-183x183.jpg","servings":"4","review":4.8,"prepTime":15,"totalTime":35,"cookTime":20,"nutrition":{"totalFat":23.1,"totalFatDailyValue":35,"cholestrol":1.1,"cholestrolDailyValue":0,"sodium":442.7,"sodiumDailyValue":18,"carbohydrates":69,"carbohydratesDailyValue":23,"sugars":11.6,"protein":6,"proteinDailyValue":12,"vitaminA":69.5,"vitaminADailyValue":5,"vitaminC":45.1,"vitaminCDailyValue":75}}