{"ingredients":["1 cup mayonnaise","1 tablespoon butter","1 teaspoon tomato paste","1 teaspoon sugar or agave","1 teaspoon all-purpose spice mix (garlic powder, paprika, etc.)","salt to taste","2 tablespoons water"],"directions":["Whisk all ingredients together until smooth. That’s it. You’re done. Rock on."],"url":"https://pinchofyum.com/yum-yum-sauce","title":"5 Minute Yum Yum Sauce","description":"Yum Yum Sauce! just like the sauce from Japanese hibachi restaurants – and it’s SO EASY. Perfect with grilled chicken, steak, veggies, rice bowls, wraps, and more.","image":"https://pinchofyum.com/wp-content/uploads/Yum-Yum-Sauce-Recipe-185x185.jpg","servings":"1 cup sauce","review":4.3,"prepTime":3,"totalTime":5,"cookTime":2}