{"ingredients":["1/2 cup almond meal","1/2 cup old fashioned oats","3 tablespoons all purpose flour","1 cup milk","1 egg","1/2 teaspoon vanilla extract","1 tablespoon brown sugar","a tiny pinch of salt","4 bananas, sliced","2 tablespoons Nutella (or chocolate of any kind), melted"],"directions":["Place the oats and almond meal in a food processor. Grind for 30 seconds or until a flour-like substance forms. There should be about 1 cup of this mixture.","Transfer to a large mixing bowl and stir in the flour. Add the milk, egg, vanilla, brown sugar, and salt. Whisk for 20 seconds or until smooth and incorporated.","Heat a large nonstick skillet over low heat. Pour about 1/4 cup batter onto the pan. Carefully swirl the batter around the pan once to spread the batter out for a larger, more thin crepe. Cook until the edges of the crepe come up easily with a spatula. Carefully loosen the crepe around the edges and then inward to the center until the crepe releases from the pan; remove and set aside. Repeat with the remaining batter.","Stuff the crepes with sliced bananas and whatever else you like. I’d recommend almond butter, peanut butter, blueberries, strawberries, vanilla yogurt, cottage cheese, and ricotta cheese. Drizzle with the melted chocolate and serve warm or cold!"],"url":"https://pinchofyum.com/almond-oat-banana-crepes","title":"Almond Oat Banana Crepes","description":"These Almond Oat Banana Crepes are such a delicious way to enjoy a healthy treat for breakfast! My favorite simple, yet sweet, morning go-to!","image":"https://pinchofyum.com/wp-content/uploads/2014/03/Almond-Oat-Banana-Crepes-61-183x183.jpg","servings":"makes 6-8 crepes - so it depends on how hungry you are!","review":5,"prepTime":15,"totalTime":25,"cookTime":10,"nutrition":{"totalFat":5.1,"totalFatDailyValue":8,"cholestrol":24.5,"cholestrolDailyValue":8,"sodium":24.5,"sodiumDailyValue":1,"carbohydrates":26.2,"carbohydratesDailyValue":9,"sugars":12.8,"protein":5,"proteinDailyValue":10,"vitaminA":12.4,"vitaminADailyValue":1,"vitaminC":5.1,"vitaminCDailyValue":9}}