{"ingredients":["10-15 radishes","1 tbs. olive oil","1/2 tbs. honey","1-2 tbs. cinnamon sugar mixture"],"directions":["Preheat your oven to 350ºF. Slice the radishes approximately 1/4 inch thick and put them in a microwave safe bowl. When you are done slicing, microwave for about 30 seconds to soften them up. Drain any liquid, and add them to a larger bowl.","Add the olive oil, honey, and cinnamon sugar. Mix well to coat all of the radishes. Spread on a baking sheet lined with parchment paper. Make sure they are evenly spread out and not stacked on top of each other.","Cook for 15 minutes at 350, then remove the radishes and flip them over. Reduce oven temperature to 225 and bake for another 20 minutes. You will notice they will begin to shrink in size and crisp up, which is a good thing! Remove from the oven, plate and serve."],"url":"https://pinchofyum.com/cinnamon-sugar-radish-chips","title":"Cinnamon Sugar Radish Chips","description":"These cinnamon sugar radish chips are an easy and fun way to make use of fresh radishes! Perfect served over Greek yogurt with honey.","image":"https://pinchofyum.com/wp-content/uploads/2011/06/Cinnamon-Sugar-Radish-Chips-183x183.jpeg","servings":"2-3","review":3.3,"prepTime":15,"totalTime":50,"cookTime":35}