{"ingredients":["tomato sauce","part-skim ricotta cheese","broccoli","whole wheat pasta","parmesan cheese"],"directions":["Boil noodles.","Steam broccoli.","Drain.","Add sauce, ricotta, and broccoli to pan.","Top with parmesan cheese."],"url":"https://pinchofyum.com/tomato-ricotta-pasta-with-broccoli","title":"Tomato Ricotta Pasta with Broccoli","description":"Tomato Ricotta Pasta with Broccoli – pasta with an easy sauce made healthier with added veggies.","image":"https://pinchofyum.com/wp-content/uploads/Tomato-Ricotta-Pasta-with-Broccoli-2-183x183.jpeg","review":5,"prepTime":5,"totalTime":25,"cookTime":20,"nutrition":{"totalFat":9.9,"totalFatDailyValue":15,"cholestrol":15.6,"cholestrolDailyValue":5,"sodium":1093.6,"sodiumDailyValue":46,"carbohydrates":104.9,"carbohydratesDailyValue":35,"sugars":12.6,"protein":32,"proteinDailyValue":64,"vitaminA":155.6,"vitaminADailyValue":10,"vitaminC":269.6,"vitaminCDailyValue":449}}