{"ingredients":["5-7 carrots","1 head cauliflower","2 tablespoons olive oil","4 teaspoons cumin","salt and pepper to taste","8-10 pieces of Simple 5 Ingredient Baked Falafel","2-3 cups spinach","1-2 cups chopped red cabbage","1 jalapeño, cut into slices","1/4 cup crushed pistachios","tahini, lemon juice, honey, and/or olive oil for drizzling"],"directions":["Falafel: Make this falafel so you have it all ready to go! It takes about 30 minutes.","Roasted Veggies: Preheat the oven to 400 degrees. Peel the carrots and cut into thin strips and place on a roasting pan (a jelly roll pan works well because then the veggies don’t slide off). Chop the cauliflower into small florets and place on a separate roasting pan. Drizzle each pan with oil and sprinkle each pan with cumin, salt, and pepper. Toss around on the pan to combine. Bake for 20-30 minutes – stir occasionally, but not too often otherwise you’ll disrupt the browning process. To get more browning, bake for an additional 10-15 minutes. When the veggies are done, remove from oven and set aside to cool.","Bliss Bowl Assembly: Assemble spinach, red cabbage, falafel, carrots, and roasted cauliflower in the bowls. Top with jalapeño and pistachios. Drizzle with tahini, lemon juice, honey, olive oil, and salt and pepper as needed."],"url":"https://pinchofyum.com/the-ultimate-winter-bliss-bowls","title":"The Ultimate Winter Bliss Bowls","description":"Keep your glow all winter! Easy homemade falafel, roasted veggies, and flavorful sauce all in one big bliss bowl! vegetarian / vegan / gluten free recipe.","image":"https://pinchofyum.com/wp-content/uploads/The-Ultimate-Bliss-Bowl-Recipe-185x185.jpg","servings":"4 bliss bowls","review":4.9,"prepTime":15,"totalTime":75,"cookTime":60,"nutrition":{"totalFat":17.5,"totalFatDailyValue":27,"cholestrol":0,"cholestrolDailyValue":0,"sodium":192.7,"sodiumDailyValue":8,"carbohydrates":26.5,"carbohydratesDailyValue":9,"sugars":6.4,"protein":9.1,"proteinDailyValue":18,"vitaminA":722.4,"vitaminADailyValue":48,"vitaminC":55.9,"vitaminCDailyValue":93}}