{"ingredients":["½ cup butter","1 egg","1 packet instant coffee dissolved in 2 tablespoons water","1 tablespoons oil","1/2 teaspoon vanilla","1 box chocolate cake mix","1 ½ cup chocolate chips","1 ½ cup white chocolate chips"],"directions":["Preheat the oven to 350 degrees.","Beat the butter until smooth. Add the egg and beat again until incorporated. Add the coffee, oil, and vanilla and beat until combined.","Add the cake mix in batches and beat slowly after each addition until just combined.","Stir in the chocolate chips and white chocolate chips. Roll into balls and place on a baking sheet a few inches apart. Bake for 7-10 minutes, until the tops are just set (not wet-looking anymore), the cookies are evenly flattened, and they are starting to get cracks in them. If the cookies are done, they should come off the pan relatively easily with a spatula. If the cookies are not holding together, you probably need to bake them a little longer. Remove from the baking sheet and let cool for a few minutes before serving."],"url":"https://pinchofyum.com/double-chocolate-cake-mix-cookies","title":"Double Chocolate Cake Mix Cookies","description":"These double chocolate cake mix cookies are super easy to make and make for chewy, chocolatey cookies. Delicious and so simple!","image":"https://pinchofyum.com/wp-content/uploads/2012/10/double-chocolate-cookies-1-183x183.jpg","servings":"15","review":4.9,"prepTime":20,"totalTime":30,"cookTime":10,"nutrition":{"totalFat":18.8,"totalFatDailyValue":29,"cholestrol":28.7,"cholestrolDailyValue":10,"sodium":317.8,"sodiumDailyValue":13,"carbohydrates":47.1,"carbohydratesDailyValue":16,"sugars":30.9,"protein":4.2,"proteinDailyValue":8,"vitaminA":57.4,"vitaminADailyValue":4,"vitaminC":0,"vitaminCDailyValue":0}}