{"ingredients":["2 tablespoons olive oil","2 jalapeños, ribs and seeds removed, minced","half of a red onion, minced","4 cups water","1 teaspoon salt (more as needed)","1 pound boneless skinless chicken breasts or thighs","2 14-ounce cans white beans (canellini or great northern)","1 16-ounce jar salsa verde","juice of 2 limes","fresh cilantro, sour cream, and shredded cheese for serving"],"directions":["In a soup pot over medium heat, saute the onion and jalapeno with the olive oil until soft and fragrant.","Add the water and salt. Bring to a boil. Add the raw chicken breasts. Cover and cook for 5-10 minutes. Remove from heat, but leave the lid on so that the chicken continues cooking for another 20 minutes. Remove the chicken breasts, set aside to cool.","Add the white beans and salsa to the pot. Simmer for 30 minutes over medium heat.","Shred the chicken and add it back to the pot.","Just before serving, squeeze the juice of one lime into the pot. Cut the remaining lime into wedges for serving. Add the salt; taste and adjust as needed. Serve with fresh cilantro, sour cream, and shredded cheese."],"url":"https://pinchofyum.com/jalapeno-lime-chicken-soup","title":"Jalapeño Lime Chicken Soup","description":"This simple and healthy Jalapeño Lime Chicken Soup has white beans, salsa verde, and a hit of fresh jalapeño and lime juice.","image":"https://pinchofyum.com/wp-content/uploads/jalapeno-lime-chicken-soup-4-197x300-185x185.jpg","servings":"6","course":"Soup","cuisine":"Tex Mex","review":4.8,"prepTime":30,"totalTime":90,"cookTime":60,"nutrition":{"totalFat":4.1,"totalFatDailyValue":6,"cholestrol":55.2,"cholestrolDailyValue":18,"sodium":1084.4,"sodiumDailyValue":45,"carbohydrates":26.8,"carbohydratesDailyValue":9,"sugars":5.5,"protein":24.8,"proteinDailyValue":50,"vitaminA":21.4,"vitaminADailyValue":1,"vitaminC":26.2,"vitaminCDailyValue":44}}