{"ingredients":["10 small bananas","20 fresh lumpia wrappers","1-2 cups oil for frying","1 cup coconut milk","3/4 cup brown sugar","water"],"directions":["Pour the coconut milk into a medium saucepan over low heat. Heat until bubbling slightly, about 5 minutes. Add the brown sugar and stir until smooth. Thicken the sauce to your desired consistency by keeping it at a low boil and stirring very frequently. I kept mine on the heat for almost 30 minutes. It thickens slightly as it cools, but you should be able to see it thickening in the pan as well.","Steam the lumpia wrappers for a few minutes to soften them and make them easier to pull apart. I just held mine over the top of the steaming sauce pan for a few minutes. 🙂","Peel the bananas and cut them in half lengthwise. Place the banana on the lumpia wrapper. If they are still too long to fit inside your lumpia wrappers, cut the ends off or cut them in half again. Dip your fingers in water and run them along the edge of the lumpia wrapper to make them easier to fold. Fold the top and bottom over the banana, and then roll it sideways, sealing the banana inside and using a little more water to make the wrapper stick together.","Heat the oil in a large skillet or frying pan over low heat. When water sizzles across the top, add the lumpia, a few at a time, and fry for 3-5 minutes on each side or until golden brown and crispy. Drain on paper towels and allow to cool for 10 minutes. Serve with the dipping sauce."],"url":"https://pinchofyum.com/banana-lumpia-turon-with-caramel-sauce","title":"Banana Lumpia {Turon} with Coconut Caramel Sauce","description":"This banana lumpia is my take on a tasty Filipino treat! Bananas, fried in lumpia wrappers with brown sugar, and covered with caramel. Includes a video!","image":"https://pinchofyum.com/wp-content/uploads/2013/01/Banana-Lumpia-6-183x183.jpg","servings":"10","review":4.5,"prepTime":15,"totalTime":60,"cookTime":45,"nutrition":{"totalFat":29.4,"totalFatDailyValue":45,"cholestrol":5.8,"cholestrolDailyValue":2,"sodium":373.7,"sodiumDailyValue":16,"carbohydrates":72.1,"carbohydratesDailyValue":24,"sugars":23.7,"protein":7.9,"proteinDailyValue":16,"vitaminA":5.6,"vitaminADailyValue":0,"vitaminC":9.5,"vitaminCDailyValue":16}}