{"ingredients":["1 cup flour (I used white whole wheat)","3/4 teaspoon baking powder","1/4 teaspoon baking soda","1 teaspoon cinnamon","1/2 teaspoon ginger","pinch of allspice","pinch of cloves","1/4 teaspoon salt","1/4 cup brown sugar","1 egg","1/4 cup applesauce","1 tablespoon milk","2 tablespoons melted butter","2 tablespoons butter","1/4 cup brown sugar","2 tablespoons maple syrup","2 tablespoons milk","1/2 cup powdered sugar"],"directions":["For the donuts, preheat oven to 350. Mix all dry ingredients.","Stir in moist ingredients. Pour batter into a gallon-sized plastic bag and cut the corner off. Pipe the batter into a greased mini-donut pan, filling each donut space about 1/2 full (for me, this was about 22 mini donuts). Bake for about 7-8 minutes. Remove from oven and take each donut out of the pan.","For the glaze, melt 2 tablespoons butter with 1/4 cup brown sugar in a small saucepan over medium heat. Bring to a boil and boil for about 2 minutes. Add maple syrup and 1 tablespoon milk and bring back to a boil. Add powdered sugar, using the last tablespoon of milk to help thin out the frosting if needed. Keep over low heat (otherwise it will start to crystallize) and dunk each mini donut into the frosting. Frosting should set almost immediately."],"url":"https://pinchofyum.com/baked-gingerbread-mini-donuts","title":"Baked Gingerbread Mini Donuts","description":"These Baked Gingerbread Mini Donuts are so easy and will make your whole house smell like Christmas. 145 calories for 2 yummy donuts.","image":"https://pinchofyum.com/wp-content/uploads/gingerbread-donuts-4-300x300-185x185.jpg","servings":"12","review":4.7,"prepTime":5,"totalTime":15,"cookTime":10,"nutrition":{"totalFat":3.2,"totalFatDailyValue":5,"cholestrol":22.9,"cholestrolDailyValue":8,"sodium":103.3,"sodiumDailyValue":4,"carbohydrates":21.8,"carbohydratesDailyValue":7,"sugars":12.7,"protein":2.1,"proteinDailyValue":4,"vitaminA":29.9,"vitaminADailyValue":2,"vitaminC":0.1,"vitaminCDailyValue":0}}