{"ingredients":["4 ounces brown rice noodles (you can get stir-fry type noodles or Pad Thai noodles – and usually that’s half a box)","1 zucchini","1 red pepper","half a yellow onion","2 carrots","2 tablespoons oil","1 egg, beaten","1/2 cup peanuts, chopped","1/2 cup fresh herbs like cilantro, green onions, and basil, chopped","3 tablespoons fish sauce or vegan fish sauce substitute","3 tablespoons brown sugar (or sub another sweetener)","3 tablespoons chicken or vegetable broth","2 tablespoons white vinegar","1 tablespoon soy sauce","1 teaspoon chili paste (sambal oelek)"],"directions":["Place the uncooked noodles in a bowl of cold water to soak.","Spiralize the zucchini, red pepper, and onion into noodle-like shapes. Cut the carrots into very small pieces (or spiralize them, too, if they’re big enough).","Shake up the sauce ingredients in a jar.","Heat a tablespoon of oil over medium high heat. Add the veggies – stir fry with tongs for 2-3 minutes or until tender-crisp (if they are not spiralized, they might need longer). Be careful not to overcook them – they’ll get soggy and heavy. Transfer to a dish and set aside.","Add another tablespoon of oil to the pan. Drain the noodles – they should be softened by now. Add the noodles to the hot pan and stir fry for a minute, using tongs to toss. Add the sauce and stir fry for another minute or two, until the sauce is starting to thicken and stick to the noodles. Push the noodles aside to make a little room for the egg – pour the beaten egg into the pan and let it sit for 30 seconds or so. Toss everything around with the tongs. The egg mixture will stick to the noodles and everything will start getting sticky.","Add in the vegetables, toss together, and remove from heat. Stir in the peanuts and herbs and serve immediately."],"url":"https://pinchofyum.com/rainbow-vegetarian-pad-thai-with-peanuts-and-basil","title":"Rainbow Vegetarian Pad Thai with Peanuts and Basil","description":"Rainbow Vegetarian Pad Thai with a simple five ingredient Pad Thai sauce – adaptable to any veggies you have on hand! So easy and delicious!","image":"https://pinchofyum.com/wp-content/uploads/Vegetarian-Pad-Thai-Recipe-185x185.jpg","servings":"4 servings","review":4.5,"prepTime":10,"totalTime":15,"cookTime":5,"nutrition":{"totalFat":27.9,"totalFatDailyValue":43,"cholestrol":133.3,"cholestrolDailyValue":44,"sodium":1391.9,"sodiumDailyValue":58,"carbohydrates":43.1,"carbohydratesDailyValue":14,"sugars":12.2,"protein":27.4,"proteinDailyValue":55,"vitaminA":336.8,"vitaminADailyValue":22,"vitaminC":42.1,"vitaminCDailyValue":70}}