{"ingredients":["1 tablespoon olive oil","2 cloves garlic, minced","fresh torn basil and fresh minced parsley","generous pinch of salt, freshly cracked pepper","4-6 tomatoes, diced (about 1 1/2 cups)","1 12-ounce can white beans, rinsed and drained","12-16 ounces Australis Barramundi, thawed","1/2 cup chicken or vegetable broth","4 tablespoons butter","Parmesan cheese for topping"],"directions":["MARINATE TOMATOES AND BEANS: Combine olive oil, garlic, herbs, salt, pepper, tomatoes and their juices, and white beans in a small bowl. Set aside to marinate while cooking the fish (although the longer they marinate, the yummier your sauce will be).","FISH: Heat a quick swish of olive oil in a pan over medium heat. Pat the fish dry, season with salt and pepper, and pan-fry on each side for about 4 minutes until golden brown. Remove from the pan and set aside.","SAUCE: Add the tomato white bean mixture to the skillet and add the butter. Bring to a low simmer – the sauce should start to thicken. Add the chicken broth as needed to thin it out. Season with salt and pepper. When the sauce is velvety and loose enough to evenly coat the back of a spoon, add the fish back in. Spoon the sauce over top of the fish and serve. Goes perfectly with a green salad and crusty bread."],"url":"https://pinchofyum.com/garlic-basil-barramundi-skillet","title":"Garlic Basil White Fish Skillet with Tomato Butter Sauce","description":"Garlic Basil Barramundi Skillet with Tomato Butter Sauce! SO YUMMY and super easy, with basic ingredients like garlic, basil, tomatoes, white beans, Parmesan, and white fish. Perfect with a green salad and crusty bread.","image":"https://pinchofyum.com/wp-content/uploads/Garlic-Basil-White-Fish-Skillet-with-Tomato-Butter-Sauce-Recipe-185x185.jpg","servings":"3-4, depending on how much fish you use","review":5,"prepTime":10,"totalTime":30,"cookTime":20,"nutrition":{"totalFat":17.3,"totalFatDailyValue":27,"cholestrol":73.4,"cholestrolDailyValue":24,"sodium":418.4,"sodiumDailyValue":17,"carbohydrates":24.4,"carbohydratesDailyValue":8,"sugars":4,"protein":31.5,"proteinDailyValue":63,"vitaminA":185.4,"vitaminADailyValue":21,"vitaminC":19.2,"vitaminCDailyValue":32}}