{"ingredients":["1 1/2 cups uncooked white long grain rice","4-5 limes","2 huge handfuls of fresh cilantro","16 ounces extra firm tofu","1 14 ounce can pinto beans, rinsed and drained","2-3 avocados","1/2 cup minced red onion","1 roasted poblano pepper (see notes)","4 individual chipotle peppers canned in adobo sauce","2 tablespoons of the adobo sauce","2-3 cloves garlic","1/2 cup fresh tomato salsa","2 tablespoons canola oil","1/2 teaspoon salt","a pinch of sugar (cuts the spicyness a bit)"],"directions":["Roast your Poblano Pepper: Hold it over the flame of a gas range or roast in the oven. See notes.","Make the rice: Cook the rice according to package directions, adding the juice of 2 limes. After cooking, fluff and toss with a handful of fresh chopped cilantro and a pinch of salt..","Make the sofritas sauce: Roast the poblano pepper until it’s softened, about 10 minutes (see notes). Remove stem and place in a blender or food processor with the chipotle peppers, adobo sauce, salsa, oil, salt, and sugar. Pulse until a mostly smooth paste forms.","Make the tofu: Slice the tofu and press with paper towels to remove excess moisture. Heat a drizzle of oil over medium high heat and stir fry the tofu until it’s starting to get just golden and crispy. Scramble the tofu into small bits with a spatula or wooden spoon. Add the sofritas sauce, 1/2 cup water, and pinto beans. Simmer for 15-20 minutes, adding more water as necessary.","Make the guacamole: Mash the avocados. Stir in the red onion, cilantro, and juice of 2 limes. Season generously with salt.","Assemble the bowls: Layer the cilantro lime rice with the sofritas mixture and a thwap of guacamole on the side."],"url":"https://pinchofyum.com/spicy-sofritas-veggie-bowls","title":"Spicy Sofritas Veggie Bowls","description":"Spicy Sofritas Veggie Bowls! Think chipotle peppers, roasted poblanos, garlic, salsa, and fresh cilantro pureed into a sauce and poured all over your tofu!","image":"https://pinchofyum.com/wp-content/uploads/sofritas-tofu-veggie-bowls-recipe-1-185x185.jpg","servings":"6","review":4.7,"prepTime":15,"totalTime":75,"cookTime":60,"nutrition":{"totalFat":16.2,"totalFatDailyValue":25,"cholestrol":0,"cholestrolDailyValue":0,"sodium":498.4,"sodiumDailyValue":21,"carbohydrates":38.3,"carbohydratesDailyValue":13,"sugars":3.2,"protein":15.1,"proteinDailyValue":30,"vitaminA":47.5,"vitaminADailyValue":3,"vitaminC":36,"vitaminCDailyValue":60}}