{"ingredients":["1 1/2 cups whole wheat pastry flour","1 teaspoon baking powder","1 teaspoon baking soda","pinch of salt","1/4 cup sugar","1/2 cup maple syrup","1/2 cup banana puree","1/2 cup oil","1/4 cup water","1 beaten egg (sub 4 teaspoons flax for vegan)","1/4 cup natural peanut butter","1/4 cup water","2 tablespoons sugar"],"directions":["Preheat oven to 350 degrees.","In a large bowl, sift the flour, powder, soda, salt (and flax, if using).","In a smaller bowl, combine sugar, maple syrup, banana puree, oil, water, and egg.","Add wet ingredients to dry ingredients. Pour into a greased 9×9 baking dish. Bake for 20-24 minutes or until knife inserted comes out mostly clean.","For the frosting, whisk peanut butter with sugar and water until smooth and fluffy. Add more peanut butter or water to achieve the desired consistency. Frost the cooled cake and serve immediately."],"url":"https://pinchofyum.com/banana-cake-with-peanut-butter-frosting","title":"Banana Cake with Peanut Butter Frosting","description":"This banana cake with peanut butter frosting just happens to be vegan! Perfectly sweet and moist cake with a decadent peanut butter frosting. Yum!","image":"https://pinchofyum.com/wp-content/uploads/banana-cake-185x185.jpg","servings":"9","review":5,"prepTime":15,"totalTime":40,"cookTime":25,"nutrition":{"totalFat":17.2,"totalFatDailyValue":26,"cholestrol":20.7,"cholestrolDailyValue":7,"sodium":181,"sodiumDailyValue":8,"carbohydrates":39,"carbohydratesDailyValue":13,"sugars":21.3,"protein":5.3,"proteinDailyValue":11,"vitaminA":93.3,"vitaminADailyValue":6,"vitaminC":1.1,"vitaminCDailyValue":2}}