{"ingredients":["1/2 cup soy sauce","2 tablespoons brown sugar","2 tablespoons white vinegar","1 tablespoon chili garlic paste (more to taste! yumms)","1 tablespoon olive oil","2 cups water","8 oz. uncooked brown rice noodles","1 lb. raw chicken breasts, cut into small pieces","2 red bell peppers, sliced thinly","peanuts, green onions, and/or sesame seeds for garnish"],"directions":["Instant Pot: Place all ingredients except red peppers in the Instant Pot (affiliate link). Cook for 3 minutes (manual). Release steam immediately. If you get splatter, pause, or cover with a towel.","After: Mix in the red bell peppers and toss very gently, adding a little more water or oil as needed (it will be very sticky). Serve with garnishes – add hot sauce for an extra kick. Says me on every recipe ever. ♡"],"url":"https://pinchofyum.com/instant-pot-noodles","title":"Chili Garlic Instant Pot Noodles","description":"Chili Garlic Instant Pot Noodles – They are sticky, with an umami flavor and a little sweetness. They are gorgeous, because we get fancy with our toppings.","image":"https://pinchofyum.com/wp-content/uploads/Chili-Garlic-Instant-Pot-Noodles-Recipe-185x185.jpg","servings":"4-6","review":4.5,"prepTime":5,"totalTime":8,"cookTime":3,"nutrition":{"totalFat":5.2,"totalFatDailyValue":8,"cholestrol":55.2,"cholestrolDailyValue":18,"sodium":655,"sodiumDailyValue":27,"carbohydrates":38.1,"carbohydratesDailyValue":13,"sugars":6.8,"protein":19,"proteinDailyValue":38,"vitaminA":69.1,"vitaminADailyValue":5,"vitaminC":50.7,"vitaminCDailyValue":84}}