{"ingredients":["1 avocado","1/4 cup plain Greek yogurt","a squeeze of lime juice (to taste)","a pinch of garlic powder (to taste)","1/4 teaspoon salt (more to taste)"],"directions":["Mash avocado.","Mix in yogurt, lime juice, garlic powder, and salt. Adjust to taste. VOILA! Two minutes and done."],"url":"https://pinchofyum.com/avocado-dip","title":"2-Minute Creamy Avocado Dip","description":"Creamy Avocado Dip that comes together with less than five ingredients in two minutes flat! This is the BEST easy, healthy snack. Also a great spread for tacos.","image":"https://pinchofyum.com/wp-content/uploads/Avocado-Dip-Feature-1-185x185.jpg","servings":"2 servings","review":5,"nutrition":{"totalFat":11.5,"totalFatDailyValue":18,"cholestrol":4,"cholestrolDailyValue":1,"sodium":310.5,"sodiumDailyValue":13,"carbohydrates":7.8,"carbohydratesDailyValue":3,"sugars":1.7,"protein":2.5,"proteinDailyValue":5,"vitaminA":13.1,"vitaminADailyValue":1,"vitaminC":6.9,"vitaminCDailyValue":12}}