{"ingredients":["2 lbs. white fish filets such as tilapia","2 tablespoons olive oil, divided","1 teaspoon cumin","1/2 teaspoon cayenne pepper","salt and pepper","2 yellow onions","2 red, yellow, and green peppers (each)","2-3 cups fresh pineapple","1/2 cup vinegar","1/3 cup ketchup","1/3 cup sugar","1/2 teaspoon salt","1/2 cup pineapple juice","1/2 cup orange juice","1/4 cup sweet chili garlic sauce (more to taste)","2 tablespoons + 1 teaspoon cornstarch","cooked brown rice","sesame seeds"],"directions":["Fish: Cut the fish into bite-sized pieces and mince 1 onion. Heat 1 tablespoon oil in a large skillet over medium high heat. Add the onion and saute for 1 minute. Add the fish and sprinkle with cumin, cayenne, salt and pepper to taste. Cook, flipping occasionally and draining any excess liquid, for 5-10 minutes or until the pieces are golden brown on the outside and white all the way through. Set aside.","Vegetables: Chop the bell peppers and 1 onion into bite-sized pieces. Heat 1 tablespoon oil in a large skillet and saute the peppers and onions for 5-10 minutes, until golden brown on the outside and tender-crisp. Chop the pineapple into bite-sized pieces and add to the pan, cooking for another few minutes. Set aside.","Sauce: Combine the vinegar, ketchup, sugar, salt, pineapple juice, orange juice, and sweet chili garlic sauce in a large skillet over medium low heat. Simmer for 10 minutes. Whisk the cornstarch into a few tablespoons of water until smooth. Add to the sauce in the skillet and bring to a low boil. Cook for a few more minutes until the sauce is thickened.","Combine the fish, vegetables, and sauce (you might not want all of it – just eyeball whatever looks good) in a large pan or bowl. Serve over brown rice and sprinkle with sesame seeds. I liked mine with extra sweet chili garlic sauce."],"url":"https://pinchofyum.com/healthy-sweet-and-sour-fish","title":"Healthy Sweet and Sour Fish","description":"This healthy sweet and sour fish includes lots of bell peppers and pineapple with the lightly fried fish and sweet and sour sauce.","image":"https://pinchofyum.com/wp-content/uploads/2013/01/sweet-fish-1-2-183x183.jpg","servings":"8","review":5,"prepTime":20,"totalTime":65,"cookTime":45,"nutrition":{"totalFat":6,"totalFatDailyValue":9,"cholestrol":58,"cholestrolDailyValue":19,"sodium":426.9,"sodiumDailyValue":18,"carbohydrates":54.7,"carbohydratesDailyValue":18,"sugars":45.8,"protein":25.4,"proteinDailyValue":51,"vitaminA":168.1,"vitaminADailyValue":11,"vitaminC":142.1,"vitaminCDailyValue":237}}