{"ingredients":["(2) 24 ounce jars or cans of Italian tomato sauce (see notes)","9 thick lasagna noodles with wavy edges (mine were called bronze cut)","24 ounces part-skim ricotta cheese OR cottage cheese","3-4 cups chopped vegetables of choice (I used kale)","2 cups shredded Mozzarella or Provolone cheese","Parmesan cheese for topping","fresh parsley for topping"],"directions":["Spray the crockpot with nonstick cooking spray. Spread 1/2 cup tomato sauce to the bottom so the noodles don’t stick.","Break noodles so that they fit and mostly cover the bottom. They will probably be awkward looking – not a big deal. Cover with about one third of the ricotta, veggies, sauce, cheese, and end with noodles. Repeat layers two more times for a total of three complete layers. End with a layer of noodles on top, covered with a thin layer of sauce and a little bit more shredded cheese.","Cover and cook on high for 3 hours or on low for 5-6 hours. Turn the crockpot off completely and let the lasagna sit for at least one hour. This allows all the moisture to get soaked into the lasagna, and if you don’t do this it will probably be more like lasagna soup – still good, but not pretty. Depending on how long you let it sit, you can either scoop pieces out or just cut with a knife like normal lasagna."],"url":"https://pinchofyum.com/super-easy-skinny-veggie-crockpot-lasagna","title":"Super Easy Skinny Veggie Crockpot Lasagna","description":"This skinny Veggie Crockpot Lasagna is packed with good-for-you veggies and super easy to make. Just put it in the crockpot and you’ve got dinner!","image":"https://pinchofyum.com/wp-content/uploads/crockpot-veggie-lasagna-41-Square-183x183.jpg","servings":"9","review":4.7,"prepTime":30,"totalTime":390,"cookTime":360,"nutrition":{"totalFat":12.6,"totalFatDailyValue":19,"cholestrol":38.8,"cholestrolDailyValue":13,"sodium":850.7,"sodiumDailyValue":35,"carbohydrates":39.4,"carbohydratesDailyValue":13,"sugars":8.8,"protein":19.4,"proteinDailyValue":39,"vitaminA":210.6,"vitaminADailyValue":14,"vitaminC":11.5,"vitaminCDailyValue":19}}