{"ingredients":["olive oil","2 sweet potatoes, spiralized!","4 ears sweet corn (kernels cut off the cob)","1 cup chopped fresh cilantro","1 cup chopped fresh greens – spinach, micro greens, arugula, whatever","1/2 cup pepitas","1/3 cup olive oil","3 tablespoons water","2 individual chipotle peppers, canned in adobo sauce","1 clove garlic","1 teaspoon agave or honey","juice of one orange","juice of one lemon or lime","generous pinch of salt"],"directions":["Heat a little bit of olive oil in a skillet over medium heat. Add the sweet potato noodles and toss for a minute or two until softened. See notes.","Wipe the skillet out so it’s dry. Add the corn kernels and turn the heat to medium high. Toss around in the pan every few minutes until roasted-looking. See notes.","Toss the noodles, corn, cilantro, and pepitas together. Save a little of each ingredient for topping the salad if you want it to be extra pretty.","Pulse the dressing ingredients in a food processor until smooth. Taste and adjust to your liking.","Toss with the salad ingredients and you’re good to go!"],"url":"https://pinchofyum.com/sweet-potato-noodle-salad","title":"Chipotle Sweet Potato Noodle Salad with Roasted Corn","description":"Chipotle Sweet Potato Noodle Salad with Roasted Corn – SUPER good real food salad with a short ingredient list! Cilantro, sweet potato, roasted corn, pepitas, and a homemade chipotle garlic dressing. vegan / vegetarian.","image":"https://pinchofyum.com/wp-content/uploads/Sweet-Potato-Noodle-Salad-Recipe-185x185.jpg","servings":"4","review":4.9,"prepTime":10,"totalTime":15,"cookTime":5,"nutrition":{"totalFat":20.1,"totalFatDailyValue":31,"cholestrol":0,"cholestrolDailyValue":0,"sodium":57,"sodiumDailyValue":2,"carbohydrates":33,"carbohydratesDailyValue":11,"sugars":8.5,"protein":5.2,"proteinDailyValue":10,"vitaminA":516.5,"vitaminADailyValue":34,"vitaminC":10.3,"vitaminCDailyValue":17}}