{"ingredients":["1 tablespoon oil","2 shallots, thinly sliced","2 sweet potatoes, peeled and cubed","3-4 cups fresh baby spinach","2-3 tablespoons curry paste (see notes)","1 14-ounce can regular coconut milk","1/2 to 1 cup broth or water","1/2 cup chopped peanuts and cilantro","fish sauce to taste"],"directions":["Start your rice, if you’re serving this over rice (highly recommend)!","Heat the oil over medium high heat. Add the shallots and stir fry until soft and fragrant. Add the sweet potatoes and stir to coat with oil. Add the curry paste and stir until well-combined.","Add the coconut milk and broth and let it simmer over low heat for 10-15 minutes until thickened. Stir in the spinach until wilted.","Add half of the peanut/cilantro mixture; reserve the rest for topping. Add a quick splash of fish sauce to the curry to make the whole thing just sing harmony in your mouth. Yummy.","Serve over rice, topped with remaining peanuts/cilantro."],"url":"https://pinchofyum.com/creamy-thai-sweet-potato-curry","title":"Creamy Thai Sweet Potato Curry","description":"Creamy Thai Sweet Potato Curry – packed with nutrition! our favorite easy, healthy, winter comfort food recipe. vegetarian and vegan. | pinchofyum.com","image":"https://pinchofyum.com/wp-content/uploads/Sweet-Potato-Curry-Recipe-185x185.jpg","servings":"4-5 (4 in our house)","review":4.7,"prepTime":10,"totalTime":30,"cookTime":20,"nutrition":{"totalFat":15.5,"totalFatDailyValue":24,"cholestrol":45.1,"cholestrolDailyValue":15,"sodium":239.8,"sodiumDailyValue":10,"carbohydrates":49.6,"carbohydratesDailyValue":17,"sugars":4.7,"protein":9.4,"proteinDailyValue":19,"vitaminA":445.1,"vitaminADailyValue":30,"vitaminC":3.1,"vitaminCDailyValue":5}}