{"ingredients":["3 small acorn squash","3/4 cup uncooked red quinoa","1 1/2 cups rinsed black beans","3/4 cup corn","1 teaspoon chili powder","1/2 teaspoon cumin","1/2 teaspoon salt","1/2 cup cheddar cheese","sliced green onions for topping","Queso fresco and crema Mexicana for topping"],"directions":["For the squash: Preheat the oven to 400 degrees. Cut the squash in half and scoop out the seeds. Place face down in a baking pan, cover halfway with water, and cover tightly with foil. Bake for 40-50 minutes or until the squash is tender.","For the filling: Meanwhile, prepare the quinoa according to package directions. Place the corn in a dry skillet over high heat and let the corn cook without stirring for 3-4 minutes. Stir once and repeat until the corn is browned and roasty. Add the cooked quinoa, chili powder, cumin, and salt. Stir for 4-5 minutes over high heat. Add the black beans and stir for another 4-5 minutes over high heat. Remove from heat and stir in 1/4 cup of cheddar cheese.","Assembling the squash: Turn on the oven broiler (or just turn the temp to 400). Divide the filling evenly among the six cooked squash halves. Top each with a sprinkle of cheddar cheese and bake for 5-10 minutes or until the cheese is melted. Top each squash piece with crumbled queso fresco, crema Mexicana, and green onions."],"url":"https://pinchofyum.com/mexican-roasted-corn-quinoa-stuffed-squash","title":"Mexican Roasted Corn and Quinoa Stuffed Squash","description":"Mexican Roasted Corn and Quinoa Stuffed Squash: loaded with red quinoa, black beans, roasted corn, and cheddar cheese. High protein, high fiber, and just 200 calories.","image":"https://pinchofyum.com/wp-content/uploads/2013/10/stuffed-squash-2-copy-183x183.jpg","servings":"6","review":5,"prepTime":10,"totalTime":70,"cookTime":60,"nutrition":{"totalFat":5.2,"totalFatDailyValue":8,"cholestrol":9.3,"cholestrolDailyValue":3,"sodium":509.1,"sodiumDailyValue":21,"carbohydrates":50,"carbohydratesDailyValue":17,"sugars":1.4,"protein":11.2,"proteinDailyValue":22,"vitaminA":78.5,"vitaminADailyValue":5,"vitaminC":26.6,"vitaminCDailyValue":44}}