{"ingredients":["½ cup butter","½ cup white sugar","⅔ cup unpacked brown sugar","2/3 cup smooth peanut butter (chunky is nice too!)","½ teaspoon vanilla extract","1 egg","1 cup all-purpose flour","1 teaspoon baking soda","¼ teaspoon salt","2/3 cup rolled oats","1 cup each M&M’s, chopped dark chocolate, chopped Butterfinger"],"directions":["Preheat oven to 350 degrees.","Cream together the butter, white sugar and brown sugar until smooth. Beat in the peanut butter, vanilla and egg until well blended. Combine the flour, baking soda and salt. Stir until just moistened. Mix in the oats and candies until evenly distributed. Drop rounded spoonfuls on to lightly greased cookie sheets.","Bake for 8-10 minutes in the preheated oven, until the edges start to brown. Cool on cookie sheets for about 5 minutes before transferring to wire racks to cool completely."],"url":"https://pinchofyum.com/butterfinger-monster-cookies","title":"Butterfinger Monster Cookies","description":"These Butterfinger monster cookies are so addicting! Made with peanut butter, M&Ms, and crushed Butterfinger candy bars. YUM.","image":"https://pinchofyum.com/wp-content/uploads/2013/01/monster-cookies-6-183x183.jpg","servings":"24-30","review":5,"prepTime":10,"totalTime":30,"cookTime":20,"nutrition":{"totalFat":11.9,"totalFatDailyValue":18,"cholestrol":15.3,"cholestrolDailyValue":5,"sodium":119,"sodiumDailyValue":5,"carbohydrates":29.8,"carbohydratesDailyValue":10,"sugars":20.6,"protein":4,"proteinDailyValue":8,"vitaminA":32.4,"vitaminADailyValue":2,"vitaminC":0,"vitaminCDailyValue":0}}