{"ingredients":["10-20 slices zucchini (enough to cover the top of a 9×13 pan)","3/4 cup seasoned whole wheat breadcrumbs","5 egg whites","1 lb. penne pasta","3 cups tomato sauce (see notes for how I made mine)","3/4 cup shredded Asiago cheese","parsley for topping"],"directions":["Cut the zucchini into 1/2 inch thick slices. Put the egg whites and breadcrumbs in separate bowls. Preheat the oven to 400 degrees.","Dip the zucchini pieces into the egg white and the cover with the breadcrumbs. Place on a baking sheet and bake for 25-30 minutes, carefully flipping once towards the end. Remove from the oven when browned and firm.","While the zucchini are baking, cook the pasta according to package directions. Drain and mix together with 2 cups sauce and 1/2 cup cheese. Pour into a greased 9×13 baking dish.","Arrange the baked zucchini pieces over the top, cover with remaining 1 cup sauce and 1/4 cup cheese. Bake for 10 minutes or until cheese is melting and everything is hot and bubbling. Sprinkle with parsley."],"url":"https://pinchofyum.com/skinny-baked-zucchini-parmesan","title":"Baked Zucchini Parmesan","description":"This recipe for Baked Zucchini Parmesan is made with fresh zucchini and tomatoes broiled with herbs and cheese over pasta. YUMMM.","image":"https://pinchofyum.com/wp-content/uploads/2013/08/zucchini-parmesan-12-183x183.jpg","servings":"8","review":4,"prepTime":15,"totalTime":75,"cookTime":60,"nutrition":{"totalFat":6.8,"totalFatDailyValue":10,"cholestrol":121.8,"cholestrolDailyValue":41,"sodium":335.6,"sodiumDailyValue":14,"carbohydrates":55.9,"carbohydratesDailyValue":19,"sugars":5.6,"protein":17.1,"proteinDailyValue":34,"vitaminA":90.5,"vitaminADailyValue":6,"vitaminC":9.5,"vitaminCDailyValue":16}}