{"ingredients":["1 cup butter flavored Crisco","1 1/4 cup packed brown sugar","1/2 cup malted milk powder","2 tablespoons chocolate syrup","1 tablespoon vanilla","1 egg","2 cups flour","1 teaspoon baking soda","1/2 teaspoon salt","1 1/2 cups semi-sweet chocolate chunks","1 cup milk chocolate chips"],"directions":["In a mixing bowl, combine first 5 ingredients. Beat for 2 minutes. Add egg.","Combine flour, soda, and salt. Gradually add this to the creamed mixture, mixing well after each addition. Stir in chocolate chunks and chips.","Shape into 2 inch balls and refrigerate for 20-30 minutes.","Preheat oven to 375 degrees. Bake for 8-12 minutes. Middle should be slightly underdone and still puffy when you remove them from the oven."],"url":"https://pinchofyum.com/malted-double-chocolate-chip-cookies","title":"Malted Double Chocolate Chip Cookies","description":"These malted double chocolate chip cookies are loaded with milk chocolate chips, semi-sweet chocolate chunks, and malt powder. Thick, soft and chewy!","image":"https://pinchofyum.com/wp-content/uploads/chocolate-chip-cookie-185x185.jpg","servings":"24","review":5,"prepTime":40,"totalTime":52,"cookTime":12,"nutrition":{"totalFat":18.2,"totalFatDailyValue":28,"cholestrol":9.8,"cholestrolDailyValue":3,"sodium":114.3,"sodiumDailyValue":5,"carbohydrates":29.3,"carbohydratesDailyValue":10,"sugars":17,"protein":3.3,"proteinDailyValue":7,"vitaminA":19.6,"vitaminADailyValue":1,"vitaminC":0.6,"vitaminCDailyValue":1}}