{"ingredients":["1 lb. whole wheat rigatoni","2-3 cups chopped heirloom tomatoes","1/2 cup water","1/2 cup shredded cheese of choice (I used Asiago)","pesto (recipe follows)","2 cups spinach","1 cup kale","1 cup basil","3/4 cup almonds or pine nuts","1/2 cup olive oil","1/4 cup Parmesan or Asiago cheese","1/2 teaspoon salt","3 large cloves garlic","juice of 1 lemon (optional)"],"directions":["Bring a large pot of water to boil. While the water is boiling, chop up the tomatoes – I just cut the little ones in half. Add the pasta to the water and cook according to package directions.","While the pasta is cooking, place all the pesto ingredients in the food processor until smooth. You may have to push the spinach down periodically to get everything moving. I had to do this in two batches because my food processor is very small. You should end up with 2 heaping cups of pesto.","Preheat the oven to 400 degrees. Toss the cooked noodles with the chopped tomatoes, pesto, and enough water to make it a little saucy. Transfer to a 9×13 baking dish and sprinkle with the cheese. Cover loosely with well-oiled aluminum foil and bake for 10-15 minutes or until the cheese is melted."],"url":"https://pinchofyum.com/healthy-baked-pesto-rigatoni","title":"Healthy Pesto Baked Rigatoni","description":"This Healthy Baked Pesto Rigatoni is tossed with heirloom tomatoes and a saucy spinach pesto that will knock your socks off.","image":"https://pinchofyum.com/wp-content/uploads/healthy-pesto-baked-rigatoni-81-200x300-185x185.jpg","servings":"8-10","review":4.9,"prepTime":15,"totalTime":40,"cookTime":25,"nutrition":{"totalFat":28.1,"totalFatDailyValue":43,"cholestrol":11.5,"cholestrolDailyValue":4,"sodium":387.9,"sodiumDailyValue":16,"carbohydrates":20.5,"carbohydratesDailyValue":7,"sugars":2.3,"protein":12.5,"proteinDailyValue":25,"vitaminA":76.4,"vitaminADailyValue":5,"vitaminC":9,"vitaminCDailyValue":15}}