{"ingredients":["1 cup creamy peanut butter","8 ounces cream cheese (can use reduced fat)","14 ounce can sweetened condensed milk","1 teaspoon vanilla","1 cup powdered sugar","1/4 cup heavy whipping cream (or whipped cream)","16 Oreos, crushed","5 tablespoons melted butter","sea salt for sprinkling (optional)"],"directions":["Beat cream cheese and peanut butter until smooth.","Add sweetened condensed milk and vanilla and beat until smooth and creamy. Add powdered sugar and beat until the mixture thickens slightly.","Fold in whipped cream, or add liquid heavy whipping cream and continue to beat until the mixture gets a little bit fluffy. Refrigerate mixture until ready to serve.","Stir melted butter in with crushed Oreos and press 1 teaspoon crumbs into the bottoms of dessert shooter cups. Pour peanut butter mixture into a plastic baggie, snip the corner, and pipe into the cups (on top of the crumbs). Sprinkle the tops with another 1/2 teaspoon of crumbs. Top with a sprinkle of sea salt for an extra sweet-salty combo. Refrigerate until ready to serve."],"url":"https://pinchofyum.com/peanut-butter-pie-shooters","title":"Peanut Butter Pie Shooters","description":"These peanut butter pie shooters are SO addicting and perfect for parties! They are also extremely easy to make. Serious win!","image":"https://pinchofyum.com/wp-content/uploads/peanut-butter-pie-shooters-3-185x185.jpeg","servings":"20","review":4.8,"prepTime":10,"totalTime":40,"cookTime":30,"nutrition":{"totalFat":18.6,"totalFatDailyValue":29,"cholestrol":31.6,"cholestrolDailyValue":11,"sodium":147.5,"sodiumDailyValue":6,"carbohydrates":29.4,"carbohydratesDailyValue":10,"sugars":25.1,"protein":6.5,"proteinDailyValue":13,"vitaminA":242.5,"vitaminADailyValue":16,"vitaminC":0.7,"vitaminCDailyValue":1}}