{"ingredients":["juice of one lemon","juice of one orange","1/2 cup olive oil","1 garlic clove","1/2 cup fresh parsley","1/4 teaspoon salt (more to taste)","1-2 teaspoons honey","1 tablespoon olive oil (garlic infused is yummy)","1 bunch kale (chopped, without stems, to yield about 4 cups)","2 cups cooked brown rice","a few handfuls of Kettle Brand Salt and Pepper chips, crushed finely","dried cranberries for topping"],"directions":["Pulse all the dressing ingredients in a food processor until smooth.","Heat the oil in a large skillet over medium high heat. Add the kale and saute until wilted to about half of the original volume. Add the brown rice and stir-fry for a few minutes together with the kale until everything is heated through. Add the dressing into the pan (start with about half of it) and toss to combine. Just before serving (can be served hot or cold), toss with the chips. Top with dried cranberries."],"url":"https://pinchofyum.com/garlic-kale-and-brown-rice-salad-with-lemon-dressing","title":"Garlic Kale and Brown Rice Salad with Zippy Lemon Dressing","description":"Garlic Kale and Brown Rice Salad with a zippy lemon herb dressing! This side dish recipe is so simple and it compliments almost any main dish!","image":"https://pinchofyum.com/wp-content/uploads/Brown-Rice-Kale-Salad-Recipe-185x185.jpg","servings":"4","review":4.3,"prepTime":15,"totalTime":30,"cookTime":15,"nutrition":{"totalFat":31.9,"totalFatDailyValue":49,"cholestrol":0,"cholestrolDailyValue":0,"sodium":161.8,"sodiumDailyValue":7,"carbohydrates":12.6,"carbohydratesDailyValue":4,"sugars":4.1,"protein":2.3,"proteinDailyValue":5,"vitaminA":25.1,"vitaminADailyValue":2,"vitaminC":24.2,"vitaminCDailyValue":40}}