{"ingredients":["2 cups oats","3 bananas","2 eggs","3/4 cup pitted whole dates","1 teaspoon baking soda","not necessary, but I usually toss in a pinch of salt and cinnamon if I have them around","not necessary, but chocolate chips are ????????"],"directions":["Preheat oven to 350 degrees.","Grease a muffin tin.","Mix all ingredients in a blender or food processor until smooth.","Pour batter into muffin tin (you should have enough for 10-12 standard size muffins). Top with chocolate chips if you want.","Bake for 15-20 minutes. Store in the fridge for up to 3 days."],"url":"https://pinchofyum.com/banana-bread-muffins","title":"Amazingly Wholesome 5 Ingredient Banana Bread Muffins","description":"Banana Bread Muffins – made with just 5 wholesome ingredients! no refined sugar, naturally gluten free, and SO yummy!","image":"https://pinchofyum.com/wp-content/uploads/Banana-Muffins-Recipe-185x185.jpg","servings":"10-12","review":4.9,"prepTime":10,"totalTime":30,"cookTime":20,"nutrition":{}}