{"ingredients":["1 cup couscous (uncooked)","1/2 cup dried cherries","1 teaspoon ground cumin","1 teaspoon ground coriander","1 1/4 cups chicken or veggie broth, warm","salt and pepper","1 can chickpeas, rinsed and drained","2 pieces of fresh sweet corn, kernels cut off the cob","2 nectarines or peaches, diced","1 cucumber, diced","1 avocado, cut into chunks","1/4 red onion, finely diced","1/2 cup pepitas, sunflower seeds, or something crunchy","2 cups arugula or spinach","parsley / mint / basil / any herbs, really","lemon juice, honey, olive oil for dressing"],"directions":["Combine couscous, cherries, cumin, coriander, and salt and pepper in a bowl. Pour warm broth over everything and let stand until the couscous is cooked, about 5 minutes. Let it cool.","Toss everything together and season to taste!"],"url":"https://pinchofyum.com/couscous-summer-salad","title":"Couscous Summer Salad","image":"https://pinchofyum.com/wp-content/uploads/Couscous-Summer-Salad-Feature-1-185x185.jpg","servings":"6 servings","review":4.6,"prepTime":15,"totalTime":20,"cookTime":5,"nutrition":{"totalFat":10.9,"totalFatDailyValue":17,"cholestrol":0,"cholestrolDailyValue":0,"sodium":742.2,"sodiumDailyValue":31,"carbohydrates":55.3,"carbohydratesDailyValue":18,"sugars":11.1,"protein":13,"proteinDailyValue":26,"vitaminA":66,"vitaminADailyValue":4,"vitaminC":113.1,"vitaminCDailyValue":188}}