{"ingredients":["3 1/4 cups all-purpose flour (more or less depending on dough consistency)","1/4 cup sugar","2 1/4 teaspoons dry active yeast","1 teaspoon salt","1 cup milk, lukewarm","1 egg, room temperature","1/4 cup butter, room temperature","3 apples, peeled, cored, and finely diced","1/4 cup butter","1 cup packed brown sugar","1 teaspoon cinnamon","1/2 teaspoon vanilla","1/2 cup chopped walnuts (optional)"],"directions":["In a large bowl, mix 2 cups of the flour, sugar, yeast, and salt. Add the lukewarm milk, egg, and butter. Mix with a bread mixing attachment until moist ingredients are incorporated and mixture is beginning to clump together. Scrape down the sides and add the remaining flour, 1/2 cup at a time, mixing again until dough is sticking together. Use your hands to knead the dough together – it should be workable and have some elasticity.","Place the dough in a large buttered or greased bowl and cover it with plastic wrap. Let rest in a warm spot for one hour. When dough has rested for one hour and risen to about double it’s original size, punch it down and fold the corners back into the middle, making it a compact ball once again. Cover again, with corner side down, and let rest for 30 minutes.","While dough is rising, saute the apples, butter, sugar, cinnamon, and vanilla together in a saucepan over low heat. Let the mixture gently simmer together for about 10-15 minutes, until apples are tender and mixture has thickened slightly. Add chopped walnuts and set aside.","Roll the dough into a 9×15 rectangle. Pour 1/3 of the apple mixture onto the dough and spread it evenly. Starting at the wide end, roll up the dough with the apple mixture inside. When the dough has been rolled up, use a large knife to cut the dough into 12-15 spiraled rolls and place each of them in a large buttered ovenproof skillet. Leave some room between each roll for the dough to rise.","Preheat oven to 350 degrees. Cover the rolls and let rise again for 30 minutes. When risen, pour 1/3 of apple mixture over the top. Bake for 15-25 minutes, or until lightly browned and baked through. Pour remaining 1/3 of sauce over the hot rolls before serving."],"url":"https://pinchofyum.com/caramel-rolls-with-apples-and-walnuts","title":"Caramel Rolls with Apples and Walnuts","description":"These homemade caramel rolls are soft and fluffy and loaded with sweet, sticky apples and walnuts. So perfect for a Saturday breakfast!","image":"https://pinchofyum.com/wp-content/uploads/2012/10/caramel_rolls5-183x183.jpg","servings":"15","review":4.9,"prepTime":120,"totalTime":140,"cookTime":20,"nutrition":{"totalFat":10,"totalFatDailyValue":15,"cholestrol":30.3,"cholestrolDailyValue":10,"sodium":219.5,"sodiumDailyValue":9,"carbohydrates":40.3,"carbohydratesDailyValue":13,"sugars":17.5,"protein":4.8,"proteinDailyValue":10,"vitaminA":65.7,"vitaminADailyValue":4,"vitaminC":1.7,"vitaminCDailyValue":3}}