{"ingredients":["3 cups grated zucchini (about 2 zucchini)","grated zest of 2 large lemons","2 teaspoons vanilla extract","3 large eggs","1 cup extra-virgin olive oil","2 cups brown sugar (packed softly)","2 cups all-purpose flour","1 teaspoon salt","1 teaspoon baking powder","1/2 teaspoon baking soda","3 tablespoons poppy seeds","optional: tiny pinch of nutmeg","optional: a small grated piece of fresh ginger"],"directions":["Preheat the oven to 350. In a small mixing bowl, mix the zucchini with 1/4 cup brown sugar. Transfer the mixture to a fine-mesh strainer set over the mixing bowl. Fill another small bowl with water and set it directly on top of the zucchini so that it is pushing down, pressing the water out into the bowl below.","Line a 9×5 loaf pan with parchment paper. Whisk together the remaining brown sugar, eggs, lemon zest, and vanilla until well blended. Beat in the olive oil gradually, whisking it in until it’s thoroughly incorporated.","Stir in the flour, salt, baking powder, baking soda, poppy seeds, nutmeg, and ginger until just combined. Add the pressed zucchini to the batter and stir it in gently until evenly incorporated.","Pour the batter into the prepared pan. Bake on the middle rack of the oven for about 1 hour and 10 minutes. The outer crust of the bread will be firm to the touch and on the darker side of golden brown (see notes).","Cool the bread in the pan for about 20 minutes. Remove, cut, and serve (but also see notes about chilling the cake which is unusually delicious)."],"url":"https://pinchofyum.com/lemon-olive-oil-cake","title":"Lemon Olive Oil Cake","description":"Lemon Olive Oil Cake with zucchini, brown sugar, zested lemons, olive oil, ginger, and poppyseeds. The most healing winter breakfast or snack!","image":"https://pinchofyum.com/wp-content/uploads/Lemon-Olive-Oil-Cake-Recipe-185x185.jpg","servings":"12 slices","review":5,"prepTime":20,"totalTime":80,"cookTime":60,"nutrition":{"totalFat":21,"totalFatDailyValue":32,"cholestrol":46.5,"cholestrolDailyValue":16,"sodium":272.3,"sodiumDailyValue":11,"carbohydrates":40.7,"carbohydratesDailyValue":14,"sugars":23.7,"protein":4.2,"proteinDailyValue":8,"vitaminA":20.7,"vitaminADailyValue":1,"vitaminC":0.9,"vitaminCDailyValue":2}}