{"ingredients":["5 medium carrots, chopped","5 stalks celery, chopped","half of an onion, chopped","3 cloves garlic, minced","1 cup uncooked wild rice (see notes)","8 ounces fresh mushrooms, sliced","4 cups vegetable or chicken broth","1 teaspoon salt","1 teaspoon poultry seasoning (see notes)","1/2 teaspoon dried thyme","6 tablespoons butter","1/2 cup flour","1 1/2 cups milk (I used 2%)"],"directions":["Instant Pot: Put all the ingredients in the first list into the Instant Pot (affiliate link). Cook for 45 minutes (manual). Release steam using the valve on top.","Stovetop: When the soup is done, melt the butter in a saucepan. Whisk in the flour. Let the mixture cook for a minute or two to remove the floury taste. Whisk the milk, a little bit at a time, until you have a smooth, thickened sauce. Throw a little salt in there for good measure.","Together: Mix the creamy sauce with the soup in the instant pot. Voila! Mushroom Wild Rice Soup."],"url":"https://pinchofyum.com/instant-pot-wild-rice-soup","title":"Instant Pot Creamy Mushroom Wild Rice Soup","description":"Wild Rice Soup in the Instant Pot! So creamy and simple and ready in an hour. Perfect for fall/winter nights!","image":"https://pinchofyum.com/wp-content/uploads/Instant-Pot-Wild-Rice-Soup-Recipe-185x185.jpg","servings":"6 servings (1 1/2 cups per serving)","review":4.8,"prepTime":15,"totalTime":60,"cookTime":45,"nutrition":{"totalFat":13,"totalFatDailyValue":20,"cholestrol":32.2,"cholestrolDailyValue":11,"sodium":1156.3,"sodiumDailyValue":48,"carbohydrates":41.6,"carbohydratesDailyValue":14,"sugars":8.1,"protein":9.1,"proteinDailyValue":18,"vitaminA":477,"vitaminADailyValue":32,"vitaminC":9.4,"vitaminCDailyValue":16}}