{"ingredients":["1 teaspoon matcha green tea powder","1 cup Almond Breeze Almondmilk Unsweetened Vanilla","1-2 teaspoons agave or honey (more to taste)"],"directions":["In a glass jar, mix the matcha green tea powder with a little bit of water – just enough to form a paste. Stir it up until there are no clumps.","Add the milk and and agave. Cover with a tight-fitting lid and shake vigorously until incorporated. Let sit for a minute so any remaining clumps settle to the bottom. Carefully pour into a glass with ice and enjoy!"],"url":"https://pinchofyum.com/iced-matcha-green-tea-latte","title":"Iced Matcha Green Tea Latte","description":"Iced Matcha Green Tea Latte – 3 ingredient perfection! featuring almond milk, matcha powder, and honey or agave. Vegan, dairy free.","image":"https://pinchofyum.com/wp-content/uploads/Matcha-Latte-Recipe-185x185.jpg","servings":"1 latte","review":4.9,"prepTime":3,"totalTime":5,"cookTime":2,"nutrition":{"totalFat":6.9,"totalFatDailyValue":11,"cholestrol":25,"cholestrolDailyValue":8,"sodium":186.3,"sodiumDailyValue":8,"carbohydrates":6.8,"carbohydratesDailyValue":2,"sugars":4.7,"protein":5.6,"proteinDailyValue":11,"vitaminA":113.2,"vitaminADailyValue":8,"vitaminC":1.2,"vitaminCDailyValue":2}}