{"ingredients":["1 lb. wild caught salmon filet with skin (in one or several pieces)","1 teaspoon oil","1 1/2 teaspoon cumin","1/2 teaspoon curry","1/2 teaspoon chili powder","1/2 teaspoon allspice","1/4 teaspoon cayenne pepper","1/4 teaspoon cinnamon","pinch of sea salt","2 cups cooked white rice","1 12 ounce can black beans, rinsed and drained","2 mangoes, peeled and diced","1/2 large red onion, diced","1 bunch fresh cilantro, chopped","1 squeeze lime juice","1 avocado (optional)"],"directions":["Stir the spices together. Rub over salmon filets (on the meat and also the skin if you want). Sprinkle with sea salt.","Heat the oil in a skillet over medium high heat. Add salmon, starting skin side down, and cook for 3-5 minutes. Add more oil as necessary to prevent from sticking. Flip the salmon and cook another 3-5 minutes on the meat side. The salmon will start to get a brown crust on the outside from the spices.","When salmon is mostly cooked, pull off the skin, leaving just the pieces of meat in the skillet. Break up into smallish pieces and leave on heat until completely cooked through (not translucent). Once the pieces are cooked, remove from heat – salmon dries out quickly if you overcook it.","Combine mangoes, red onion, cilantro, lime juice, and avocado in a small bowl and stir until combined. Season with sea salt.","Stir together rice and beans and season with several pinches of salt, adding a tablespoon water if necessary.","Divide between bowls, layering the rice and beans, salmon, and salsa into each bowl."],"url":"https://pinchofyum.com/caribbean-jerk-salmon-bowl-with-mango-salsa","title":"Caribbean Jerk Salmon Bowl with Mango Salsa","description":"This Caribbean jerk salmon bowl with mango salsa is easy, full of flavor, and super healthy. This is feel-good food at its best!","image":"https://pinchofyum.com/wp-content/uploads/caribbean-jerk-salmon2-185x185.jpg","servings":"4","review":4.6,"prepTime":20,"totalTime":30,"cookTime":10,"nutrition":{"totalFat":7.9,"totalFatDailyValue":12,"cholestrol":57.9,"cholestrolDailyValue":19,"sodium":189.6,"sodiumDailyValue":8,"carbohydrates":68.8,"carbohydratesDailyValue":23,"sugars":25.3,"protein":33.4,"proteinDailyValue":67,"vitaminA":167.8,"vitaminADailyValue":11,"vitaminC":66.1,"vitaminCDailyValue":110}}