{"ingredients":["1 jalapeño","1 handful cilantro","5 garlic cloves","juice of 2 limes","juice of 1 orange","2 tablespoons vinegar","2 tablespoons Worcestershire","1/2 cup olive oil","1 tablespoon brown sugar ","1 tablespoon cumin","1 tablespoon salt","1 teaspoon pepper","2-3 pounds flank steak","corn or flour tortillas","red onion","cotija cheese","cilantro","guacamole (see notes)","chimichurri (see notes)"],"directions":["Marinade: Blend marinade ingredients together until smooth. Place the steak in a large bowl or dish, cover with the marinade, and let rest in the fridge for 1-8 hours (4 hours is pretty ideal).","Toppings: Prep your other toppings!","Grilling the Steak: Preheat grill to medium heat. Remove meat from marinade and discard remaining marinade. Sprinkle with salt and pepper on both sides. Place steak on grill (it should sizzle!) and grill for 7-9 minutes per side, flipping just once. When a meat thermometer reads 140-145, remove from grill and cover in foil. Let it rest for 5 minutes and boom: perfect medium rare. Grill to 155/160 for medium.","Assembly: Slice your steak against the grain into long strips and build your tacos – steak, chimichurri, cotija, cilantro, red onion, and guacamole for good measure."],"url":"https://pinchofyum.com/steak-tacos","title":"Rockin’ Chimichurri Steak Tacos","description":"Chimichurri Steak Tacos – spicy marinated grilled steak, a quick chimi sauce, and all your other favorite toppings.","image":"https://pinchofyum.com/wp-content/uploads/Steak-Tacos-Recipe-185x185.jpg","servings":"10-12 tacos","review":4.8,"prepTime":60,"totalTime":75,"cookTime":15}