{"ingredients":["2 teaspoons olive oil","8 ounces boneless, skinless chicken breasts (mine were cut into smaller, thinner pieces which made the sauteing a bit easier)","1/2 teaspoon salt","1/2 teaspoon pepper","1 teaspoon chili powder","2 cups grapes, halved","1 cup fresh blueberries","3 cups curly lettuce, chopped","1/2 cup feta cheese","1/2 cup almonds, chopped or crushed","3 tablespoons almond butter","1 tablespoon olive oil","2 tablespoons freshly squeezed orange juice","3 tablespoons water","1 tablespoon stoneground mustard","1/2 tablespoon raw honey","1/4 teaspoon salt, more to taste","1/2 teaspoon garlic"],"directions":["Heat the oil in a large skillet over medium high heat. Sprinkle the chicken with the salt, pepper, and chili powder. Saute in the oil for a few minutes, flipping the chicken now and then to cook through and get a nice golden color on both sides. When the chicken is cooked, remove from heat and set aside.","Cut and prep all the vegetables and fruits. When the chicken is cool enough to handle, cut into bite sized pieces. Place the salad ingredients in a large bowl – you can either arrange the bowl by ingredient, like pictured, or toss everything together. Refrigerate to chill.","For the dressing, puree all the dressing ingredients in a food processor until smooth. Taste and adjust to your preferences. Pour dressing over salad and serve."],"url":"https://pinchofyum.com/rainbow-chicken-salad-almond-honey-mustard-dressing","title":"Rainbow Chicken Salad with Almond Honey Mustard Dressing","description":"This Rainbow Chicken Salad is topped with the most creamy and delicious homemade Almond Honey Mustard Dressing. Perfect for lunch or dinner!","image":"https://pinchofyum.com/wp-content/uploads/2014/01/honey-mustard-salad-21-183x183.jpg","servings":"4","review":4.9,"prepTime":30,"totalTime":45,"cookTime":15,"nutrition":{"totalFat":29.8,"totalFatDailyValue":46,"cholestrol":58.1,"cholestrolDailyValue":19,"sodium":660,"sodiumDailyValue":27,"carbohydrates":30.8,"carbohydratesDailyValue":10,"sugars":21,"protein":24,"proteinDailyValue":48,"vitaminA":196.5,"vitaminADailyValue":13,"vitaminC":11.5,"vitaminCDailyValue":19}}