{"ingredients":["2 lbs beef, chuck roast, fat trimmed, cut into 1-2-inch chunks","1 medium onion, sliced thinly","2 stalks celery, sliced diagonally in thick pieces","6 carrots, sliced diagonally in thick pieces","2 tablespoons small tapioca – see notes","1/2 cup tomato juice","2 teaspoons salt","1 tablespoon sugar"],"directions":[],"url":"https://pinchofyum.com/instant-pot-beef-stew","title":"Life Changing Instant Pot Beef Stew","description":"Beef Stew made in an Instant Pot! 6 ingredients, 45 minutes, SO EASY.","image":"https://pinchofyum.com/wp-content/uploads/Instant-Pot-Beef-Stew-Recipe-185x185.jpg","servings":"5-6 servings","review":4.5,"prepTime":10,"totalTime":50,"cookTime":40,"nutrition":{"totalFat":10.1,"totalFatDailyValue":16,"cholestrol":119.8,"cholestrolDailyValue":40,"sodium":1137.2,"sodiumDailyValue":47,"carbohydrates":16.4,"carbohydratesDailyValue":5,"sugars":7.8,"protein":39.3,"proteinDailyValue":79,"vitaminA":622.2,"vitaminADailyValue":41,"vitaminC":23.4,"vitaminCDailyValue":39}}