{"ingredients":["1 1/2 cups dry quinoa, rinsed","8 cups vegetable broth","1 medium butternut or Kabocha squash (7-8 cups chopped)","3 cloves garlic","1 small onion","2 teaspoons yellow curry paste (can also use red curry paste)","1 teaspoon salt","1/2 cup coconut milk","1/2 cup good quality cheese to taste (I used Gouda and Maasdam)"],"directions":["Cook the quinoa according to package directions, using broth instead of water.","Bring the remaining broth to a boil in a large pot. Peel and roughly chop the squash, garlic, and onion. Add to the pot of boiling broth, adding more water as needed to cover the squash. Cover and cook for 10-15 minutes or until squash is fork-tender. Set aside a few cups of squash if you want to have pieces of squash in with the quinoa.","Transfer squash, garlic, and onion pieces to a blender, reserving the broth in the pot. Puree the squash until smooth and add broth to the blender as necessary. It should be the consistency of a thick soup. Add the curry paste, coconut milk, and salt. Puree again until incorporated.","Pour the sauce over the quinoa and stir in the squash pieces and the cheese. Season with additional salt, pepper, or herbs."],"url":"https://pinchofyum.com/creamy-squash-curry-quinoa","title":"Creamy Squash Curry Quinoa","description":"This creamy squash curry quinoa is the best way I’ve ever prepared quinoa – so creamy and filling, and a healthy comfort food!","image":"https://pinchofyum.com/wp-content/uploads/2013/05/squash-quinoa-183x183.jpg","servings":"6","review":4.8,"prepTime":5,"totalTime":50,"cookTime":45,"nutrition":{"totalFat":12.8,"totalFatDailyValue":20,"cholestrol":21.6,"cholestrolDailyValue":7,"sodium":1466.9,"sodiumDailyValue":61,"carbohydrates":41.6,"carbohydratesDailyValue":14,"sugars":4.9,"protein":12.8,"proteinDailyValue":26,"vitaminA":514.5,"vitaminADailyValue":34,"vitaminC":17.9,"vitaminCDailyValue":30}}