{"ingredients":["½ cup cooked wheat berries","1 small apple, diced","2 tablespoons walnuts","¾ cup lowfat plain yogurt or Greek yogurt","¼ teaspoon cinnamon","1/2 tablespoon flax seeds (optional)","1 tablespoon brown sugar"],"directions":["Mix all ingredients together and serve immediately.","Is that all? Yes. Hello, easy and fast."],"url":"https://pinchofyum.com/brown-sugar-apple-wheat-berry-yogurt-parfaits","title":"Brown Sugar Apple, Wheat Berry, & Yogurt Parfaits","description":"These delicious yogurt parfaits are loaded with great flavors like brown sugar, apples, wheat berries, flax, and walnuts. So healthy and so good!","image":"https://pinchofyum.com/wp-content/uploads/yogurt-parfaits-144-185x185.jpg","servings":"1","review":4.8,"prepTime":5,"totalTime":10,"cookTime":5,"nutrition":{"totalFat":13.8,"totalFatDailyValue":21,"cholestrol":8.5,"cholestrolDailyValue":3,"sodium":68.5,"sodiumDailyValue":3,"carbohydrates":104.4,"carbohydratesDailyValue":35,"sugars":30.6,"protein":35.4,"proteinDailyValue":71,"vitaminA":6.4,"vitaminADailyValue":0,"vitaminC":7.1,"vitaminCDailyValue":12}}