{"ingredients":["1 1/2 tablespoons butter","1 1/2 tablespoon oil","5-6 small corn tortillas, cut into strips","1 jalapeno, minced","1 clove garlic, minced","5 eggs, beaten","1/2 cup shredded Pepperjack or other cheese","1/2 cup chopped cilantro","salt to taste","black beans, Cotija cheese, salt, pepper, avocado, tomato salsa for serving"],"directions":["Heat the oil and butter in a large skillet over medium heat. Add the tortillas and fry, stirring frequently, until very browned and crispy (see picture).","Turn down the heat and let things cool down a little bit. Add the jalapeño and garlic. After a minute or two, add the eggs about 1/4 cup at a time, pushing the eggs around gently in the pan after each addition until all eggs have been added and all the eggs are almost all fully cooked but not quite. Season with salt.","Remove from heat (the eggs will finish cooking off the heat) and stir in the cheese and cilantro. Serve with all the usual suspects. Black beans, avocado, salsa, cheese, salt, pepper, or hot sauce."],"url":"https://pinchofyum.com/migas-day-every-day","title":"Migas: All Day Every Day","description":"Migas – eggs scrambled with crispy tortillas, garlic, jalapeño, and melted cheese served with black beans and avocado. Quick, easy, and SO DELICIOUS. Breakfast, lunch, dinner, or brunch!","image":"https://pinchofyum.com/wp-content/uploads/Migas-Recipe-185x185.jpg","servings":"3","review":4.9,"prepTime":15,"totalTime":30,"cookTime":15,"nutrition":{"totalFat":20.8,"totalFatDailyValue":32,"cholestrol":341.1,"cholestrolDailyValue":114,"sodium":367,"sodiumDailyValue":15,"carbohydrates":12.4,"carbohydratesDailyValue":4,"sugars":1.1,"protein":16.6,"proteinDailyValue":33,"vitaminA":269.4,"vitaminADailyValue":18,"vitaminC":6.6,"vitaminCDailyValue":11}}