{"ingredients":["1 cup frozen fruit (mixed berries works best – raspberries, blueberries, strawberries)","1/2 cup Bai5 Brasilia Blueberry","2 tablespoons honey (more to taste)","a squeeze of lemon juice, if you want","1/4 cup chia seeds"],"directions":["Place the blueberries, raspberries, and strawberries in a blender with the Bai5, honey, lemon, and chia seeds. Puree until smooth (or to your desired consistency).","Transfer to a jar and refrigerate for 2 hours or overnight. The jam should start to thicken pretty quickly and it should be spreadable just like a jam!"],"url":"https://pinchofyum.com/triple-berry-refrigerator-jam","title":"Triple Berry Refrigerator Jam","description":"This Triple Berry Refrigerator Jam is so easy and full of health benefits! Perfect if you’re looking to reduce refined sugar.","image":"https://pinchofyum.com/wp-content/uploads/Bai5-Jam-Recipe-185x185.jpg","servings":"1 jar - about 1 1/2 cups","review":5,"prepTime":15,"totalTime":135,"cookTime":120,"nutrition":{"totalFat":3.7,"totalFatDailyValue":6,"cholestrol":0,"cholestrolDailyValue":0,"sodium":2.9,"sodiumDailyValue":0,"carbohydrates":15.9,"carbohydratesDailyValue":5,"sugars":8.2,"protein":2.2,"proteinDailyValue":4,"vitaminA":0.6,"vitaminADailyValue":0,"vitaminC":9.1,"vitaminCDailyValue":15}}