{"ingredients":["8 large cloves garlic, minced","2 tablespoons butter","5-6 cups cauliflower florets","6-7 cups vegetable broth or water","1 teaspoon salt (more to taste)","1/2 teaspoon pepper (more to taste)","1/2 cup milk (more to taste)"],"directions":["Garlic: Saute the minced garlic with the butter in a large nonstick skillet over low heat. Cook for several minutes or until the garlic is soft and fragrant but not browned (browned or burnt garlic will taste bitter). Remove from heat and set aside.","Cauliflower: Bring the water or vegetable broth to a boil in a large pot. Add the cauliflower and cook, covered, for 7-10 minutes or until cauliflower is fork tender. Do not drain.","Puree: Use a slotted spoon to transfer the cauliflower pieces to the blender. Add 1 cup vegetable broth or cooking liquid, sauteed garlic/butter, salt, pepper, and milk. Blend or puree for several minutes until the sauce is very smooth, adding more broth or milk depending on how thick you want the sauce. You may have to do this in batches depending on the size of your blender. Serve hot! If the sauce starts to look dry, add a few drops of water, milk, or olive oil."],"url":"https://pinchofyum.com/creamy-cauliflower-sauce","title":"Creamy Cauliflower Sauce","description":"This creamy cauliflower sauce is a hit! Perfect for pasta, pizza, or anything else you might want to cover in white cauliflower creamy deliciousness.","image":"https://pinchofyum.com/wp-content/uploads/Cauliflower-Sauce-51-Square-183x183.jpg","servings":"makes about 5 cups","review":4.8,"prepTime":15,"totalTime":30,"cookTime":15,"nutrition":{"totalFat":5.8,"totalFatDailyValue":9,"cholestrol":14.7,"cholestrolDailyValue":5,"sodium":682.3,"sodiumDailyValue":28,"carbohydrates":9.7,"carbohydratesDailyValue":3,"sugars":4,"protein":3.7,"proteinDailyValue":7,"vitaminA":55.5,"vitaminADailyValue":4,"vitaminC":63.6,"vitaminCDailyValue":106}}