{"ingredients":["1 batch whole wheat pizza dough ","4 cups creamy cauliflower sauce","2 large chicken breasts, cooked and shredded","1 cup shredded Mozzarella or other cheese","diced tomatoes","minced fresh parsley","Parmesan cheese","salt and pepper","olive oil"],"directions":["Prepare the crust. For me, the recipe linked about makes 2 12-inch round pizzas. Preheat the oven to 375 degrees.","Divide the sauce between the two pizzas, spreading about 1 1/2 cups over each unbaked crust. Arrange the chicken evenly over both pizzas and top with a little bit more sauce (about 1/2 cup each). Add the diced tomatoes or any additional toppings. Sprinkle cheese over the two pizzas, about 1/2 cup for each pizza.","Bake for 12 minutes. Turn on the broiler and continue baking for an additional 3-8 minutes, depending on how browned you want the top/crust to be. I waited until the edges of my chicken started to brown and the outer crust was a little more crispy. Serve immediately topped with parsley, additional salt and pepper, Parmesan cheese, or a drizzle of olive oil."],"url":"https://pinchofyum.com/healthy-chicken-alfredo-pizza","title":"Healthy Chicken Alfredo Pizza","description":"This healthy chicken Alfredo pizza has a whole wheat crust, a creamy cauliflower Alfredo sauce, shredded chicken, and cheese!","image":"https://pinchofyum.com/wp-content/uploads/2013/03/pizza-crust-3-183x183.jpg","servings":"16 slices","review":5,"prepTime":15,"totalTime":27,"cookTime":12,"nutrition":{"totalFat":5.8,"totalFatDailyValue":9,"cholestrol":34.7,"cholestrolDailyValue":12,"sodium":573.6,"sodiumDailyValue":24,"carbohydrates":35.6,"carbohydratesDailyValue":12,"sugars":2.4,"protein":15.9,"proteinDailyValue":32,"vitaminA":442.4,"vitaminADailyValue":29,"vitaminC":19.1,"vitaminCDailyValue":32}}