{"ingredients":["1 shallot","1/2 cup fresh herbs (basil and parsley are great)","16 ounces wild caught raw salmon, skin removed","1 cup cooked quinoa","1 egg + 1 egg white","1/2 teaspoon seasoning mix (I used a seafood seasoning that had marjoram, chives, and onion)","a big squeeze of lemon juice – about a tablespoon","salt and pepper to taste","2 tablespoons minced herbs and shallot (reserved from burgers)","1/4 cup oil","2 tablespoons water","1-2 tablespoons lemon","1/4 teaspoon salt","1 teaspoon honey","Bold DeLallo SaladSavors®","2-3 cups baby spinach"],"directions":["Mince the shallot and herbs. Set aside two tablespoons of the shallot/herbs for the dressing. Saute the remaining shallot and herbs in a little olive oil over medium high heat for a few minutes to remove the bite (not totally necessarily, but it helps the flavor in my opinion).","Pulse the salmon 2-3 times briefly in a food processor until well chopped and a little bit sticky. Stir together with the quinoa, eggs, seasoning, lemon juice, salt, pepper, and the shallots and herbs from step one. Shape the mixture into four patties.","Heat a small drizzle of oil in skillet over medium high heat. Fry the patties one at a time (unless you have a huge griddle that can fit more), flipping once after 3-4 minutes. The patties should be golden brown on the outside and fully cooked on the inside.","Place all the dressing ingredients in a jar and shake until combined (don’t forget the reserved shallot and herbs from step one). Set a little bit aside and toss the rest with the salad ingredients.","Serve burgers over salad! Mix the reserved dressing with a little bit of greek yogurt or mayonnaise for a herb-dip-type-sauce and serve it over the salmon burgers. And feel fresh and healthy."],"url":"https://pinchofyum.com/lemon-herb-salmon-burgers","title":"Lemon Herb Salmon Burgers","description":"Lemon Herb Salmon Burgers – a healthy, fresh recipe that is a MUST for salmon lovers! A light burger atop a beautifully sweet, crunchy, herb-fresh salad.","image":"https://pinchofyum.com/wp-content/uploads/salmon-burgers-recipe-1-185x185.jpg","servings":"4","review":4.9,"prepTime":10,"totalTime":30,"cookTime":20,"nutrition":{"totalFat":23.1,"totalFatDailyValue":35,"cholestrol":97.5,"cholestrolDailyValue":33,"sodium":248.8,"sodiumDailyValue":10,"carbohydrates":15.6,"carbohydratesDailyValue":5,"sugars":2.8,"protein":30.6,"proteinDailyValue":61,"vitaminA":137.3,"vitaminADailyValue":9,"vitaminC":7.7,"vitaminCDailyValue":13}}