{"ingredients":["8 slices good quality thick bacon (smoked is yummy)","1 tablespoon butter","2 cups chopped asparagus","1 teaspoon lemon pepper seasoning (more to taste)","4 cups spinach, cut or torn into bite-sized pieces","8 ounces chicken breast slices (I get it from the deli counter)","1 large ripe avocado","1/4 cup good quality olive oil (I got mine from a Hampton’s Lane package)","1/4 cup good quality balsamic vinegar","fresh basil for topping"],"directions":["Fry the bacon according to package directions (I go for crispy on this one). Drain on a paper towel lined plate and crumble or chop into bite-sized pieces.","Melt the butter in a small skillet over high heat. Add the asparagus, sprinkle with lemon pepper, and saute until golden brown and roasty-looking. I like the little charred pieces so I cooked it a little longer – you can cook for as long as you like depending on how you like your asparagus.","Cut the chicken into bite-sized pieces. Layer the spinach, chicken, asparagus, and bacon. Cut the avocado into slices and scoop out with a spoon; arrange over the top of the salad. Drizzle or toss with the olive oil and balsamic vinegar. Top with fresh basil, salt and pepper."],"url":"https://pinchofyum.com/chicken-bacon-avocado-salad-with-roasted-asparagus","title":"Chicken Bacon Avocado Salad with Roasted Asparagus","description":"This Chicken Bacon Avocado Salad with Roasted Asparagus is so simple and full of fresh flavor! One of my new favorites! Enjoy!","image":"https://pinchofyum.com/wp-content/uploads/Chicken-Bacon-Avocado-Salad-91-200x300-185x185.jpg","servings":"4","review":4.9,"prepTime":15,"totalTime":30,"cookTime":15,"nutrition":{"totalFat":44.8,"totalFatDailyValue":69,"cholestrol":64.9,"cholestrolDailyValue":22,"sodium":1016.8,"sodiumDailyValue":42,"carbohydrates":11.7,"carbohydratesDailyValue":4,"sugars":4.5,"protein":19.7,"proteinDailyValue":39,"vitaminA":199.2,"vitaminADailyValue":13,"vitaminC":15.2,"vitaminCDailyValue":25}}