{"ingredients":["2-3 bell peppers","1 onion","1 teaspoon each cumin, chili powder, smoked sweet paprika","1 can black beans","Garlic","Tostada shells (3-4)","Scallions","Sour cream and salsa"],"directions":["Coarse chop the peppers, coat with oil and spices. Roast at 400 for 20-30 minutes.","In a food processor, puree the black beans with the garlic. Add spices if you want.","Spread the puree on the tostada, top with peppers, scallions, and sour cream and salsa!"],"url":"https://pinchofyum.com/roasted-bell-pepper-tostadas","title":"Roasted Bell Pepper Tostadas","description":"These roasted bell pepper tostadas are colorful and simple – just tortillas, refried beans, and roasted peppers. Vegan, vegetarian, and healthy.","image":"https://pinchofyum.com/wp-content/uploads/Roasted-Bell-Pepper-Tostadas-with-Cream-185x185.jpeg","servings":"4","prepTime":15,"totalTime":45,"cookTime":30}