{"ingredients":["2 heads of cauliflower, cut into florets","2 tablespoons olive oil + pinch of salt","3/4 cup cashews","3/4 cup water","1 teaspoon salt","1 jar (25 oz) pasta sauce (I use DeLallo because there’s no added sugar, and because their spicy arrabbiata sauce is life)","1 16-ounce jar roasted red peppers, drained","1 pound whole wheat penne pasta (I used DeLallo again)","greens for garnishing"],"directions":["Cauliflower: Preheat the oven to 425 degrees. Toss the cauliflower florets with the olive oil and salt and spread on a baking sheet. Bake/roast for 30 minutes, stirring occasionally, until nice and brown.","Creamy Tomato Sauce: Blend the cashews, water, salt, pasta sauce, and red peppers together until very smooth and creamy. YUMMMMMM.","Pasta: Cook pasta according to package directions. Toss cooked pasta with some of the sauce (however much you want – you’ll probably have some leftover) and most of the roasted cauliflower (I reserve a little to make for a fancy topping). ????????"],"url":"https://pinchofyum.com/red-pepper-cashew-pasta","title":"Red Pepper Pasta with Roasted Cauliflower","description":"Red Pepper Cashew Pasta with Roasted Cauliflower. ♡ TOO GOOD TO EVEN BE TRUE. This sauce is a three-ingredient game-changer!","image":"https://pinchofyum.com/wp-content/uploads/Meal-Prep-Pasta-with-Cauliflower-Recipe-185x185.jpg","servings":"8 servings!","review":4.8,"prepTime":15,"totalTime":45,"cookTime":30,"nutrition":{"totalFat":13.1,"totalFatDailyValue":20,"cholestrol":1.7,"cholestrolDailyValue":1,"sodium":717.4,"sodiumDailyValue":30,"carbohydrates":63.3,"carbohydratesDailyValue":21,"sugars":11.9,"protein":14.9,"proteinDailyValue":30,"vitaminA":109.9,"vitaminADailyValue":7,"vitaminC":169.5,"vitaminCDailyValue":282}}