{"ingredients":["1 roll refrigerated chocolate chip cookies","3 1/2 cups miniature marshmallows","1 bag butter-flavor microwave popcorn, popped","2/3 cup light corn syrup","1/4 cup butter or margarine","1 bag peanut butter chips","1 cup semisweet chocolate chips"],"directions":["Press cookie dough into the bottom of a square baking pan (8×8 or 9×9). Bake at 350 for about 15 minutes or until the surface looks dry and starts turning golden brown.","Start melting corn syrup, butter, and peanut butter chips over medium heat.","Once cookies have been removed, sprinkle marshmallows on top of cookie layer and put back in the oven for 5 minutes until they puff up.","Add popcorn to warm, melted peanut butter mixture and stir until well combined. Press on top of marshmallow layer. Drizzle with melted chocolate chips. Cool for several hours before cutting and serving. (I found it helpful to put them in the fridge.)"],"url":"https://pinchofyum.com/caramel-corn-bars","title":"Caramel Corn Bars","description":"These caramel corn bars have a cookie base and a marshmallow caramel corn topping, drizzled with chocolate. So addicting!","image":"https://pinchofyum.com/wp-content/uploads/popcorn-bars-185x185.jpg","servings":"16","review":4.6,"prepTime":20,"totalTime":40,"cookTime":20,"nutrition":{"totalFat":18.5,"totalFatDailyValue":28,"cholestrol":8.9,"cholestrolDailyValue":3,"sodium":175.4,"sodiumDailyValue":7,"carbohydrates":39,"carbohydratesDailyValue":13,"sugars":26.2,"protein":5.7,"proteinDailyValue":11,"vitaminA":213.9,"vitaminADailyValue":14,"vitaminC":0,"vitaminCDailyValue":0}}