{"ingredients":["3 tablespoons olive oil","16 ounces extra firm tofu (press out some liquid first)","2 tablespoons taco seasoning (add about 1 teaspoon salt if it’s unsalted)","2 chipotle peppers, minced","1/3 to 1/2 cup salsa","1 cup cashews","1/2 cup water","1 can diced green chiles (or less, to taste)","1 teaspoon taco seasoning (add a pinch of salt if it’s unsalted)","huge burrito-sized flour tortillas","something crunchy: tostadas, tortilla chips or, dare I say, Doritos / Hot Cheetos (!!)","roasted vegetables","black beans","avocados","fresh stuff: tomatoes, cabbage slaw, lettuce, cilantro","salsa"],"directions":["Sofritas Tofu: Heat oil over medium high heat in a large nonstick skillet. Add tofu and break apart into crumbles. Add taco seasoning, salt, chipotles, and salsa. Get it all going in the pan, nice and hot. Finish by letting everything sit without stirring for another 10+ minutes (adding oil to prevent sticking as needed) until you get some nice browned, almost-crunchy pieces.","Cashew Queso: Blend everything together aggressively until smooth!","Crunch Wrap Time: Lay a large tortilla on a flat surface. Layer: tofu, queso, crunchy stuff, and any other extras you want in there. Fold in the edges of the tortilla toward the center. Place in a hot oiled skillet, seam side down. Cook for a few minutes on each side until the exterior is firm, crunchy, and golden brown. Cut and serve!"],"url":"https://pinchofyum.com/vegan-crunchwrap","title":"Vegan Crunchwrap Supreme","description":"This vegan crunchwrap is INSANE! You can stuff this bad boy with whatever you like – I made it with sofritas tofu and cashew queso. SO GOOD! Favorite vegan recipe to date.","image":"https://pinchofyum.com/wp-content/uploads/Vegan-Crunchwrap-Feature-185x185.jpg","servings":"enough filling for 4-6 crunchwraps!","course":"Dinner","cuisine":"Tex Mex","review":4.7,"prepTime":30,"totalTime":45,"cookTime":15,"nutrition":{"totalFat":11.2,"totalFatDailyValue":17,"cholestrol":182.5,"cholestrolDailyValue":61,"sodium":723.5,"sodiumDailyValue":30,"carbohydrates":9.1,"carbohydratesDailyValue":3,"sugars":1.5,"protein":24.7,"proteinDailyValue":49,"vitaminA":10,"vitaminADailyValue":1,"vitaminC":9.5,"vitaminCDailyValue":16}}