{"ingredients":["2 cups rolled oats","2 cups flaked unsweetened coconut","1/2 cup peanut butter (extra as needed)","1/2 cup honey (extra as needed)","1/4 cup chia seeds","1/2 teaspoon salt","1/2 teaspoon vanilla","1/2 cup chocolate chips"],"directions":["Pulse the oats and the coconut until coarsely ground.","Add peanut butter, honey, chia seeds, salt, vanilla, and chocolate chips. Pulse again until well-mixed and the chocolate chips are cut into smaller pieces.","Roll into balls. (If it’s too dry, just add a little more honey / peanut butter and mix again – I usually just eyeball the amounts until it gets sticky enough).","Freeze until solid. Store in freezer or refrigerator."],"url":"https://pinchofyum.com/cookie-dough-energy-bites","title":"Cookie Dough Energy Bites","description":"These nutritious little energy bites taste a whole lot like cookie dough! This recipe was adapted from the Minimalist Kitchen cookbook! The major changes that I made were omitting the dried fruit, using peanut butter instead of almond butter, and swapping chia for hemp.","image":"https://pinchofyum.com/wp-content/uploads/Cookie-Dough-Bites-Feature-1-185x185.jpg","servings":"30","review":5,"nutrition":{"totalFat":11.2,"totalFatDailyValue":17,"cholestrol":182.5,"cholestrolDailyValue":61,"sodium":723.5,"sodiumDailyValue":30,"carbohydrates":9.1,"carbohydratesDailyValue":3,"sugars":1.5,"protein":24.7,"proteinDailyValue":49,"vitaminA":10,"vitaminADailyValue":1,"vitaminC":9.5,"vitaminCDailyValue":16}}