{"ingredients":["1/2 cup rolled oats","1/3 cup coconut milk","1 cup regular milk or water","pinch of salt","2 tbs. shredded sweetened coconut","1-2 tbs. flaxseed meal","1 tbs. brown sugar","1 tbs. peanut butter"],"directions":["Cook oats (I did about 2 minutes in the microwave) with the coconut milk, regular milk/water, and salt.","Stir in the brown sugar. Let it stand until it thickens up a little bit.","Stir in the coconut and flaxseed meal. Sprinkle with extra coconut and top with peanut butter. A few minutes in the oven (or microwave) will make the peanut butter perfectly melty."],"url":"https://pinchofyum.com/coconut-peanut-butter-oatmeal","title":"Coconut Peanut Butter Oatmeal","description":"This easy recipe for coconut peanut butter oatmeal is a perfect start for busy weekday mornings. Made with coconut milk, flax, and peanut butter.","image":"https://pinchofyum.com/wp-content/uploads/Peanut-Butter-Oatmeal-185x185.jpeg","servings":"1","review":5,"prepTime":5,"totalTime":10,"cookTime":5}