{"ingredients":["1 tablespoons olive oil","1 cup diced onions","1 lbs. boneless skinless chicken thighs (breasts are also good)","2 tablespoons curry paste","2 teaspoons garam masala (cumin or roasted coriander are also good)","1 tablespoon ginger paste","3 cloves garlic","2 cups tomato puree","2 cups chicken broth","3 cups diced eggplant (peel removed)","3 cups diced fresh tomatoes","1 cup uncooked quinoa","toppings: crushed almonds, rice, noodles, cilantro, green onions, almond butter"],"directions":["Heat the olive oil in a deep pan over medium high heat. Add the onions and saute for 2-3 minutes until soft and fragrant. Add the chicken, curry paste, garam masala, ginger, and garlic. Stir fry for another 3-5 minutes to get the chicken pieces browned.","Add the tomato puree, broth, eggplant, tomatoes, and quinoa. Cover and smmer for 15-20 minutes (check the quinoa package for cook time – mine was a sprouted quinoa that cooked in 15 minutes). When it’s done, it will look like the picture above – sort of like a stew.","When the chicken and quinoa are both cooked through, serve in big bowls topped with ALL THE THINGS. We like rice, cilantro, green onions, and crushed almonds for crunch."],"url":"https://pinchofyum.com/healthy-quinoa-chicken-curry-bowls","title":"Healthy Quinoa Chicken Curry Bowls","description":"These Quinoa Chicken Curry Bowls are vibrant, fresh, and come together in a snap. Full of nutritious ingredients like quinoa, chicken, and veggies.","image":"https://pinchofyum.com/wp-content/uploads/quinoa-chicken-curry-recipe-185x185.jpg","servings":"6","review":4.8,"prepTime":10,"totalTime":40,"cookTime":30,"nutrition":{"totalFat":19.6,"totalFatDailyValue":30,"cholestrol":57.9,"cholestrolDailyValue":19,"sodium":999.8,"sodiumDailyValue":42,"carbohydrates":44.5,"carbohydratesDailyValue":15,"sugars":9.2,"protein":20,"proteinDailyValue":40,"vitaminA":134.8,"vitaminADailyValue":9,"vitaminC":24,"vitaminCDailyValue":40}}