{"ingredients":["1 tablespoon oil or butter","half of a yellow onion, minced","4 carrots, minced","12 ounces spicy Italian sausage (casings removed – just the ground meat)","1 teaspoon dried oregano","1/2 teaspoon red pepper flakes","1 1/2 teaspoons salt","1/2 teaspoon black pepper","1/2 cup Barefoot Rich Red Blend","1 28 ounce can San Marzano tomatoes, including their juice","1/4 cup balsamic or Italian dressing (optional)","1 lb. whole wheat rigatoni","1/2 cup reserved pasta water","Parmesan and parsley or basil for topping"],"directions":["Heat the oil in a skillet over medium high heat. Add the onion and carrots – saute for 10 minutes or so, until the vegetables are very soft.","Add the ground sausage, oregano, red pepper flakes, salt, and pepper. When the sausage is fully cooked, add the wine to get the browned bits off the bottom of the pan.","Add the tomatoes and dressing – simmer for 10-20 minutes while the pasta is cooking.","Cook the pasta according to package directions. When draining, reserve 1/2 cup of the cooking water. Combine the pasta, the sauce, and the reserved water and toss gently to combine. Transfer to a large serving dish and top with Parmesan and parsley or basil. Serve with more Barefoot Rich Red Blend!"],"url":"https://pinchofyum.com/spicy-sausage-rigatoni","title":"Spicy Sausage Rigatoni","description":"Spicy Sausage Rigatoni – my whole family LOVES this recipe! Real food ingredients like whole wheat rigatoni, San Marzano tomatoes, and red wine.","image":"https://pinchofyum.com/wp-content/uploads/Spicy-Sausage-Rigatoni-Recipe-185x185.jpg","servings":"8-10","review":4.7,"prepTime":10,"totalTime":40,"cookTime":30,"nutrition":{"totalFat":5.6,"totalFatDailyValue":9,"cholestrol":17.8,"cholestrolDailyValue":6,"sodium":699.1,"sodiumDailyValue":29,"carbohydrates":39.7,"carbohydratesDailyValue":13,"sugars":4.7,"protein":11.6,"proteinDailyValue":23,"vitaminA":222.2,"vitaminADailyValue":15,"vitaminC":14.6,"vitaminCDailyValue":24}}