{"ingredients":["5 slices bacon","5 medium russet potatoes","2 tablespoons oil, divided","1 tablespoon butter","5 ounces kale","3/4 cup almonds or pine nuts","1 handful basil leaves or other herbs (optional – see notes)","1 cup cooked chickpeas (optional – see notes)","1/4 cup olive oil","1/4 cup shredded Parmesan cheese","2-3 cloves garlic","1/2 teaspoon salt","1 cup any kind of shredded cheese – I used Chihuahua cheese"],"directions":["BACON: Fry the bacon until crispy. Transfer to a paper towel lined plate. When cool enough to handle, crumble or chop the bacon into small pieces. Set aside.","POTATOES: Preheat the oven to 400 degrees. Wash and dry the potatoes. Rub or brush them with 1 tablespoon oil. Place on a large baking sheet and bake for 40 minutes. When they’re cool enough, slice the potatoes in half, scoop out most of the flesh (use for another recipe – yay mashed potatoes!), but leave a little bit attached to the skin to help them hold their shape. Melt the butter and combine with the remaining tablespoon oil. Brush the insides and outsides of the skins with the butter/oil and bake for another 5-10 minutes, skin side up, until nice and crispy.","KALE: In a food processor, pulse the kale, nuts, herbs, chickpeas, olive oil, Parmesan, garlic, and salt until smooth.","ASSEMBLY: Fill each of the potato skins with the kale mixture. Top with crumbled bacon and cheese. Bake for 5-10 minutes until ooey-gooey melty and delish. Sprinkle with extra bacon or herbs before serving to make it look extrafancy."],"url":"https://pinchofyum.com/cheesy-bacon-kale-potato-skins","title":"Cheesy Bacon & Kale Potato Skins","description":"These Cheesy Bacon and Kale Potato Skins are loaded with a fresh kale pesto and topped with crumbled bacon and melted cheese.","image":"https://pinchofyum.com/wp-content/uploads/bacon-and-kale-potato-skins-recipe-1-185x185.jpg","servings":"10 potato skins - serving size is 1 skin","review":5,"prepTime":15,"totalTime":75,"cookTime":60,"nutrition":{"totalFat":21.1,"totalFatDailyValue":33,"cholestrol":18.4,"cholestrolDailyValue":6,"sodium":439.1,"sodiumDailyValue":18,"carbohydrates":28,"carbohydratesDailyValue":9,"sugars":2.4,"protein":13.7,"proteinDailyValue":27,"vitaminA":111.1,"vitaminADailyValue":7,"vitaminC":23.4,"vitaminCDailyValue":39}}