{"ingredients":["2 plantains","1-2 cups oil for frying","1 tablespoon minced garlic","1 cup water","sea salt"],"directions":["Peel the plantains and cut them into 1-inch thick disks. Place the garlic in a bowl with the water and set aside.","Heat enough oil in a large skillet so that the disks will be half way submerged in the oil. When the oil is shiny and a drop of water sizzles across the top, add the plantains. Fry for 3-5 minutes on each side until the plantains are lightly softened and browned. Remove and place on a paper towel lined plate.","Place the plantains on a cutting board, smash with the back of a wooden spoon to make them half as thick, and let them soak in the garlic water for about a minute.","Remove, dab them dry and wipe off garlic pieces so they don’t burn, and return to the frying pan. Fry for another 2-3 minutes on each side or until they take on a deep golden color and a crispy texture. Drain again on paper towels, sprinkle with ground sea salt, and serve with rice and beans."],"url":"https://pinchofyum.com/garlic-tostones-puerto-rican-fried-plantains","title":"Tostones: Puerto Rican Fried Plantians with Rice and Beans","description":"These simple garlic tostones are Puerto Rican fried plantains with a little sea salt are the perfect golden crispy addition to a plate of rice and beans.","image":"https://pinchofyum.com/wp-content/uploads/Fried-plantains-21-202x300-185x185.jpg","servings":"2-4","review":4.5,"prepTime":15,"totalTime":25,"cookTime":10,"nutrition":{"totalFat":28.3,"totalFatDailyValue":44,"cholestrol":0,"cholestrolDailyValue":0,"sodium":3.9,"sodiumDailyValue":0,"carbohydrates":29.2,"carbohydratesDailyValue":10,"sugars":13.4,"protein":1.3,"proteinDailyValue":3,"vitaminA":50.1,"vitaminADailyValue":3,"vitaminC":17.1,"vitaminCDailyValue":29}}