{"ingredients":["1/2 tablespoon freshly ground black peppercorns","5-6 tablespoons soy sauce","3 tablespoons mirin (sweet rice wine)","2 tablespoons honey or sugar","1 1-inch piece ginger","3 cloves garlic","2 tablespoons cornstarch dissolved in 6 tablespoons water","2 tablespoons sesame oil","8 ounces udon noodles (rice noodles would also work)","2 cups spinach leaves","10 ounces extra firm tofu","sesame seeds for topping"],"directions":["Bring a large pot of water to boil. Add the noodles and cook for 1-2 minutes (they should NOT be all the way cooked – just enough to barely soften). Drain and rinse with cold water – this removes starch and helps them stir fry without turning into a big blob. Set aside.","Place all the sauce ingredients in the food processor and give it a whirl. When it’s smooth, taste it and adjust to your liking. Cut the tofu into slices and press out the excess moisture several times with paper towels. Cut the tofu slices into cubes. Heat 1 tablespoon sesame oil in a large wok or nonstick skillet. When the oil is shiny, add the tofu. Stir fry very gently (breaks apart easily) for 5-10 minutes until deep golden brown. Add a tiny splash of black pepper sauce, a tiny splash of water, and 1/2 tablespoon oil and shake the pan around – everything will be all sizzly and awesome. When the tofu is cooked to your liking, transfer to a bowl and set aside.","Heat the remaining 1/2 tablespoon oil in the skillet. When the oil is shiny, add the noodles and black pepper sauce. Add a splash of water if the sauce becomes too thick. Stir fry until the noodles are softened completely, covered with sauce, and piping hot. Remove from heat and toss with the spinach and tofu. Serve sprinkled with sesame seeds."],"url":"https://pinchofyum.com/black-pepper-stir-fried-noodles","title":"Black Pepper Stir Fried Noodles","description":"These Black Pepper Stir Fried Noodles are like whoa yummy! 30 minutes to prep with simple, vegetarian friendly ingredients.","image":"https://pinchofyum.com/wp-content/uploads/2014/07/black-pepper-stir-fried-noodles-81-183x183.jpg","servings":"4","review":4.9,"prepTime":15,"totalTime":30,"cookTime":15,"nutrition":{"totalFat":11.3,"totalFatDailyValue":17,"cholestrol":0,"cholestrolDailyValue":0,"sodium":775.1,"sodiumDailyValue":32,"carbohydrates":72.5,"carbohydratesDailyValue":24,"sugars":15.4,"protein":15.2,"proteinDailyValue":30,"vitaminA":458.7,"vitaminADailyValue":31,"vitaminC":5.1,"vitaminCDailyValue":8}}