{"ingredients":["1 lb. boneless skinless chicken breasts","1 small head green cabbage (at least 12 large leaves)","2 yellow bell peppers, cut into thin strips","2 red bell peppers, cut into thin strips","2 large carrots, shredded (about 2 cups)","green onions, finely chopped (about 1 cup)","cilantro for topping (optional)","1/4 cup fresh lime juice","4 teaspoons fish sauce","4 teaspoons low sodium soy sauce","4 teaspoons canola oil","3 teaspoons sugar","2 teaspoons honey","2 teaspoons water","scant 1 cup peanuts","8 small cloves garlic, minced","1 1/2 tablespoons lemongrass paste (I used fresh lemongrass ground into a paste)"],"directions":["Bring a large pot of water to boil. Place the chicken breasts in the water (add garlic cloves or salt to season if you want). Simmer for 20 minutes or more until the chicken breasts are cooked through. Drain the water. When they are cool enough to handle, shred the chicken with two forks. Chill in the refrigerator.","Cut the bottom stem off the cabbage so the leaves come apart easily while still staying intact. Wash the leaves and set aside. Prepare the other vegetables.","Combine the dressing ingredients in a blender or food processor. Puree or blend until the mixture resembles chunky peanut butter (just not as thick). Taste and adjust to fit your preferences.","Assemble the lettuce wraps by filling the cabbage leaves with chicken, carrots, peppers, green onions, and cilantro. Add a few extra peanuts if you want. Top with a spoonful of peanut sauce and an extra drizzle of soy sauce."],"url":"https://pinchofyum.com/light-thai-chicken-lettuce-wraps","title":"Light Thai Chicken Lettuce Wraps","description":"These light Thai chicken lettuce wraps are THE BEST! Super healthy and covered with a simple Thai peanut sauce. So flavorful and delicious!","image":"https://pinchofyum.com/wp-content/uploads/2013/05/lettuce-wraps-511-183x183.jpg","servings":"makes 12 wraps","review":4.6,"prepTime":20,"totalTime":50,"cookTime":30,"nutrition":{"totalFat":8.7,"totalFatDailyValue":13,"cholestrol":27.6,"cholestrolDailyValue":9,"sodium":253.6,"sodiumDailyValue":11,"carbohydrates":13.4,"carbohydratesDailyValue":4,"sugars":7.4,"protein":13.3,"proteinDailyValue":27,"vitaminA":220.1,"vitaminADailyValue":15,"vitaminC":94,"vitaminCDailyValue":157}}