{"ingredients":["1 lb. boneless skinless chicken breasts","salt and pepper","1/4 cup olive oil","5-6 roma tomatoes, diced","3 cloves garlic, minced","one handful fresh basil, loosely packed, cut into ribbons","1/4 cup LAND O LAKES® European Style Super Premium Salted Butter","8 ounces pasta, like spaghetti, linguine, or bucatini"],"directions":["Cover the chicken with plastic wrap and pound each piece to an even thickness, about one inch or so in the thickest parts (this just helps it cook faster and more evenly). Remove the plastic and sprinkle each piece of chicken generously with sea salt and freshly ground pepper.","Prep the tomatoes, garlic, and basil and set aside. Make the pasta according to package directions.","Heat the olive oil in a large heavy skillet until a drop of water sizzles across the top. Add the chicken and pan-fry for several minutes on each side – the goal here is to get the chicken cooked AND get a nice browning on the outside. When the chicken is done, set aside.","Give the oil a few minutes to cool, add the tomatoes, and return to heat (if you add the tomatoes to the hot oil it will be a splatter-fest). Simmer to cook the tomatoes down into a chunky-sauce-like-mixture. Add the garlic and butter and stir to combine until the butter is melted. Add the chicken back in to soak in the sauce for a few minutes.","Just before serving, stir in the basil. Top servings of pasta with the chicken and the sauce."],"url":"https://pinchofyum.com/garlic-basil-chicken-with-tomato-butter-sauce","title":"Garlic Basil Chicken with Tomato Butter Sauce","description":"Garlic Basil Chicken – you won’t believe that this easy real food recipe only requires 7 ingredients like basil, garlic, olive oil, tomatoes, and butter.","image":"https://pinchofyum.com/wp-content/uploads/Garlic-Basil-Chicken-Recipe-185x185.jpg","servings":"4","review":4.8,"prepTime":20,"totalTime":50,"cookTime":30,"nutrition":{"totalFat":29.7,"totalFatDailyValue":46,"cholestrol":113.2,"cholestrolDailyValue":38,"sodium":64.2,"sodiumDailyValue":3,"carbohydrates":49.4,"carbohydratesDailyValue":16,"sugars":5.6,"protein":34.6,"proteinDailyValue":69,"vitaminA":171.9,"vitaminADailyValue":11,"vitaminC":21.8,"vitaminCDailyValue":36}}