{"ingredients":["3/4 cup melted coconut oil","1/2 cup cocoa powder (more or less to taste)","2-4 tablespoons natural sweetener (I like agave or maple syrup – more or less to taste)","pinch of salt","roughly 3/4 cup of almond butter (or any nut butter)","sea salt for topping"],"directions":["Whisk the coconut oil, cocoa powder, sweetener, and a pinch of salt.","Fill a regular size muffin tin with paper liners. Pour a small amount of the cocoa mixture (1-2 tablespoons) into the paper cups. Drop a small spoonful of the almond butter (2-3 teaspoons) into the center of each cup. Divide remaining chocolate amongst the cups.","If almond butter is sticking up, just gently press it down so each cup has a smooth top layer. Sprinkle each almond butter cup with a pinch of coarse sea salt. Freeze for one hour or until solid. YUM TOWN."],"url":"https://pinchofyum.com/almond-butter-cups","title":"Almond Butter Cups","description":"Almond Butter Cups: made with five ingredients and no refined sugar. So creamy, rich, and yummy!","image":"https://pinchofyum.com/wp-content/uploads/Almond-Butter-Cups-Recipe-185x185.jpg","servings":"12 medium/large almond butter cups","review":4.9,"prepTime":10,"totalTime":70,"cookTime":60,"nutrition":{"totalFat":22.6,"totalFatDailyValue":35,"cholestrol":0,"cholestrolDailyValue":0,"sodium":2.4,"sodiumDailyValue":0,"carbohydrates":8.4,"carbohydratesDailyValue":3,"sugars":3.8,"protein":3.9,"proteinDailyValue":8,"vitaminA":0,"vitaminADailyValue":0,"vitaminC":0,"vitaminCDailyValue":0}}