{"ingredients":["1 pound boneless skinless chicken breasts","1/2 cup flour","salt and pepper","4 tablespoons LAND O LAKES® European Style Super Premium Salted Butter","2 tablespoons olive oil","1/2 cup white wine","1 1/2 cups chicken broth","1 large lemon, sliced thinly (leave about 1/4 of the lemon intact for the juice)","1/4 cup jarred capers","fresh parsley"],"directions":["Cut the chicken breasts in half so that you have a total of four pieces. Cover with plastic wrap and pound them to an even thickness of about 1/2 inch or less. Place the flour in a bowl with some salt and pepper. Dredge the chicken in the flour mixture and set aside.","Heat 2 tablespoons of butter and the olive oil in a heavy skillet. Add the chicken and fry for a few minutes, flipping once. Both sides should be golden brown. Remove chicken and set aside.","Add the wine to the skillet and let it get all sizzly so you can scrape browned bits off the bottom. Add the broth and lemon slices. Let the mixture reduce to half or less. Add the capers, butter, and any remaining juice you can get out of the lemon nubs. Arrange the chicken pieces back in the pan and sprinkle with fresh parsley. VOILA!"],"url":"https://pinchofyum.com/lemon-chicken-piccata-with-grilled-bread","title":"Lemon Chicken Piccata with Grilled Bread","description":"Chicken Piccata – you won’t believe how easy this recipe is! Perfect with a green salad and grilled bread for soaking up all the extra sauce.","image":"https://pinchofyum.com/wp-content/uploads/Chicken-Piccata-Recipe-185x185.jpg","servings":"4 pieces","review":4.8,"prepTime":10,"totalTime":40,"cookTime":30,"nutrition":{"totalFat":22.3,"totalFatDailyValue":34,"cholestrol":115.1,"cholestrolDailyValue":38,"sodium":602.3,"sodiumDailyValue":25,"carbohydrates":17.5,"carbohydratesDailyValue":6,"sugars":1.8,"protein":29,"proteinDailyValue":58,"vitaminA":108.5,"vitaminADailyValue":7,"vitaminC":28.5,"vitaminCDailyValue":47}}