{"ingredients":["1/2 cup white sugar","1/2 cup brown sugar","1/2 cup butter, soft","2 eggs","3-4 large bananas, mashed","1 teaspoon maple flavoring","1 1/2 cups flour","1/2 cup oatmeal","1 teaspoon baking soda"],"directions":["Mix all ingredients through maple flavoring. Add last three ingredients and mix until just combined. Pour into a greased 9×5 pan and bake at 350 for 45-50 minutes. Do not overbake."],"url":"https://pinchofyum.com/maple-banana-bread","title":"Maple Banana Bread","description":"This maple banana bread is easy to make and makes your whole house smell like a cozy bakery. Perfect with a glass of cold milk, tea, or latte.","image":"https://pinchofyum.com/wp-content/uploads/maple-banana-bread-185x185.jpg","servings":"10-15","review":5,"prepTime":10,"totalTime":60,"cookTime":50,"nutrition":{"totalFat":10.7,"totalFatDailyValue":16,"cholestrol":61.3,"cholestrolDailyValue":20,"sodium":134.8,"sodiumDailyValue":6,"carbohydrates":42.9,"carbohydratesDailyValue":14,"sugars":22.5,"protein":3.7,"proteinDailyValue":7,"vitaminA":102.6,"vitaminADailyValue":7,"vitaminC":3.5,"vitaminCDailyValue":6}}