{"ingredients":["2 apple, grated or chopped (2 heaping cups)","2-3 large carrot, grated or chopped (2 heaping cups)","2 cups cooked quinoa","1/2 cup chopped almonds or walnuts","1/4 cup minced fresh parsley","1/3 cup apple chutney – my favorite was an apple walnut variety","chopped or whole mixed salad greens, like spinach or arugula (optional)","salt to taste"],"directions":["Prep the ingredients and allow to chill in the fridge. I’ve had best results with mixing when the quinoa is cool and crumbly instead of hot and sticky.","Combine all the ingredients in a mixing bowl and toss until well combined. Serve immediately, either plain, with chips, or on fresh greens."],"url":"https://pinchofyum.com/chopped-apple-quinoa-salad","title":"Chopped Apple Quinoa Salad","description":"This super easy chopped apple quinoa salad has fresh grated apples, carrots, mixed greens, quinoa, almonds, and spicy apple chutney.","image":"https://pinchofyum.com/wp-content/uploads/2013/05/salad4-183x183.jpg","servings":"6","review":4.8,"prepTime":30,"totalTime":45,"cookTime":15,"nutrition":{"totalFat":8.6,"totalFatDailyValue":13,"cholestrol":0,"cholestrolDailyValue":0,"sodium":32.3,"sodiumDailyValue":1,"carbohydrates":37.9,"carbohydratesDailyValue":13,"sugars":16.7,"protein":6.2,"proteinDailyValue":12,"vitaminA":236.2,"vitaminADailyValue":16,"vitaminC":10.4,"vitaminCDailyValue":17}}