{"ingredients":["2 cups cooked red quinoa","2 cups chopped pickled or regular cooked beets","1 cup pomegranate arils","4 ounces goat cheese","1/2 cup crushed or chopped pistachios","2 cups chopped Opal apples","2 cups chopped fresh baby spinach","a handful of green onions or fresh herbs if you want","dressing of choice (see notes)"],"directions":["For Mason jar salads, layer in order: 1/2 cup quinoa, 1/2 cup beets, 1/4 cup pomegranate arils, 1 ounce goat cheese, 2 tablespoons pistachios, herbs, 1/2 cup apples, and 1/2 cup spinach. Store in the fridge for as long as 4-5 days. When ready to serve, toss with the dressing.","If not making in Mason jars, toss everything together and serve immediately. I also recommend saving some pomegranate arils, crushed pistachios, and crumbled goat cheese to make it look pretty on top. 😀"],"url":"https://pinchofyum.com/winter-rainbow-quinoa-salad","title":"Winter Rainbow Quinoa Salad","description":"This Rainbow Quinoa Salad is packed with colorful, nutritious ingredients! Works perfect to make ahead in Mason jars for easy lunches.","image":"https://pinchofyum.com/wp-content/uploads/winter-power-quinoa-salad-in-bowl-recipe-1-185x185.jpg","servings":"4 individual salads","review":4.8,"prepTime":10,"totalTime":15,"cookTime":5,"nutrition":{"totalFat":13.8,"totalFatDailyValue":21,"cholestrol":13.1,"cholestrolDailyValue":4,"sodium":199.5,"sodiumDailyValue":8,"carbohydrates":32.3,"carbohydratesDailyValue":11,"sugars":19.9,"protein":11.4,"proteinDailyValue":23,"vitaminA":159.1,"vitaminADailyValue":11,"vitaminC":19.6,"vitaminCDailyValue":33}}