{"ingredients":["3 1/2 cups rolled oats","1 cup salted or honey roasted peanuts (chopped if you want but not necessary)","3/4 cup + 2 tablespoons whole wheat flour","1 1/2 teaspoons baking powder","1/2 teaspoon salt","3/4 cup natural peanut butter (doesn’t have to be exact – messy mess)","1/4 cup canola oil","2/3 cup real maple syrup","2 teaspoons vanilla","1/4 cup milk (I used vanilla almond milk)"],"directions":["Preheat the oven to 275 degrees. Mix the oats, nuts, flour, baking powder, and salt together in a large bowl. Whisk the peanut butter, canola oil, real maple syrup, vanilla, and milk together until smooth. Pour the wet mixture over the oat mixture and stir to combine.","Line a large (9×13 or larger) jelly roll pan with parchment paper. Pour the granola mixture onto the pan and spread evenly. Bake for 15 minutes; stir once. Bake for another 15 minutes until golden brown and dry to the touch, but check back before the timer goes off to make sure it’s not getting too brown and dry. You want it to still be semi-soft. Leave the granola out for a while (2-3 hours) to cool, cluster, and crunchify. I left mine in the oven after it had cooled down to prevent the eat-a-cluster-every-time-you-walk-by problem. Serve on yogurt, with fruit, ice cream, milk, or just as a clusterific snack."],"url":"https://pinchofyum.com/big-cluster-peanut-butter-granola","title":"Big Cluster Peanut Butter Granola","description":"This super simple Big Cluster Peanut Butter Granola is made with whole grains and no refined sugars – it’s a perfect sweet and crunchy homemade snack!","image":"https://pinchofyum.com/wp-content/uploads/2014/08/granola-100-183x183.jpg","servings":"16 (about 1/2 cup per serving - but it depends on how big your clusters are)","review":4.7,"prepTime":15,"totalTime":195,"cookTime":180,"nutrition":{"totalFat":14,"totalFatDailyValue":21,"cholestrol":0,"cholestrolDailyValue":0,"sodium":140.8,"sodiumDailyValue":6,"carbohydrates":30,"carbohydratesDailyValue":10,"sugars":9.1,"protein":8.3,"proteinDailyValue":17,"vitaminA":1.8,"vitaminADailyValue":0,"vitaminC":0,"vitaminCDailyValue":0}}