{"ingredients":["fresh rosemary","goat cheese","cooked wild rice","vegetable of choice (I used steamed broccoli)","lemon zest and juice","minced garlic","sel de cuisine (or other seasoning blend)","honey"],"directions":["Mix it up! I was going to attempt to list some specific amounts, but honestly, I didn’t measure anything. The best way to do it is add a little, taste, and adjust."],"url":"https://pinchofyum.com/rosemary-goat-cheese-and-wild-rice","title":"Rosemary, Goat Cheese, and Wild Rice","description":"This rosemary goat cheese wild rice is a simple and elegant way to enjoy wild rice. Seasoned with rosemary, mixed with broccoli, topped with goat cheese.","image":"https://pinchofyum.com/wp-content/uploads/2011/05/Rosemary-Goat-Cheese-and-Wild-Rice-183x183.jpeg","course":"Side","cuisine":"American","review":5,"prepTime":5,"totalTime":10,"cookTime":5}