{"ingredients":["1 small onion, minced","1 tablespoon butter","2 cups peeled, cubed butternut squash","1/4 teaspoon dried thyme (more to taste)","2 cups cooked wild rice","2 cups baby kale","2 cups chopped (crispy juicy unpeeled) apples","2 tablespoons cream, milk, or butter","1/2 cup shredded Provolone cheese","salt to taste"],"directions":["Saute the onion and butter in a large skillet over medium high heat until the onions are soft and translucent.","Add the squash and thyme; saute for 5-8 minutes, until the squash is fork-tender but not mushy. Add the baby kale and wild rice and stir to combine. Add the cream, milk, or butter if the mixture needs a little moisture to help it all get groovy together.","Add the apples last so they stay crispy. Add the cheese and stir a few times to get it melted into the ingredients."],"url":"https://pinchofyum.com/harvest-wild-rice-skillet","title":"Harvest Wild Rice Skillet","description":"Apples, squash, sauteed onions, wild rice, and baby kale come together with melted cheese for a yummy Wild Rice Skillet. Perfect for fall!","image":"https://pinchofyum.com/wp-content/uploads/2013/10/wild-rice-skillet-3-copy-183x183.jpg","servings":"4","review":4.6,"prepTime":5,"totalTime":35,"cookTime":30,"nutrition":{"totalFat":6.1,"totalFatDailyValue":9,"cholestrol":16.2,"cholestrolDailyValue":5,"sodium":119.4,"sodiumDailyValue":5,"carbohydrates":35.7,"carbohydratesDailyValue":12,"sugars":9,"protein":8.1,"proteinDailyValue":16,"vitaminA":421.8,"vitaminADailyValue":28,"vitaminC":18.6,"vitaminCDailyValue":31}}