{"ingredients":["6 bell peppers","1 cup uncooked quinoa, rinsed","1 14 ounce can black beans, rinsed and drained","1 14 ounce can refried beans","1 1/2 cups red enchilada sauce","1 teaspoon cumin","1 teaspoon chili powder","1 teaspoon onion powder","1/2 teaspoon garlic salt","1 1/2 cups shredded Pepperjack cheese","toppings! cilantro, avocado, sour cream, etc."],"directions":["Cut the tops off of the peppers and scrape out the ribs and seeds.","In a large bowl, combine the quinoa, beans, enchilada sauce, spices, and 1 cup of the cheese. Fill each pepper with the quinoa mixture.","Pour 1/2 cup water into the bottom of a crockpot. Place the peppers in the crockpot so they’re sitting in the water. Cover and cook on low for 6 hours or high for 3 hours. Remove lid, distribute remaining cheese over the tops of the peppers, and cover again for a few minutes to melt the cheese.","Serve topped with anything you like! These are also great with chips and guacamole, believe it or not."],"url":"https://pinchofyum.com/quinoa-black-bean-crockpot-stuffed-peppers","title":"Quinoa Black Bean Crockpot Stuffed Peppers","description":"These Quinoa Black Bean Crockpot Stuffed Peppers can be made with or without meat – all with simple pantry ingredients! Minimal prep, awesome taste.","image":"https://pinchofyum.com/wp-content/uploads/stuffed-peppers-recipe-1-185x185.jpg","servings":"6 peppers","review":4.9,"prepTime":10,"totalTime":250,"cookTime":240,"nutrition":{"totalFat":9.1,"totalFatDailyValue":14,"cholestrol":14.4,"cholestrolDailyValue":5,"sodium":1255.7,"sodiumDailyValue":52,"carbohydrates":51.2,"carbohydratesDailyValue":17,"sugars":6.9,"protein":21.4,"proteinDailyValue":43,"vitaminA":260,"vitaminADailyValue":17,"vitaminC":154.2,"vitaminCDailyValue":257}}