{"ingredients":["8 rice paper wrappers","a few torn leafy greens like rainbow chard","1 medium cucumber","1 medium bell pepper","2 medium carrots","a handful of fresh mint","a handful of fresh cilantro","1 avocado","crushed peanuts for topping","3 tablespoons canola oil","2 cloves garlic, peeled","2 tablespoons low sodium soy sauce (sub a gluten free tamari if you need to make the recipe GF)","1-2 tablespoons peanut butter","1 tablespoons water","1 tablespoons white distilled vinegar","1 tablespoons honey","a big squeeze of lime juice","a dash of fish sauce"],"directions":["Place the ingredients for the peanut sauce in a food processor or blender. Pulse or blend until smooth.","Slice the cucumber, pepper, and carrots into thin strips about 3 inches long. Slice the avocado into pieces.","Soak one rice paper wrapper at a time into a bowl of warm-ish water for about 30 seconds. When you see or feel the wrapper getting loose and elastic-y, remove it from the water and set it on a damp towel. Pat it dry gently and dry your hands.","Arrange a few of the vegetables and herbs in the center of the wrapper horizontally, starting with the leafy greens and ending with the avocado. Fold the left and right sides towards the middle; fold the top flap over the vegetables, tuck everything in, and tightly roll it all up. The wrapper will be very sticky and delicate so work carefully.","Cut the rolls in half and place on a serving platter (because if you’re like me, they’ll look better when they’re cut in half and you’re looking at the pretty vegetables inside instead of the wrap job). Drizzle with the sauce or dip in the sauce or both! I topped mine with crushed peanuts."],"url":"https://pinchofyum.com/thai-summer-rolls-with-peanut-sauce","title":"Thai Summer Rolls with Peanut Sauce","description":"Thai Summer Rolls with Peanut Sauce – these fresh veggie rolls make for the best easy, healthy, portable lunch! with tons of herbs and a delicious sauce.","image":"https://pinchofyum.com/wp-content/uploads/Thai-Summer-Rolls-Recipe-185x185.jpg","servings":"8 rolls (nutrition is for one roll or two halves)","review":4.8,"prepTime":15,"totalTime":20,"cookTime":5,"nutrition":{"totalFat":10.8,"totalFatDailyValue":17,"cholestrol":0,"cholestrolDailyValue":0,"sodium":275.3,"sodiumDailyValue":11,"carbohydrates":8.4,"carbohydratesDailyValue":3,"sugars":4,"protein":1.8,"proteinDailyValue":4,"vitaminA":153.4,"vitaminADailyValue":10,"vitaminC":23,"vitaminCDailyValue":38}}