{"ingredients":["1 teaspoon olive oil","6 garlic cloves, smashed slightly","1 1/2 pounds flank steak, cut against the grain into 4 pieces","salt and pepper","1 (28 ounce) can crushed tomatoes","1/4 cup reduced sodium beef broth","1 carrot, chopped","2 bay leaves","2 sprigs fresh thyme","16 ounces pappardelle pasta","Parmesan, ricotta, and parsley for topping"],"directions":["In a small skillet, heat the oil over medium high heat. Add the garlic and cook, stirring, until golden and lightly browned, about 2 minutes.","Season the beef with 1 teaspoon salt and pepper to taste. Transfer to a 5- to 6-quart slow cooker. Pour the tomatoes and broth over the beef and add the garlic from step one, carrots, bay leaves, and thyme.","Cover and cook on high for 6 hours or on low for 8 to 10 hours. Discard the herbs and shred the beef in the pot using 2 forks.","Cook the pasta according to package directions. Drain, return to the pot, and add the sauce from the slow cooker. Increase the heat to high and cook, stirring, until the pasta and sauce are combined, about 1 minute.","Divide among 8 bowls and top each with Parmesan, ricotta, and parsley. Serve hot!"],"url":"https://pinchofyum.com/slow-cooker-beef-ragu-with-pappardelle","title":"Slow Cooker Beef Ragu with Pappardelle","description":"Slow Cooker Beef Ragu with Pappardelle – easy comfort food from the new Skinnytaste cookbook!","image":"https://pinchofyum.com/wp-content/uploads/Crockpot-Ragu-Recipe-185x185.jpg","servings":"8","review":4.5,"nutrition":{"totalFat":6,"totalFatDailyValue":9,"cholestrol":51,"cholestrolDailyValue":17,"sodium":239.3,"sodiumDailyValue":10,"carbohydrates":51,"carbohydratesDailyValue":17,"sugars":6,"protein":27.5,"proteinDailyValue":55,"vitaminA":86.1,"vitaminADailyValue":6,"vitaminC":10,"vitaminCDailyValue":17}}