{"ingredients":["2 cups cashews","1 1/4 cup water or broth","1-2 cloves garlic","1 teaspoon salt"],"directions":["Place cashews in a bowl. Cover with water and soak for about 2 hours. Drain and rinse thoroughly.","Place soaked cashews in the bowl of a food processor or blender with the water, garlic, and salt. Puree until very, very smooth. Thin out with more water to desired consistency. Store in fridge for 3-4 days or freeze."],"url":"https://pinchofyum.com/five-minute-cashew-sauce","title":"Five Minute Cashew Sauce","description":"Cashew Sauce! Just four easy ingredients: cashews, garlic, salt, and water! Perfect base sauce recipe for pasta, dips, or cheesy sauce alternatives. Vegan.","image":"https://pinchofyum.com/wp-content/uploads/Cashew-Sauce-Recipe-185x185.jpg","servings":"makes about 2 cups","review":4.6,"prepTime":15,"totalTime":20,"cookTime":5,"nutrition":{"totalFat":12.5,"totalFatDailyValue":19,"cholestrol":0,"cholestrolDailyValue":0,"sodium":295.6,"sodiumDailyValue":12,"carbohydrates":8.7,"carbohydratesDailyValue":3,"sugars":1.7,"protein":5.2,"proteinDailyValue":10,"vitaminA":0,"vitaminADailyValue":0,"vitaminC":0.3,"vitaminCDailyValue":0}}