{"ingredients":["4 large boneless, skinless chicken breasts","2 green bell peppers","1 large yellow onion","1 jalapeno","1 can diced green chiles (optional)","1.5 tablespoons butter","2 14-ounce cans white beans, rinsed and drained","3.5 cups chicken or vegetable broth","1 teaspoon chili powder","¼ teaspoon cayenne pepper","salt to taste","¼ cup cornmeal","¼ cup milk"],"directions":["Bring a large pot of water to boil. Add the chicken breasts and cook for 30 minutes or until cooked through and no pink remains. Drain water; allow chicken to cool. When cool, shred with two forks and set aside.","Combine the cornmeal and milk in a small bowl and allow mixture to rest as you prepare the soup (the cornmeal will soak up the milk which helps it soften).","Finely dice the bell peppers, onion, and jalapeno. Melt the butter in a large pot over medium high heat. Add the peppers and onions and sauté until soft, about 8-10 minutes.","Add the beans, chicken, broth, and spices to the pot. Stir to combine and bring to a low boil. Cover and simmer for 20-30 minutes.","Add the cornmeal and milk mixture. Simmer for another 10 minutes, stirring occasionally to prevent burning on the bottom of the pan. Remove from heat and let stand for 10 minutes to thicken.","Top with sour cream, cilantro, and tortilla chips."],"url":"https://pinchofyum.com/white-chicken-chili","title":"White Chicken Chili","description":"This white chicken chili has chicken, white beans, and a flavorful creamy cornmeal base. So easy to make and delicious served with tortilla chips!","image":"https://pinchofyum.com/wp-content/uploads/2012/10/untitled-191-183x183.jpg","servings":"5","review":5,"prepTime":30,"totalTime":60,"cookTime":30,"nutrition":{"totalFat":20.2,"totalFatDailyValue":31,"cholestrol":103.3,"cholestrolDailyValue":34,"sodium":1154.5,"sodiumDailyValue":48,"carbohydrates":26.9,"carbohydratesDailyValue":9,"sugars":4.8,"protein":40.7,"proteinDailyValue":81,"vitaminA":95.7,"vitaminADailyValue":6,"vitaminC":53.1,"vitaminCDailyValue":88}}