{"ingredients":["2 cups brown sugar","1 cup canned pumpkin puree","4 eggs","1 cup flour","1/2 teaspoon baking soda","1 teaspoon baking powder","1 teaspoon cinnamon","1 teaspoon nutmeg","1 teaspoon ground ginger","1/2 cup melted butter","1/2 cup firm butter","1 cup brown sugar","1/4 cup milk","1 3/4 cup powdered sugar"],"directions":["Mix together bar ingredients (brown sugar through melted butter), adding melted butter last. Pour into a 10 1/2 by 16 inch pan. Bake at 350 until the cake springs back when lightly touched, about 40 minutes.","For the frosting, boil the butter and brown sugar for two minutes. Add the milk. Bring it to a boil again and add powdered sugar. Whisk until smooth and pour over cooled cake immediately. Frosting will set very fast, so just pour it over the cake evenly to avoid having to spread with a spatula."],"url":"https://pinchofyum.com/pumpkin-bars-with-old-fashioned-caramel-frosting","title":"Pumpkin Bars with Old-Fashioned Caramel Frosting","description":"These pumpkin bars are moist and so addicting when topped with this old-fashioned caramel frosting. Always a crowd-pleaser!","image":"https://pinchofyum.com/wp-content/uploads/pumpkin-bars-185x185.jpg","servings":"20","review":5,"prepTime":15,"totalTime":65,"cookTime":50,"nutrition":{"totalFat":7.1,"totalFatDailyValue":11,"cholestrol":54.5,"cholestrolDailyValue":18,"sodium":97.8,"sodiumDailyValue":4,"carbohydrates":36.4,"carbohydratesDailyValue":12,"sugars":30.1,"protein":2.3,"proteinDailyValue":5,"vitaminA":104.3,"vitaminADailyValue":7,"vitaminC":0.6,"vitaminCDailyValue":1}}