{"ingredients":["1 cup uncooked lentils, rinsed","1/2 cup bulgur","2 1/2 cups water or vegetable broth","1/4 cup green curry paste","3/4 teaspoon turmeric","1 tablespoons tomato paste","1 1/2 tablespoons butter","2 cloves garlic, minced","2 teaspoons garam masala","1 teaspoon sea salt","1/2 cup coconut milk","1 teaspoon fresh ginger, peeled and minced","2 cups fresh spinach, stems removed","Greek yogurt for topping"],"directions":["Place lentils, bulgur, 2 cups water, curry paste, and turmeric in a medium saucepan. Bring to a boil and simmer for 15-20 minutes or until lentils are mostly cooked. Add the remaining 1/2 cup water during cook time if lentils and bulgur have absorbed all the water. You want to cook it until there is no liquid remaining. Turn the heat to medium or low, if it’s not already.","Keeping the saucepan on the heat, stir in the tomato paste. Mixture should thicken slightly. Add butter, garlic, and garam masala; stir to combine until butter is melted. Add coconut milk and simmer for another 5-10 minutes or until thick and creamy.","Remove from heat and stir in ginger and spinach until barely wilted. You can also serve this with fresh spinach, adding it just before serving."],"url":"https://pinchofyum.com/coconut-green-curry-lentils","title":"Coconut Green Curry Lentils","description":"These easy coconut green curry lentils are so delicious and so healthy! Loaded with spices, coconut milk, spinach, and lentils.","image":"https://pinchofyum.com/wp-content/uploads/green-curry-lentils-185x185.jpg","servings":"4","review":4.7,"prepTime":5,"totalTime":35,"cookTime":30,"nutrition":{"totalFat":12.9,"totalFatDailyValue":20,"cholestrol":11.4,"cholestrolDailyValue":4,"sodium":1051.9,"sodiumDailyValue":44,"carbohydrates":26.1,"carbohydratesDailyValue":9,"sugars":2.6,"protein":6.6,"proteinDailyValue":13,"vitaminA":126.8,"vitaminADailyValue":8,"vitaminC":10.2,"vitaminCDailyValue":17}}