{"ingredients":["1 stick butter, melted","1 cup sour cream","1 box Jiffy corn bread mix","1 can regular corn, undrained","1 can creamed corn","1 beaten egg","toppings: bacon, scallions, and/or French fried onions"],"directions":["Blend together melted butter, sour cream, and egg.","Stir in corn bread mix and both corns. Mix well and pour into greased 2 quart casserole.","Bake at 350 for 35 minutes. Sprinkle on toppings and continue baking for 10 more minutes (unless using scallions – sprinkle those after removing from oven). Corn is done when the middle is set."],"url":"https://pinchofyum.com/creamy-baked-corn","title":"Creamy Baked Corn","description":"This creamy baked corn has just 6 ingredients and is the perfect side dish for a group get-together. Everyone loves it – so good!","image":"https://pinchofyum.com/wp-content/uploads/Creamy-Baked-Corn-185x185.jpeg","servings":"10","review":4.8,"prepTime":10,"totalTime":45,"cookTime":35,"nutrition":{"totalFat":12.9,"totalFatDailyValue":20,"cholestrol":44.5,"cholestrolDailyValue":15,"sodium":347.8,"sodiumDailyValue":14,"carbohydrates":24.7,"carbohydratesDailyValue":8,"sugars":1.3,"protein":4.8,"proteinDailyValue":10,"vitaminA":91.2,"vitaminADailyValue":6,"vitaminC":1.7,"vitaminCDailyValue":3}}